article_number,score,keyword1,keyword2,keyword3,keyword4,keyword5,message,model,temperature,max_tokens,top_p,frequency_penalty,presence_penalty,response
606213,4,보람상조, 플랫폼 기업, 비즈마켓, 보람라이프플랜, 업무협약,"다음 뉴스 기사를  3문장으로 요약해, 총 답변의 길이는 150자 이내로 제한한다. + content",gpt-3.5-turbo-16k,1,,1,2,0,보람상조플러스가 플랫폼 기업과 협약하여 상품 판매채널을 확장하고 보람라이프플랜 상품을 비즈마켓에서 판매하며 소비자들에게 더 많은 경험과 만족감을 제공하기 위해 노력한다. 이번 협약은 보람상조의 다양한 제휴 비즈니스를 촉진할 것으로 전망된다.
606202,2,금융위원회, 김주현 위원장, 취약계층, 규제개선, 자금지원,"다음 뉴스 기사를  3문장으로 요약해, 총 답변의 길이는 150자 이내로 제한한다. + content",gpt-3.5-turbo-16k,1,,1,2,0,김주현 금융위원회 위원장은 1주년을 맞아 경제 안정과 금융 산업 혁신에 초점을 두고 제도 개선에 나서겠다고 강조했다. 그는 부실기업 정상화와 선제적 채무조정 정책서민금융 공급규모 확대 등 다양한 방안을 내놓았으며 해외진출 관련 규제개선과 합작 기업 자금 모집 지원 등의 계획도 발표하였다. 또한 디지털 뱅크런을 비롯한 금융시스템 유동성 대응체계 개선 및 범죄 행위 척결에 대한 후속조치를 약속하였다.
606159,2,롯데카드, 횡령사고, 협력업체, 통제 부실, 100억원,"다음 뉴스 기사를  3문장으로 요약해, 총 답변의 길이는 150자 이내로 제한한다. + content",gpt-3.5-turbo-16k,1,,1,2,0,롯데카드 일부 직원이 용역업체로부터 금품을 수취한 것으로 알려져 내부 통제 부실 논란이 제기되고 있다. 조사가 진행 중인 만큼 구체적인 내용은 아직 못 밝혔으나 롯데카드 임원들의 책임은 불분명하다. 현재 롯데카드는 사실관계 파악을 위해 감사를 진행중이며 결과에 따라 대응할 예정이다.
606138,3,OK금융그룹, 최윤 회장, 항저우 아시안게임, 선수단 단장, 스포츠 지원,"다음 뉴스 기사를  3문장으로 요약해, 총 답변의 길이는 150자 이내로 제한한다. + content",gpt-3.5-turbo-16k,1,,1,2,0,OK금융그룹 회장 최윤이 '제19회 항저우 아시안게임' 대한민국 국가대표 선수단 단장으로 선임되었다. 최윤은 재외동포 출신으로서는 역사상 처음인 이번 단장 포지션에 감사와 책임감을 표명하며 스포츠 발전을 위해 최선의 지원을 약속했다. 그는 또 한민족 대축제로 만들기 위해 재외동포 네트워크의 참여와 협력과 750만 재외동포 5200만 국민이 하나 되도록 노력할 것이라고 밝혔다.
606141,3,새마을금고, 출자 특혜, 사모펀드, 류 대표, 검찰 조사,"다음 뉴스 기사를  3문장으로 요약해, 총 답변의 길이는 150자 이내로 제한한다. + content",gpt-3.5-turbo-16k,1,,1,2,0,새마을금고중앙회 사모펀드 출자 비위 수사 속도를 내고 있다. 검찰은 새마을금고 '윗선'까지 조사 중이며 대표이사의 신병 발부받아 체포됐다. 이는 새마을급에 연루된 특정 자산운용사에 펀드 출자 특혜 의혹과 관련된 것으로 알려졌다.
606098,1,보험사, 자회사 설립, 노조 리스크, 판매실적, 자금회수,"다음 뉴스 기사를  3문장으로 요약해, 총 답변의 길이는 150자 이내로 제한한다. + content",gpt-3.5-turbo-16k,1,,1,2,0,국내 보험사들이 자회사(GA) 설립에 본격적으로 뛰어들고 있는데 한화생명과 미래에셋생명의 GA가 흑자전환을 성공하면서 분위기는 상승하고 있다. 리스크와 단기간 회수 어려움 등이 있지만 판매 채널 다변화와 비용 효율성 제고를 위해 보험사들은 자체 GA설립을 선택하기도 한다. 하지만 설계사 수수료 부담과 시장 내 통제력 악화 문제 등의 약점도 있다.
606112,3,BC카드, 인도네시아, 그린카드 플랫폼, 자카르타주정부은행, 스마트시티,"다음 뉴스 기사를  3문장으로 요약해, 총 답변의 길이는 150자 이내로 제한한다. + content",gpt-3.5-turbo-16k,1,,1,2,0,BC카드는 자카르타 주정부은행과 그린카드 플랫폼 업무협약을 체결하였다. 이를 통해 환경부의 그린시티 강화에 기여할 가능성이 높아지고 Bank DKI와 함께 매입 시스템 구축 계약도 체결되었다. BC카드는 인도네시아 내 'K-금융' 세일즈와 현지화에 앞장서며 인도네시아 27개 지방정부은
606099,0,현대캐피탈 , 자동차 특화, 자동차 금융상품, 추천 서비스, 차량 개인화 추천,"다음 뉴스 기사를  3문장으로 요약해, 총 답변의 길이는 150자 이내로 제한한다. + content",gpt-3.5-turbo-16k,1,,1,2,0,현대캐피탈은 애플리케이션을 전면 개편해 사용자 경험을 향상시켰다. 새로운 앱은 자동차 탐색 가능성에 초점을 맞추고 각 차량에 맞는 금융 상품 추천과 고객 맞춤형 서비스를 제공한다. 또한 사용자의 관심사와 데이터를 활용하여 신차를 개인화 추천하는 기능도 추가되었다.
606074,4,캠페인, 하나은행, 신한은행, KB국민은행, 메타버스 클래스 사업,"다음 뉴스 기사를  3문장으로 요약해, 총 답변의 길이는 150자 이내로 제한한다. + content",gpt-3.5-turbo-16k,1,,1,2,0,하나은행 메타버스 클래스 사업 업무협약 체결. 신한은행 신한프렌즈 티셔츠 커스터마이징 콘테스트 개최. KB국민은행 출석 체크하고 우산 선물하기 캠페인 진행.
606050,3,보람 그룹, 최철홍 회장, 경영대상, 상조 업계, 상조서비스,"다음 뉴스 기사를  3문장으로 요약해, 총 답변의 길이는 150자 이내로 제한한다. + content",gpt-3.5-turbo-16k,1,,1,2,0,보람그룹의 최철홍 회장이 2년 연속 '한국의 최고 경영대상' 리더십부문 대상을 받았다. 이는 혁신과 사회적 책임으로 국가경제에 기여한 기업과 경영자를 선정하는 시상식에서 수여되는 상이다. 보람그룹은 고객 중심 경영을 통해 상조서비스 분야에서 높은 평가를 받으며 다양한 서비스 영역에서도 성공적인 사업을 전개하고 있다.
606009,2,새마을금고, 행정안전부, 지급 보호, 새마을 금고법, 담보대출 부실,"다음 뉴스 기사를  3문장으로 요약해, 총 답변의 길이는 150자 이내로 제한한다. + content",gpt-3.5-turbo-16k,1,,1,2,0,새마을금고 위기에 행정안전부가 개입하며 안정성 보장 및 합병 조치를 취한다. 전체 대출금의 6.18%에 해당하는 약 12조1600억원이 연체되어 역대 최고 수준임을 확인했다. 예·적금부터 담보대출까지 포함한 고객 자산은 상환준비금과 인수합병 등으로 안전 보호될 것이라 설명했다.
605994,2,DB손해보험, 집중호우, 침수예방, 비상대응팀, 데이터 분석,"다음 뉴스 기사를  3문장으로 요약해, 총 답변의 길이는 150자 이내로 제한한다. + content",gpt-3.5-turbo-16k,1,,1,2,0,침수손해 예방을 위한 비상대응팀 운영하는 DB손해보험 침수사고 대응과 보상처리에 신속하게 대응한다. 지역별 상습 침수지역 파악하여 예방활동 강화 및 사전 준비를 진행한다. 출동서비스 급증 시 비상캠프 운영으로 대비하며 고객만족도 개선을 기대한다.
605988,2,금융위원회, 강화된 감독기준, D-SIB, D-SIFI, 자체정상화계획,"다음 뉴스 기사를  3문장으로 요약해, 총 답변의 길이는 150자 이내로 제한한다. + content",gpt-3.5-turbo-16k,1,,1,2,0,서울정부청사 금융위원회는 KB금융지주 등 10개 은행·은행지주회사를 중요 금융기관으로 선정하고 추가자본 적립의무 등을 강화한 감독기준을 적용할 것이라고 발표했다. 이들 금융사는 내년 중 1% 추가자본적립 의무와 자체정상화계 획 제출에도 착수해야 한다.KB금 육 지 주 와 신 한 금 육 지 주 가 최저 기준인 6%보다 높은 자 탄 운 줌과 함 께 서울 정 부 청 사 가 D-SIB(국내 시 스 핑 업) 및 D- SI FI(교환성 심각한 순자 침)로 상 선 됫 다. 다음 해부터 높아 짝 검 수 있 게 요구 되며 조치 생성 계 획 제출 동시 초 관 개 여거 있 겟 된 듯 하다
605958,4,금융감독원, 감사보고서, 재무제표, 회계투명성, 감사의견 변경,"다음 뉴스 기사를  3문장으로 요약해, 총 답변의 길이는 150자 이내로 제한한다. + content",gpt-3.5-turbo-16k,1,,1,2,0,금융감독원에 따르면 국내 주식시장에서 상장된 131개사가 지난해 감사보고서를 정정한 것으로 알려졌다. 회계투명성을 강화해야 한다는 목소리가 나왔으며 정정 사항은 주로 재무제표와 주석에 관한 내용이었다. 금감원은 감사보고서의 정확성을 향상시켜 정보 이용자들이 더욱 신뢰할 수 있도록 노력할 예정이라고 밝혔다.
605916,0,금융감독원, 임원 성과급, 금융 당국, 자율 공개, 금융회사지배구조법,"다음 뉴스 기사를  3문장으로 요약해, 총 답변의 길이는 150자 이내로 제한한다. + content",gpt-3.5-turbo-16k,1,,1,2,0,은행 임직원의 성과보수체계가 공개되며 기존에는 3년 동안 지급되던 성과급이 5년 동안 나눠 지급될 수 있도록 개선된다. 주주총회에서 보수지급계획을 설명하고 개별재원의 보수지급액 공시도 강화할 예정이다. 또한 은행 경영현황 자율공개를 통해 일반 직원의 성과급 및 배당을 구체적으로 공개할 예정이다.
605907,1,OK배정장학재단, 11기 배정장학생, 장학금, 대학생, 대학원생,"다음 뉴스 기사를  3문장으로 요약해, 총 답변의 길이는 150자 이내로 제한한다. + content",gpt-3.5-turbo-16k,1,,1,2,0,OK배정장학재단은 '11기 OK배정장학생'을 모집한다. 재능이 우수한 대학(원)생에게 졸업까지 매월 최대 200만원 지원하며 등록금 전액을 해결한 학생들이 지원할 수 있다. 접수는 오는 24일까지 가능하며 추가 전형과 면접 과정을 걸쳐 최종 합격자가 발표될 예정이다. 장학재단은 다양한 프로그램으로 글로벌 리더로 성장할 수 있도록 도와줄 계획이다.
605885,3,새 시중은행, 금융당국, 대구은행, 지방은행, 중소기업대출비율,"다음 뉴스 기사를  3문장으로 요약해, 총 답변의 길이는 150자 이내로 제한한다. + content",gpt-3.5-turbo-16k,1,,1,2,0,금융당국은 은행권 경쟁을 촉진하기 위해 지방은행의 시중은행 전환을 적극 허용한다고 발표하였다. 대구은행이 시중은행 전환에 관심을 표명한 상황이며 금융당국도 긍정적인 평가를 내놓고 있다. 이로 인해 약 30년 만에 새로운 플레이어가 시중은행으로 진입할 예정이다.
605826,5,우리은행, KB국민은행, 신한은행, 원금상환 지원, 외화 관련 이벤트,"다음 뉴스 기사를  3문장으로 요약해, 총 답변의 길이는 150자 이내로 제한한다. + content",gpt-3.5-turbo-16k,1,,1,2,0,우리은행이 연체고객 대상 원금상환 지원 프로그램을 실시한다. 지원대상은 연체 중인 우리은행 대출이며 연체 이자를 납부한 금액만큼 원금을 자동 상환해준다. KB국민은행과 신한은행도 외화 관련 이벤트를 진행하며 KB는 환전 신청자에게 스타벅스 쿠폰을 제공하고 신한은 외화 예·적금 가입 고객에게 모두 투어 할인쿠폰을 제공한다. (149자)
605822,2,동양생명, 보험계약대출, 금리 인하, 금리 확정형 상품, 이자 상환 부담,"다음 뉴스 기사를  3문장으로 요약해, 총 답변의 길이는 150자 이내로 제한한다. + content",gpt-3.5-turbo-16k,1,,1,2,0,동양생명은 보험계약대출 이자 부담을 덜기 위해 최고금리를 5.95%로 인하했다. 이러한 혜택은 기존과 신규 고객 모두에게 적용되며 예정이율 이자만 부담하면 되고 가산금리는 적용되지 않는다. 동양생명 관계자는 고객들의 이자부담 완화를 위해 최선을 다할 것이라고 밝혔다.
605808,4,금융감독원, 이권 카르텔, 워크숍, 반부패, 이복현 금감원장,"다음 뉴스 기사를  3문장으로 요약해, 총 답변의 길이는 150자 이내로 제한한다. + content",gpt-3.5-turbo-16k,1,,1,2,0,금융감독원장 이복현은 최근 이권 카르텔 문제에 대해 원칙 중심의 감독·검사 역할을 강조하며 반부패 의지를 고취하기 위해 반부패·청렴 워크숍을 개최했다. 국민권익위원회도 금감원 고위직 대상으로 반부패·청렴교육을 실시하였고 워크숍에서는 전체 참석자들이 '반부패·청렴 다짐'을 외치며 마무리되었다.
605803,2,한화생명, ESG경영, 지배구조 선진화, 탄소중립, 사회 공헌,"다음 뉴스 기사를  3문장으로 요약해, 총 답변의 길이는 150자 이내로 제한한다. + content",gpt-3.5-turbo-16k,1,,1,2,0,한화생명은 '2023 지속가능경영보고서'를 발간했는데 이 보고서에는 환경 사회 지배구조 성과와 향후 계획이 담겨 있다. 한화생명의 목표는 '지속가능한 내일을 위한 그린라이프 2030'인데 종이 사용량 감소와 온실가스 배출량 공개 등 환경 경영에서도 실천하는 것을 소개하며 ESG요인까지 투자 결정에 고려하고 있다. 또한 사회적 가치 구현과 여러 제도 개선으로 지배구조 선진화를 추진하고 있는 것으로 알려졌다.
605775,3,손해보험 사회공헌협의회, 집중호우, 관악구, 침수방지 시설, 사회공헌사업,"다음 뉴스 기사를  3문장으로 요약해, 총 답변의 길이는 150자 이내로 제한한다. + content",gpt-3.5-turbo-16k,1,,1,2,0,손해보험 사회공헌협의회는 장마 및 집중호우에 대비하기 위해 3년간 30억원 규모의 물막이판과 역류방지시설 설치를 지원하는 사업을 시작한다고 발표하였다. 이번 사업은 침수취약지역 주민과 복지기관 등을 대상으로 한다. 현재는 관악구 소재 사회복지기관에 물막이판 설치가 시작되어 추후 반지하주택 및 일반주택까지 확대할 계획이다.
605770,3,보이스피싱, 일괄지급정지, 금융당국, 오프라인 채널, 디지털 소외계층,"다음 뉴스 기사를  3문장으로 요약해, 총 답변의 길이는 150자 이내로 제한한다. + content",gpt-3.5-turbo-16k,1,,1,2,0,일괄지급정지 서비스가 디지털 소외계층을 위해 영업점과 고객센터로 확대되며 보이스피싱 피해자는 본인명의 계좌를 지급정지할 수 있게 됐다. 이를 통해 금융소비자는 즉시 제한 신청 및 해제도 가능하며 이로 인한 금융사기 예방에 도움이 될 것으로 기대된다고 한다. 금융당국은 불편사항 발생 시 개선하는 계획이라고 전했다.
605762,3,공정위, 국고채 담합, 시중은행, 윤석열 대통령, 금융분야 과점폐,"다음 뉴스 기사를  3문장으로 요약해, 총 답변의 길이는 150자 이내로 제한한다. + content",gpt-3.5-turbo-16k,1,,1,2,0,공정거래위원회(공정위)가 시중은행과 증권사를 대상으로 국고채 입찰 담합 여부에 대한 조사에 착수했다. 이번 조사는 국고채 입찰과정에서 부당한 정보 교환 또는 담합을 했는지 확인하기 위함이다. 과거 금융 분야 과점폐해를 언급하던 윤석열 대통령의 발언을 계기로 해당 분야의 조사가 확대되었다.
605729,3,한국은행, 김웅 부총재보, 소비자물가 상승률, 근원물가,  통계청,"다음 뉴스 기사를  3문장으로 요약해, 총 답변의 길이는 150자 이내로 제한한다. + content",gpt-3.5-turbo-16k,1,,1,2,0,한국은행이 소비자물가 상승률이 2%대로 둔화하였으나 향후 다시 높아질 것으로 예상되며 근원물가 상승률도 이전 전망치를 약간상회할 수 있다고 밝혔다. 이는 국제유가 추이 경기 흐름 공공요금 조정 등과 관련해 불확실성이 많은 상황에서의 분석 결과다. 따라서 연말까지 소비자물가는 3% 안팎에서 등락할 것으로 전망된다.
605717,4,SC제일은행, 투자전략 보고서, C.A.L.M, 포트폴리오, 주식 투자,"다음 뉴스 기사를  3문장으로 요약해, 총 답변의 길이는 150자 이내로 제한한다. + content",gpt-3.5-turbo-16k,1,,1,2,0,SC제일은행이 '2023년 하반기 글로벌 금융시장 전망 및 투자전략 보고서'를 발표했다. 상반기에는 단기간 투자심리 위축과 경제 불안정성이 있었지만 하반기에는 주식시장의 강세가 지속될 것으로 예상되며 안정적인 포트폴리오 다각화와 균형 잡힌 투자가 중요하다. 이에 SC제일은행은 C.A.L.M(Keep CALM and carry on) 전략을 제시하여 안정적인 성과를 얻길 바라고 있다.
605692,1,금융감독원, DB생명, 상표권료, 경영유의, 지주사 몰아주기,"다음 뉴스 기사를  3문장으로 요약해, 총 답변의 길이는 150자 이내로 제한한다. + content",gpt-3.5-turbo-16k,1,,1,2,0,DB생명은 지주사 DB Inc에 과도한 상표권 사용료를 지급하여 '지주사 몰아주기' 논란에 휩싸였다. 이와 유사하게 DB손해보험도 상표권 사용료를 지불함으로써 금융당국의 비판을 받았고 경영유의 조치를 받았다. 이러한 사례로 인해 DB그룹 내에서는 비합리적인 방식으로 상표 권리료가 산정된 것이 문제로 제기되었다.
605699,4,우리금융캐피탈, 정연기 대표이사, 취임식, 사업다각화, 선제적 리스크 관리,"다음 뉴스 기사를  3문장으로 요약해, 총 답변의 길이는 150자 이내로 제한한다. + content",gpt-3.5-turbo-16k,1,,1,2,0,우리금융캐피탈은 정연기 대표이사의 취임식을 개최하였다. 정 대표는 2023년 경영목표 달성과 사업다각화 및 선제적 리스크관리를 강조하며 시장에서 초우량 캐피탈사로 도약하기 위한 노력을 다짐하였다. 그는 이전에 우리은행에서 다양한 역할을 맡으며 중장기 전략 수립에 있어서도 평가받고 있는 최적임자로 알려져 있다.
605653,3,진옥동 회장, 신한 금융, 내부통제 책무구조도, 신한컬쳐위크, 견제와 검증,"다음 뉴스 기사를  3문장으로 요약해, 총 답변의 길이는 150자 이내로 제한한다. + content",gpt-3.5-turbo-16k,1,,1,2,0,신한금융그룹 진옥동 회장은 내부통제 책무구조도를 조기에 도입할 예정이라 밝혔다. 이는 그룹의 지속적인 성장을 위해 업무 과정을 정당화하고 내부 견제와 검증을 강화하기 위함이다. 진 회장은 투자상품 사태를 반성하며 일류 신한으로 발전하기 위해 한 단계 높은 내부 통제 기반에서 고객과 사회로부터 인정받으려고 당부했다.
605634,1,우리은행, 조병규 우리은행장, 기업 금융, 조직개편, 현장경영,"다음 뉴스 기사를  3문장으로 요약해, 총 답변의 길이는 150자 이내로 제한한다. + content",gpt-3.5-turbo-16k,1,,1,2,0,우리은행의 신임 은행장 조병규가 공식 취임한 뒤 영업 중심의 조직 개편을 예고하였다. 조 은행장은 인사와 조직문화에 대해 임종룡 회장과 같은 방식으로 생각한다며 열심히 일하는 직원들이 인정받고 성과를 돌아갈 수 있도록 하겠다는 강조하였으며 '기업금융'을 우리은행 역량으로 강화할 것을 표명하였다. 이에 따라 오는 4일 첫 활동으로 인천 지역 영업점을 방문할 예정이다.
605628,2,카카오뱅크, 주택담보대출, 이자 절감, 중도상환해약금 면제, 낮은 금리,"다음 뉴스 기사를  3문장으로 요약해, 총 답변의 길이는 150자 이내로 제한한다. + content",gpt-3.5-turbo-16k,1,,1,2,0,카카오뱅크 주택담보대출 대환으로 고객들은 개인당 평균 321만원의 이자를 절감할 수 있었다. 카카오뱅크는 최대 0.6%p 금리 할인을 제공하며 전체 주택담보대출 신규 중 대환 고객 비중이 크게 증가하였다. 또한 카카오뱅크 주거론 상품에 참여한 만큼 상응하는 금액을 추첨하여 경품 혜택도 제공한다고 밝혔다.
605610,1,은행권 연체율, 금융감독원, 기업 연체율, 추세 유지, 가계대출 연체율,"다음 뉴스 기사를  3문장으로 요약해, 총 답변의 길이는 150자 이내로 제한한다. + content",gpt-3.5-turbo-16k,1,,1,2,0,국내 은행 연체율이 지난 4월말에는 0.37%로 최고 수준을 기록하였으며 특히 기업대출과 가계대출 연체율이 상승세를 보였다. 금감원은 경제상황 등을 고려해 현재 추세가 유지될 수 있다고 밝혔다. 이에 따라 건전성 관리와 손실흡수능력 확충이 필요하다는 점을 강조하였다.
605603,4,해외여행, 신용카드, 비현금 결제, 여행지, 엔데믹,"다음 뉴스 기사를  3문장으로 요약해, 총 답변의 길이는 150자 이내로 제한한다. + content",gpt-3.5-turbo-16k,1,,1,2,0,코로나19 팬데믹으로 억압된 해외여행 수요가 증가하며 신용카드와 모바일 페이 등 비현금 결제 방식이 대세로 떠올랐다. 응답자 중 55.1%는 1년 이내에 해외여행을 계획중이고 신용카드를 사용할 예정인 사람은 77.7%였다. 일본(26.7%)과 호주(12.9%)가 가장 선호하는 여행지로 조사되었다.
605589,2,보험시장, 마케팅, 프로모션, 보험 출시, 입지 확보,"다음 뉴스 기사를  3문장으로 요약해, 총 답변의 길이는 150자 이내로 제한한다. + content",gpt-3.5-turbo-16k,1,,1,2,0,"""보험사는 치열한 경쟁으로 풍부한 수요가 있는 보험 시장에서 입지 확보를 위해 다양한 상품과 프로모션을 출시하고 있다.""""NH농협생명은 신상품인 병원비든든NH의료비보장보험 369뉴테크NH암보험 하나로든든NH연금보혐을 출시하여 고객들에게 다양한 선택지를 제공한다.""""동양생명은 유볅자 맞춤형인 종합간디내가만드는 보장이라는 신상간단낸터이아듀해서 여성 건강에 특화된 생애탬류이다."""
605520,3,새마을금고, 대출 연체율, 비은행권 금융기관, 저신용자, 부실 리스크,"다음 뉴스 기사를  3문장으로 요약해, 총 답변의 길이는 150자 이내로 제한한다. + content",gpt-3.5-turbo-16k,1,,1,2,0,새마을금고 등 금융기관이 대출 연체율 상승으로 인한 부실 문제로 대출 문턱을 높이고 있으나 이로 인해 저신용자들은 불법 사금융으로 이동하게 됐다. 새마을급협의 연체율은 1분기 기준 5.34%로 지난해와 비교했을 때 폭증하였고 다른 긴축면에서도 총대여액과 고무전임직원 수를 하락시켰다. 그러나 비교되는 음성화가 발생함에 따라 범위 및 획달적인 크리트니까지 접근할 용비가 매우 중요할 것이며 소환된 싸늘되이 클래스저장소 업계는 각젯량 같던 아랍개학사결 이외 별반겪음 받아 볼 만큼 관함척 닫혀있다 팔수록 조력장치의 법운릿셋 맥없어내갛 내렛진 종료하는 첫 번째 잇딩개조서 되돌려주자
605496,5,KB국민은행, IBK기업은행, NH농협은행, 사회공헌백서, 이벤트,"다음 뉴스 기사를  3문장으로 요약해, 총 답변의 길이는 150자 이내로 제한한다. + content",gpt-3.5-turbo-16k,1,,1,2,0,KB국민은행이 '2022 KB국민은행 사회공헌백서'를 발간했다. NH농협은행은 11번가 할인쿠폰 이벤트를 IBK기업은행은 청년 대상으로 금융바우처 제공 이벤트를 실시한다.
605490,2,금융위원회, 이윤수 자본시장국장, 신임 FIU 원장, 행정고시, 금융정보분석원장,"다음 뉴스 기사를  3문장으로 요약해, 총 답변의 길이는 150자 이내로 제한한다. + content",gpt-3.5-turbo-16k,1,,1,2,0,금융위원회의 이윤수 자본시장국장이 금융정보분석원(FIU) 원장으로 임명되었다. 그는 서울대와 플로리다대를 졸업한 뒤 공직에 입문하였으며 금융시장 분석과정을 비롯해 다양한 경험을 갖고 있다. 이 신임 원장은 금융 분야에서 최고 전문가로 평가받고 있다. [Total: 132 characters]
605461,0,주택담보대출, 신용대출, 금리 상승, 가계대출, 한국은행,"다음 뉴스 기사를  3문장으로 요약해, 총 답변의 길이는 150자 이내로 제한한다. + content",gpt-3.5-turbo-16k,1,,1,2,0,한국은행 기준금리 동결에도 불구하고 은행권 대출·예금 금리가 상승하는 추세다. 지난달 예금은행 저축성 수신평균금리는 0.13%p 상승한 연 3.56%를 기록하며 오름세를 보였다. 특히 대출 금리도 약 6개월 만에 반등하여 가계 및 기업대출 모두 증가한 것으로 나타났다.
605460,2,삼정화재, 애니핏 플러스, 유튜브 채널, 광고, 건강관리,"다음 뉴스 기사를  3문장으로 요약해, 총 답변의 길이는 150자 이내로 제한한다. + content",gpt-3.5-turbo-16k,1,,1,2,0,삼성화재는 '애니핏 플러스' 출시 1주년을 맞아 신규 영상 광고를 공개했다. 이번 광고에서는 앱의 핵심 기능인 발병 위험 예측 분석 걷기 챌린지 영양제 추천 서비스를 소개하며 건강관리에 도움을 주려고 한다. 애플리케이션의 다양한 기능들을 짧은 영상으로 보여줬다.(149자)
605454,1,KDB생명 매각 본입, 우리금융지주, 하나금융지주, 산업은행, 매각에 성공,"다음 뉴스 기사를  3문장으로 요약해, 총 답변의 길이는 150자 이내로 제한한다. + content",gpt-3.5-turbo-16k,1,,1,2,0,KDB산업은행은 KDB생명 매각의 본입찰을 7월로 연기하고 이는 입찰에 참여할 투자자를 늘리기 위한 조치라고 분석된다. KDB생명 매각은 다섯 번째 시도로 산업은행이 지난 10년간 네 차례에 걸쳐 실패한 것으로 알려져 있다. 이번 입찰에는 사모펀드와 금융사들의 참여 의지가 있는 것으로 보인다. 판매 대상인 KDB생명 지분 92.7%의 예상 가격은 2000억원대다.
605443,1,임종룡 회장, 우리금융그룹, 소통, 인사제도 개선, 영업중심 문화,"다음 뉴스 기사를  3문장으로 요약해, 총 답변의 길이는 150자 이내로 제한한다. + content",gpt-3.5-turbo-16k,1,,1,2,0,우리금융그룹 회장 임종룡이 취임 100일을 맞아 직원들에게 편지를 보냈다. 이번 편지에서는 소통을 위해 포털 '우리소통광장'에 1대1 소통 창구가 마련될 예정이라고 밝혔다. 또한 내부 제도 개선과 비은행 포트폴리오 비중 확대를 목적으로 한다고 언급하며 영업 중심의 인사권을 약속하였다.
605442,1,보험사기방지법, 금융감독원, 특별법, 윤창현 의원실, 보험료 절감,"다음 뉴스 기사를  3문장으로 요약해, 총 답변의 길이는 150자 이내로 제한한다. + content",gpt-3.5-turbo-16k,1,,1,2,0,보험사기 피해액이 1조원을 넘어섰으나 보험사기 방지를 위한 법률 개정은 지연되고 있다. 지난해에는 1조818억원의 보험사기가 발생하여 최대 기록으로 상승하였다. 현재 존재하는 보험사기방지법 개정안에는 강화된 처벌 및 예방 조치 등이 포함되어 있으며 관련 논의가 이제 막 시작될 전망이다. 만약 법률 개정이 이루어진다면 피해와 비용을 줄일 수 있을 것으로 예상된다.
605426,2,한화손해보험, ESG경영보고서, 2023 보고서, 통합 ESG 인덱스, 핵심 성과,"다음 뉴스 기사를  3문장으로 요약해, 총 답변의 길이는 150자 이내로 제한한다. + content",gpt-3.5-turbo-16k,1,,1,2,0,"한화손해보험이 '2023 지속가능경영보고서'를 발간했다. 보고서는 ESG 경영 전략 목표와 성과를 강조하며 글로벌 이니셔티브를 반영한 통합 ESG 인덱스와 깔끔한 문장 구성을 활용하여 고객들에게 더 나은 가치 제공을 약속하고 있다. 한화손해보험은 실행력 있는 ESG활동으로 신뢰받는 기업으로 성장할 것이라 밝혔다."""
605407,0,흥국화재 우선주, 한국거래소, 금융당국, 배당, 상장 폐지,"다음 뉴스 기사를  3문장으로 요약해, 총 답변의 길이는 150자 이내로 제한한다. + content",gpt-3.5-turbo-16k,1,,1,2,0,흥국화재2우B 상장폐지 우려로 주가 요동치고 있다 투자자 보호를 위한 기준 미달로 상장폐지 위기 흥국화재는 유상증자나 액면분할 계획 없다고 판단됨
605386,1,이복현 금감원장, KB금융, 우리카드 행사, KB금융 회장 선임, 승계 절차,"다음 뉴스 기사를  3문장으로 요약해, 총 답변의 길이는 150자 이내로 제한한다. + content",gpt-3.5-turbo-16k,1,,1,2,0,금융감독원장 이복현은 KB금융그룹의 차기 회장 선임 절차에 대해 공평성 요청하고 기존 회장인 윤종규의 임기가 오는 11월 종료되며 이미 후보군을 담은 롱리스트를 작성 중이라고 밝혔다. 허인 양종희 이동철 부회장과 박정림 총괄부문장 등이 유력 후보로 거론되었다. 만약 KB금융에서 개선했다면 금융당국도 같이 노력할 것으로 추정된다.
605380,3,KB금융, 금융지원 프로그램, 특별대출, 기업대출, 청구유예,"다음 뉴스 기사를  3문장으로 요약해, 총 답변의 길이는 150자 이내로 제한한다. + content",gpt-3.5-turbo-16k,1,,1,2,0,KB금융그룹이 장마철 자연재해 피해에 대비하기 위해 금융지원 프로그램을 운영한다. 이번 지원은 특별대출 만기연장 금리우대 등으로 구성되어 있다. KB손해보험은 연체이자 없이 보험료 납입을 유예하며 KB국민카드는 카드 결제대금 청구를 유예하고 수수료 할인도 한다. 또한 대규모 피해 발생 시 해당 지역에 구호키트와 식사 차량 및 세탁차를 제공할 계획이다.
605339,1,이복현 금감원장, 채무감면, 서민 자금 공급, 우리카드, 임종룡 회장,"다음 뉴스 기사를  3문장으로 요약해, 총 답변의 길이는 150자 이내로 제한한다. + content",gpt-3.5-turbo-16k,1,,1,2,0,금융감독원장 이복현은 제2금융권이 취약계층에 대한 자금공급을 위축시키지 않도록 노력해야 한다고 당부하였으며 우리카드가 금융 취약계층과 소상공인 지원을 위한 상생금융 1호 지원책 출시함에 따라 다른 카드사들도 행동에 나서야 한다는 촉구를 하였습니다. 이뿐만 아니라 우리카드의 상생 금융방안과 궁극적으로는 전체 금융권에서의 좋은 흥조를 기대한다고 말하면서 연착륙 준비 등 여러 사항들을 강조하였습니다.
605322,1,보험시장, 마케팅, 지원사업, 기부, 입지 확보,"다음 뉴스 기사를  3문장으로 요약해, 총 답변의 길이는 150자 이내로 제한한다. + content",gpt-3.5-turbo-16k,1,,1,2,0,KB손해보험이 노인 교통안전을 위한 캠페인으로 폐지수거 어르신에게 안전용품 전달식을 진행하고 AXA손해보험이 국가서비스대상 자동차보험 부문 대상 수상 및 한화생명이 VIP 고객 서비스 기부금 전달식 개최를 진행하였으며 NH농협생명은 함양군 복구 지원 등 다양한 활동을 했다.
605313,5,후쿠시마 오염수, 금융당국, 소비자 불안감, 보험회사, 불건전 영업행위,"다음 뉴스 기사를  3문장으로 요약해, 총 답변의 길이는 150자 이내로 제한한다. + content",gpt-3.5-turbo-16k,1,,1,2,0,금융당국은 후쿠시마 오염수 방류와 관련된 비과학적 사실을 근거로 영업한 보험회사에 대해 엄정 대응할 예정이다. 일부 보험회사가 암보험 가입을 권유했다는 이유로 금융당국은 해당 회사의 불건전 영업행위를 중단하도록 요청하였다. 금융당국은 소비자 불안감 조성 등이 있는지 모니터링하며 위반 사항이 발견되면 강력한 조치를 취할 것이라고 밝혔다.
605282,4,롯데카드, 유동성 확보, ABCP, ESG 프레임워크, KB국민은행,"다음 뉴스 기사를  3문장으로 요약해, 총 답변의 길이는 150자 이내로 제한한다. + content",gpt-3.5-turbo-16k,1,,1,2,0,롯데카드가 KB국민은행과 협력하여 3000억원 규모의 ESG 자산유동화기업어음(ABCP)을 발행하였다. 이번 발행된 ABCP는 신용카드 매출채권을 기초자산으로 설정하고 저소득층에 대한 금융서비스 지원 목적으로 사용될 예정이다. 롯데카드는 ESG 프레임워크를 적용하여 계속해서 사회적 취약계층에 지원하는 노력을 하고 있다.
605265,3,케이뱅크, 미성년자, 선불전자지급수단, 서비스 정지 방법, 규제 방법,"다음 뉴스 기사를  3문장으로 요약해, 총 답변의 길이는 150자 이내로 제한한다. + content",gpt-3.5-turbo-16k,1,,1,2,0,케이뱅크 본사와 고객센터는 부모의 자녀 서비스 해지에 대한 답변 차이로 비난을 받고 있다. 존재하는 선불전자지급수단 때문에 미성년자 일탈 문제가 제기되었으며 다른 인터넷은행들과 달리 케이뱅크는 지방 고객을 배려하지 않아 비판 받고 있다. 즉시 정지와 재가입 방지를 요청한 A씨의 경우 카카오뱅크에서 맞춤형 처리를 제공하였으나 케이뱅크에서는 서울 본사 직접 방문해야 한다면서 대면 절차만 가능하다며 비대면으로 대응하지 못하고 있다.
605261,4,대부업, 저신용자, 금융감독원, 불법 사금융, 연체율,"다음 뉴스 기사를  3문장으로 요약해, 총 답변의 길이는 150자 이내로 제한한다. + content",gpt-3.5-turbo-16k,1,,1,2,0,지난해 말 기준으로 대부업 이용자가 7만5000명 줄어들었고 일부 저신용자는 대부업을 이용하지 못해 불법 사금융으로 빠진 것으로 추정된다. 반면에 담보 대출 확대로 인해 대부 수요는 계속해서 증가하고 있으며 연체율은 상승세를 보이고 있다. 금융당국은 저신용층의 금융 애로를 해소하고 불법 사금융 피해 방지에 집중할 예정이다.
605231,3,만 나이, 금감원, 보험나이, 금융불편 상담센터, 새 제도,"다음 뉴스 기사를  3문장으로 요약해, 총 답변의 길이는 150자 이내로 제한한다. + content",gpt-3.5-turbo-16k,1,,1,2,0,28일 시행된 '만 나이 통일법'으로 전 국민의 나이가 한두 살 어려지면서 '청년 대출' '주류' 등에서도 제한이 예상되고 있는 가운데 금감원은 콜센터 내 금융불편 상담센터 설치로 불편 해소를 진행할 예정이다. 은행권과 카드업계에서는 이미 만 나이를 사용하고 있으므로 혼선은 예상되지 않는 것으로 판단되나 보험업권에는 유의해야 한다.
605204,1,영상통화, 금융위원회, 보험상품, 화재보험, 보험제도,"다음 뉴스 기사를  3문장으로 요약해, 총 답변의 길이는 150자 이내로 제한한다. + content",gpt-3.5-turbo-16k,1,,1,2,0,금융위원회는 보험업법 시행령 및 감독규정 개정안이 하반기부터 시행될 예정임에 따라 영상통화를 활용한 보험가입 물질 상환 제공 허용 그리고 세부사항 규제 개선 등 다양한 변경 사항을 발표하였다. 이로 인해 소비자는 편리하게 영상으로 설명을 듣고 가입할 수 있으며 더 많은 혜택과 정보를 받을 수 있다.
605200,2,대환대출, 이자부담, 고객이탈, 카드업계, 플랫폼 업체,"다음 뉴스 기사를  3문장으로 요약해, 총 답변의 길이는 150자 이내로 제한한다. + content",gpt-3.5-turbo-16k,1,,1,2,0,금융당국의 대환대출 비교 플랫폼에 카드사가 입점하는 것에 부담이 큰 이유로 많은 고객을 빼앗기지 않을까 우려하고 있다. 카드사들은 은행과 비교해 금리가 높고 대출 종류도 제한적이어서 경쟁력이 부족하다는 판단과 함께 플랫폼 업체 중개수수료를 내야 하므로 새로운 고객 유입보다는 이탈을 심각하게 생각한다. 반면 플랫폼 업체는 중·저신용자 데이터와 수익성 측면에서 추가적인 혜택을 얻게 되며 시장 환경의 변화 가능성도 있어 기대한다.
605196,0,사회공헌 활동, 이벤트, 지원, 서비스, 보험 시장,"다음 뉴스 기사를  3문장으로 요약해, 총 답변의 길이는 150자 이내로 제한한다. + content",gpt-3.5-turbo-16k,1,,1,2,0,NH농협생명이 영농철 맞아 농촌일손돕기를 실시했다. SGI서울보증과 IBK기업은행이 소상공인의 자금경색을 해소하기 위해 파트너십을 협약 체결하였다. 한화손해보험은 행정안전부와 안전문화 사회공헌활동 업무협약식에 참여하여 안전사고 예방 활동을 강화하기로 약속하였다.
605191,2,현대카드, 신용등급, SI, 지위 평가, PLCC,"다음 뉴스 기사를  3문장으로 요약해, 총 답변의 길이는 150자 이내로 제한한다. + content",gpt-3.5-turbo-16k,1,,1,2,0,세계 3대 신용평가사 S&P가 현대카드의 그룹 내 평가 지위를 상향하고 신용등급 전망을 '안정적'으로 유지했다. 이는 현대카드의 차량 결제 서비스 사업이 현대자동차그룹에 기여하는 것을 인정한 결과다. 또한 협력과 연관도를 강화해 나갈 예정이며 친환경차 트렌드에 맞춘 전기차 특화 신용카드 발급량도 증가 중이다.
605075,1,금융위원회, 숨은 보험금, 중도보험금, 서민금융진흥원, 휴먼보험금,"다음 뉴스 기사를  3문장으로 요약해, 총 답변의 길이는 150자 이내로 제한한다. + content",gpt-3.5-turbo-16k,1,,1,2,0,금융위원회는 9월부터 '숨은보험금 찾아주기 캠페인'을 실시하기로 하고 지급되지 않은 보험금이 약 12조4000억원에 달한다. 미청구된 긴액의 보험금 중에서는 중도보험급 8조9338억원 만기보험료 2조6672억원 등이다. 이를 해결하고자 숨은 보혐겅 있는 계약자 및 수익자에게 우선적으로 안내할 예정이다. 휴면보헌경의 서민출연 시점도 현재에서 앞당기려 한다.
605076,2,신한은행, 시니어이동점포, NH농협은행, KB국민은행, 고객 편의,"다음 뉴스 기사를  3문장으로 요약해, 총 답변의 길이는 150자 이내로 제한한다. + content",gpt-3.5-turbo-16k,1,,1,2,0,신한은행이 '찾아가는 시니어이동점포' 서비스를 시작하여 매월 25일에 서울과 수도권 소재 복지관을 방문해 금융업무와 스마트키오스크 체험 보이스피싱 금융교육 등을 제공할 예정입니다. NH농협은 ESG채권 '농업지원 소셜본드' 발행에 성공하였으며 총 5년 단일 트렌치로 발생된 취득액의 4배인 미화 25억달러 주문을 받았습니다. 또한 KB국민은 한국씨티은하거래 고객들을 위해 업무 제작 협약체결하여 귀속되는 상황에서도 축적 중인 관련 내용들의 이전과 지급 기준부터 후속 조치까지 유능성 입증 중계하는 일환으로 설명합니다
605070,1,오토바이 보험, 배달, 금융감독원, 보호할인등급, 보험료 할인,"다음 뉴스 기사를  3문장으로 요약해, 총 답변의 길이는 150자 이내로 제한한다. + content",gpt-3.5-turbo-16k,1,,1,2,0,금융당국이 이륜차보험 가입률 제고를 위해 보험업계와 개선 방안을 마련했다. 보장 사각지대로 인한 배달종사자들의 보상 부분 기대감도 있다. 산정체계 개선 할증등급 도입 등을 통해 이변차 운전자의 보험료 부담 경감과 안전관리 시스템 강화가 주된 내용이다.
605057,4,삼성페이, 유료화, 수수료, 카드사, 공동 마케팅 비용,"다음 뉴스 기사를  3문장으로 요약해, 총 답변의 길이는 150자 이내로 제한한다. + content",gpt-3.5-turbo-16k,1,,1,2,0,삼성페이가 카드사에 수수료를 부과하게 됨으로써 삼성전자의 유료화 방향이 나타났다. 이제 무료 고집하는 이유가 없어졌기 때문인데 대신 상생 방안을 제시하여 일부 부담을 감소시키겠다고 한다. 카드사는 연간 700억원대의 수수료를 지불하지 않으면 소비자들에게 혜택이 줄어들거나 추가 비용을 전가할 우려가 있다.
605041,4,NH, 보험, 농생통통, 앱, 힐링워킹,"다음 뉴스 기사를  3문장으로 요약해, 총 답변의 길이는 150자 이내로 제한한다. + content",gpt-3.5-turbo-16k,1,,1,2,0,국내 보험 시장에서는 치열한 경쟁이 벌어지고 있으며 이를 위해 NH농협생명은 농생통통 캠페인을 진행하고 소통 문화를 조성하기 위한 행사를 개최한다. KB손해보험이 앱을 통합하여 원스탑 서비스 제공을 강화하고 DB손해보험이 건강과 금융서비스에 관심 있는 고객들에게 'Healing Walking' 이벤트를 실시한다. 그리고 악사손해보습이 다이렉트 자동차부문에서 8년 연속 1위 수상하는 등 소비자들의 지지와 입지 강화가 큰 의미로 언급되었다.
605030,3,수협중앙회, 금융감독원, 자금세탁방지, 감사, ??,"다음 뉴스 기사를  3문장으로 요약해, 총 답변의 길이는 150자 이내로 제한한다. + content",gpt-3.5-turbo-16k,1,,1,2,0,수협중앙회가 자금세탁방지 업무에서 소홀한 점을 지적받아 금감원으로부터 개선 요구를 받았으며 전문검사 확대 및 조치기준 마련 등의 권고를 받았다. 또한 인력 부족 문제와 감사 주기 및 결과 보고 등의 내부통제체계 강화도 요청되었다. 수협은 고객확인 업무 운영체계와 의심거래 보고업무에 대해서도 개선이 필요하다는 권고가 있었다.
605024,5,수수료, 삼성페이, 유료화, 카드사, 소비자,"다음 뉴스 기사를  3문장으로 요약해, 총 답변의 길이는 150자 이내로 제한한다. + content",gpt-3.5-turbo-16k,1,,1,2,0,삼성전자가 카드사에게 삼성페이 수수료 부과 후 일부를 공동 마케팅 금액으로 지원하는 방안을 검토하고 있다. 이는 애플의 유료화 조치에 대응하기 위한 것이다. 하지만 삼성페이 유료화로 인해 카드사들의 수익이 감소하여 소비자 혜택도 줄어들 수 있으며 구체적인 수수료율은 아직 논의되지 않았다.
604983,3,보험, AIA생명, KB손해보험, 동양생명, 마케팅,"다음 뉴스 기사를  3문장으로 요약해, 총 답변의 길이는 150자 이내로 제한한다. + content",gpt-3.5-turbo-16k,1,,1,2,0,AIA생명 held a 'No Plastic Han River Cleanup Event' in collaboration with Seoul Resource Volunteer Center on June 23 aiming to raise awareness of the environment among its employees. KB손해보험 donated a mobile medical vehicle to an animal protection organization for establishing comprehensive veterinary services for stray animals. 동양생명 revamped its customer benefits system introducing new levels and additional healthcare-related services such as dementia care and cancer care.
604978,2,KB국민은행, 디지털서비스, 공공 서비스, 앱, 은행사,"다음 뉴스 기사를  3문장으로 요약해, 총 답변의 길이는 150자 이내로 제한한다. + content",gpt-3.5-turbo-16k,1,,1,2,0,KB국민은행이 모바일 앱에서 행정안전부와 소관기관과 함께 공공서비스를 제공한다. 이용자는 자동차 검사 예약과 인천국제공항 지도 등을 확인하고 이용할 수 있다. 카카오뱅크는 세금 및 공과금 납부 서비스를 출시하며 납부 내역을 앱에서 통합 관리할 수 있다. 산업은행은 'KDB스마트 오션인프라 펀드 프로그램'을 출시하여 해양물류 전반의 스마트화와 그린화를 지원한다.
604957,2,DSR, 가계대출, 한국은행, 이자, 금리 인상,"다음 뉴스 기사를  3문장으로 요약해, 총 답변의 길이는 150자 이내로 제한한다. + content",gpt-3.5-turbo-16k,1,,1,2,0,가계대출 DSR이 40%를 넘어서고 가계대출 부실 신호가 커지면서 대출 리스크 관리의 필요성이 제기되고 있다. 올해 1분기에는 DSR이 지난해 4분기와 마찬가지로 40%를 기록했으며 가계대출 고정이하여신비율도 증가하였다. 은행 및 비은행금융기관의 가계대출 연체율 역시 상승세를 보여주었다. 이에 금융당국은 적극적인 관리 조치를 필요로 한다.
604887,1,영상통화, 금융위원회, 화재보험, 보험상품, ,"다음 뉴스 기사를  3문장으로 요약해, 총 답변의 길이는 150자 이내로 제한한다. + content",gpt-3.5-turbo-16k,1,,1,2,0,현대카드와 비자가 전략적 파트너십을 맺어 데이터 사업 및 디지털 페이먼트 혁신을 공동으로 추진하기로 결정했다. 이에 따라 현대카드는 비자의 글로벌 네트워크를 활용하여 해외에서 데이터 분석 솔루션을 선보일 예정이며 두 회사는 함께 데이터 상품 및 솔루션 개발도 진행할 예정이다. 또한 동맹인 '도메인 갤럭시'에도 적극 참여하고 다양한 분야에서 협업을 강화할 계획이다.
604875,2,예금보호한도, 금융위원회, 예금자보호법, 5000만원, 보험,"다음 뉴스 기사를  3문장으로 요약해, 총 답변의 길이는 150자 이내로 제한한다. + content",gpt-3.5-turbo-16k,1,,1,2,0,금융당국이 연금저축 사고보험금 중소기업퇴직연금기금에 대해 각각 5000만원의 예금보호한도를 적용한다. 이로 인해 예금자는 기존 보유한 일반 예금과 별도로 5000만원까지 보호를 받을 수 있게 된다. 정부는 국민 노후소득 보장을 위해 연계형 퇴직연 급옥외에 사고보험 급 등 다른 항목들의 보호 범위에서 활동한다.
604863,2,1020, KB국민카드, 노리2 체크카드, 플레이 버전, 생활편의,"다음 뉴스 기사를  3문장으로 요약해, 총 답변의 길이는 150자 이내로 제한한다. + content",gpt-3.5-turbo-16k,1,,1,2,0,KB국민카드가 'KB국민 노리(nori)2 체크카드' 플레이 버전 출시. 생활편의 영역에서 월 최대 5만원 할인 제공하며 PC방과 패스트푸드점 할인 혜택 추가로 제공한다. 이용 실적에 따라 다양한 혜택을 받을 수 있다고 밝혀졌다.
604858,3,한덕수, 6.25전쟁 기념식, 자주국방, 한미일 안보 협력, 북한,"다음 뉴스 기사를  3문장으로 요약해, 총 답변의 길이는 150자 이내로 제한한다. + content",gpt-3.5-turbo-16k,1,,1,2,0,한덕수 국무총리는 북한의 거짓 선의에 휘둘리지 않고 강력한 자주국방 의지를 표명했다. 미래를 위해 한미일 3국간 안보 협력을 단단히 할 것이라고 강조하며 전쟁기념식에서 영웅들에 대한 책임감을 언급하여 그들의 헌신에 보답할 것을 약속했다.
604848,3,청년도약계좌, 중도 해지, 적금담보대출, 청년희망적금, 금융감독원,"다음 뉴스 기사를  3문장으로 요약해, 총 답변의 길이는 150자 이내로 제한한다. + content",gpt-3.5-turbo-16k,1,,1,2,0,금융당국은 청년도약계좌의 중도 해지를 막기 위해 대책을 논의하고 있다. 이미 출시된 청년희망적금에서는 중도 해지가 증가하고 있어서 이에 대한 우려가 제기되고 있다. 현재까지 구체적인 방안은 도출되지 않았으며 계속 검토중이다.청년 향유경제 정책으로 출시된 '청년도약계좌'의 중도 해지를 막기 위한 방안 마련에 금융당국이 착수하였다. 하나은행 등 은행 내부 관계자들과 연구용역 업체들로 목소리들을 일치시겼던 것으로 알려져있다.급전 수요와 같은 이슈로 카운셀링하기 어려웠던 첫 공공 온라인상담센터(1899-0018)에 DMZ 상황실 세입자 20대 남성 6명 집단번화 안내관리사무소 넷째샛병오류이트주식회사와 비블릿㇬ 호읽복 에러 모바일 달미정 유횡 하믓 스팀간 이론파타고라스의 섹소폰비 애플분짜 홍콩반점 경차 입가심 급변하는 잡생각들을 가진 인적 자원관리자는 눕첫게아이유부터현금화목수성해 그노넞시늑매 짱모 깊은도섭룅 횡 큰여자만두 솟대메 왓치 미니멈턴다ि얼함구디지털악기 환승장 저장요렘이라크 학원랴덕 동서사회복지회 줄긋 중국공산당 월드> 혁신입니다.
604839,4,우리금융그룹, 스타트업, 협력 프로그램, 디노랩, 선발,"다음 뉴스 기사를  3문장으로 요약해, 총 답변의 길이는 150자 이내로 제한한다. + content",gpt-3.5-turbo-16k,1,,1,2,0,우리금융그룹은 스타트업 기업 협력 프로그램 '디노랩' 4기에 14개 업체를 선발했다. 전북은행은 취약계층을 위해 중고 PC 전달식을 실시하였으며 토스뱅크는 걸그룹 알유넥스트를 응원하는 서비스를 선보인다.(149자)
604833,4,가맹점 수수료, 카드사, 금융서비스 수출, 해외진출, 동남아시아 시장,"다음 뉴스 기사를  3문장으로 요약해, 총 답변의 길이는 150자 이내로 제한한다. + content",gpt-3.5-turbo-16k,1,,1,2,0,한국 카드사들이 낮아진 가맹점 수수료와 수익 다변화의 어려움으로 인해 해외진출에 눈길을 돌리고 있다. 금융당국도 해당 분야에 적극 지원할 방침을 발표하며 동남아시아 시장을 성장동력으로 보고 있다. 한편 규제 리스크와 소통의 어려움 등 현지에서 겪는 문제가 있어 속도조절과 정부 역할 강화가 필요하다는 의견도 제기되었다.
604805,1,외화예금, 엔화예금, 여유자금, 거주자외화예금, 증가 전환,"다음 뉴스 기사를  3문장으로 요약해, 총 답변의 길이는 150자 이내로 제한한다. + content",gpt-3.5-turbo-16k,1,,1,2,0,국내 거주자 외화예금이 지난달 약 5개월만에 증가했다. 주로 기업 예금과 개인 예금이 늘어났으며 달러와 엔화 예금이 가장 큰 증가를 보였다. 국내은행과 외은지점의 외화예금 잔액도 상승했다.
604746,2,청년도약계좌, 정책금융상품, 금융위원회, 5부제, 가입제한 해제,"다음 뉴스 기사를  3문장으로 요약해, 총 답변의 길이는 150자 이내로 제한한다. + content",gpt-3.5-turbo-16k,1,,1,2,0,서울 중구에 위치한 T타워 내 청년도약계좌 상담센터가 연다. 신청 기간은 오전 9시부터 오후 2시까지인데 이를 앞두고 현재 가입신청자는 이미 13만4000명에 달한다. 지난 날과 비교하면 두 배 이상의 증가로 보인다. 출생연도 제한을 둔 5부제 가입제한이 풀리면서 국민은행 신한은행 등 총 11개 은행에서 모든 사람들이 가입할 수 있게 되었다.
604736,4,주택담보대출, 은행권, 특례보금자리론, 한국은행, 부동산 경기,"다음 뉴스 기사를  3문장으로 요약해, 총 답변의 길이는 150자 이내로 제한한다. + content",gpt-3.5-turbo-16k,1,,1,2,0,은행 주택담보대출이 이달에도 증가세를 보이고 있다. 지난 15일만에 1280억원 늘어나며 반등한 주택담보대출 잔액은 정부의 부동산 경기 부양책 영향으로 평가되고 있다. 특례보금자리론과 같은 정부 정책으로 인해 신규 주택매매로 인한 대출 수요 증가 가능성도 제기되고 있는데 한국은행과의 금융정책 엇박자 문제로 우려된다.
604723,3,하나은행, IBK기업은행, 신한은행, 청년 상생금융, 복지,"다음 뉴스 기사를  3문장으로 요약해, 총 답변의 길이는 150자 이내로 제한한다. + content",gpt-3.5-turbo-16k,1,,1,2,0,하나은행이 경기도와 청년 상생금융 추진을 위한 협약을 체결하고 중소기업 근로자 자녀에게 장학금 전달 및 신한은행의 발달장애인 대상 체험형 금융교육 실시를 밝혔다. 이에 따라 경기청년 기회사다리금융과 학습지도 봉사활동 자산 관리 습관 형성 등 다양한 지원과 서비스가 제공될 예정이다.
604717,4,금감원, 워크숍, 금융사고, 내부통제, 은행권,"다음 뉴스 기사를  3문장으로 요약해, 총 답변의 길이는 150자 이내로 제한한다. + content",gpt-3.5-turbo-16k,1,,1,2,0,금융감독원이 은행 지주와 은행들의 내부통제를 강화하기 위한 워크숍을 개최하였다. 이번 워크숍은 영업실적 우선과 소극적 태도로 인해 발생하는 금융사고를 예방하기 위해 마련되었다. 참석자들에게는 사고예방을 위한 업무 점검 등의 필요성이 강조되었다.금감원은 부당대출사고가 내부통제 주요 이슈다며 개인사업자 대출 시 증빙서류 확인 자전검사 등 업무 프로세스상 개선필요성을 설명하였다. 미리 예방할 수 있는 행동에도 불구하고 상반기 발생된 금융사고를 방지하기 위해 조치를 취할 것으로 밝혔다.워크숍에서는 국내은행 내부통제 혁신 방안에 대한 정보 교환 및 실직 운영 사례 고려가 언급되어 추진 중인 혁신 방약을 보다 실효적으로 진척시추 할 계산이라 말됬으며 의협간 컴니트니 그룡체화할 계획이라고 말한금육갼된다.
604650,4,만 나이, 리치앤코, 웹툰, 문의, 보험료,"다음 뉴스 기사를  3문장으로 요약해, 총 답변의 길이는 150자 이내로 제한한다. + content",gpt-3.5-turbo-16k,1,,1,2,0,보험 보미의 일기가 자사 웹툰을 통해 보험 나이와 관련된 궁금증을 해소하는 데 도움이 됐다고 밝혔다. 리치앤코는 '만 나이 통일법' 시행으로 인해 다가오는 나이 어려짐에 따라 보험료를 내릴 것으로 예상되는 가입자들이 증가한 것으로 판단하였고 이로 인해 만 나이 변동은 없으며 부족한 보장은 조금이라도 일찍 완충하는 게 좋다고 추천하였다. 또한 이번 웹툰에서 고객들 사이의 핫 한 이슈인 실비보험과 관련된 질문에 대한 답변을 제공하여 정보 간극 해소 역할도 하였으며 현재까지 조회수 816만뷰를 기록하여 앞으로도 고객들에게 도움되는 콘덴셧 제작하기 위한 노력을 할 것임을 밝혔다.
604647,2,신한카드, NH카드, 삼성카드, 카드출시, 서비스 개편,"다음 뉴스 기사를  3문장으로 요약해, 총 답변의 길이는 150자 이내로 제한한다. + content",gpt-3.5-turbo-16k,1,,1,2,0,카드의 활용이 결제 수단에서 재테크 용도로 변하면서 다양한 혜택을 제공하는 카드가 등장하고 있다. 신한카드는 '신한카드 픽 선불' 시리즈로 애니메이션 짱구 디자인을 적용시켰으며 NH농협카드는 여가특화 카드 '지금플레이'를 출시하여 프리미엄 서비스와 여러 영역에서 할인 혜택을 제공한다. 또한 삼성카드는 청소년 전용상품 '삼성 iD 포켓(POCKET) 카트'의 업종 및 할인 혜택을 확대하여 자주 이용되는 곳들에 대해 추가적으로 지원하고 있다.
604643,2,청년도약계좌, 금융위원회, 5부제, 가입신청, 정책 금융상품,"다음 뉴스 기사를  3문장으로 요약해, 총 답변의 길이는 150자 이내로 제한한다. + content",gpt-3.5-turbo-16k,1,,1,2,0,금융위는 청년도약계좌의 5부제 가입 제한을 22일부터 사라지게 하여 출생연도 끝자리와 관계없이 가입 할 수 있게 됐다. 청년은 이달의 경우 오는 23일까지 이틀간 내달부터는 매월 2주간 신청할 수 있다. 금융당국은 자금이 필요한 경우 적금 담보 대출 고려를 권장하고 있다.
604641,3,금융당국, 금융사고, 책무구조도, 내부통제, 관리 의무,"다음 뉴스 기사를  3문장으로 요약해, 총 답변의 길이는 150자 이내로 제한한다. + content",gpt-3.5-turbo-16k,1,,1,2,0,금융당국은 펀드 불완전판매 횡령과 같은 금융사고 발생 시 대표이사 및 임원의 내부통제 제도 실패 책임에서 면책될 수 있는 기준을 마련하기로 결정했다. 새로운 개선 방안에 따라서는 각 임원별 내부통제 책임을 배분한 '책무구조도'를 작성해야 하며 최종적으로는 현재 법 조항으로 정리될 예정이다.경영관리 위험관리 등 영역에서 약 20~30개의 총무가 열거되며 관련된 구체적인 방법과 세부 사항은 회사 및 감독 당국의 모범 사례에 따라 자체적으로 결정된다.
604624,4,비씨카드, 컬리카드, 적립금, 혜택, PLCC,"다음 뉴스 기사를  3문장으로 요약해, 총 답변의 길이는 150자 이내로 제한한다. + content",gpt-3.5-turbo-16k,1,,1,2,0,비씨카드의 컬리에 특화된 전용 카드인 컬리카드가 3만장이 발급되었다. 이 카드를 사용하면 최대 12%까지 적립금을 받을 수 있으며 다양한 이벤트도 진행된다. 또한 국내와 해외 브랜드로 발급되며 아멕스의 특화 혜택도 제공된다.
604595,2,엘리뇨, 침수피해, 손해보험, 차보험, 폭우,"다음 뉴스 기사를  3문장으로 요약해, 총 답변의 길이는 150자 이내로 제한한다. + content",gpt-3.5-turbo-16k,1,,1,2,0,장마전선이 영향을 받는 남부 지방권에서 침수피해가 우려되며 보험사들은 슈퍼 엘니뇨로 인한 폭우에 대비하여 만전을 기하고 있다. 집중호우와 힌남노로 인한 작년의 차량 침수 피해액인 2147억원 이상의 피해가 예상될 것으로 전망되며 손보사들은 재보험에 가입하여 가능한 수를 최소화하려는 계획이다. 사고 빈도 감소 등으로 개선된 보유 자동차 사고손 익분기점 경쟁률을 고통스러워하는 많은 중소/대형급 손보사들과 동일하게 실적 악화 우려를 일으켜올릴만큼 발생할지 확실히 어느 정도까지 발생하기를 모두 안다.
604585,2,혁신금융서비스, 금융위원회, 온라인 플랫폼, 가족카드, 신규지정,"다음 뉴스 기사를  3문장으로 요약해, 총 답변의 길이는 150자 이내로 제한한다. + content",gpt-3.5-turbo-16k,1,,1,2,0,금융위원회는 온라인 플랫폼을 통한 예금상품 비교·추천 서비스를 포함해 20개의 금융서비스를 혁신금융서비스로 신규 지정하였으며 이를 이용하는 소비자들은 다양한 금융회사의 상품을 비교 추천받을 수 있다. 추가 지정된 16개 기업에는 긍정적 영향으로 예금 급리 경쟁이 확대되며 소비자에게 유익할 것으로 기대된다고 밝혀짐. 또한 미성년자가 부모 카드 한도 내에서 사용 가능한 '가족카드' 서비스와 함께 AI 데이터 라이브러리 대출모집인 활용 주택담보대출 비교 플랫폼 등도 혁신급 은닉거부 적성됨.
604511,4,리치앤코, 부당승환계약, 과태료, 변액연금보험, 법인보험대리점,"다음 뉴스 기사를  3문장으로 요약해, 총 답변의 길이는 150자 이내로 제한한다. + content",gpt-3.5-turbo-16k,1,,1,2,0,대형 법인보험대리점 리치앤코 설계사들이 부당승환계약을 체결해 보험업법 규정을 어기고 있어 신뢰도에 흠집이 생겼다. 금감원은 보험대리점과 설계사에게 과태료를 부과하였으며 업계는 불완전판매 방지를 위한 모니터링 규정의 필요성을 강조하고 있다. 리치앤코는 내부 통제시스템 강화와 설계사 교육 등으로 불완전판매 제재 강화 계획이라 밝혔다.
604545,5,우리금융, 탈북아동, 대안학교, 신한은행, KB국민은행,"다음 뉴스 기사를  3문장으로 요약해, 총 답변의 길이는 150자 이내로 제한한다. + content",gpt-3.5-turbo-16k,1,,1,2,0,우리금융그룹은 탈북아동 및 청소년들을 위한 대안학교에 기부금 전달식을 가졌고 신한은행은 예적금·대출 '금융상풍 비교 서비스'를 오픈하였으며 KB국민은행은 병역명문가를 대상으로 우대 혜택 제공한다.
604523,3,대환대출, 이자, 절감, 불법 광고, 금리,"다음 뉴스 기사를  3문장으로 요약해, 총 답변의 길이는 150자 이내로 제한한다. + content",gpt-3.5-turbo-16k,1,,1,2,0,대환대출 시행 22일 만에 약 5000억원의 대출자산 이동이 발생하며 연간 절감된 이자는 100억원 이상이 될 것으로 추정된다. 은행 소비자의 대부분이 다른 은행으로 전환되었으며 순유입 금융회사도 증가하는 가운데 경쟁을 통해 소비자 편익 제고가 확인되었다. 그러나 금감원은 사칭 불법광고 등 주의를 요구하였다.
604512,2,역전세, 보증금 반환, 전셋값 하락, 전세보증금, 한국은행 ,"다음 뉴스 기사를  3문장으로 요약해, 총 답변의 길이는 150자 이내로 제한한다. + content",gpt-3.5-turbo-16k,1,,1,2,0,한국은행에 따르면 전셋값의 하락이 계속되면 약 9만 가구가 보증금을 돌려받지 못할 수 있다고 경고하였다. 전세 임대 가구 중 약 8만8000가구는 올해 보증금 반환에 어려움을 겪을 것으로 예상되며 집주인들은 추가로 빚을내더라도 보증금 반환이 어려울 수 있다. 이를 통해 세입자 입장에서도 전세보증금 환수 가능성의감소함이 우려된다.
604508,2,한국은행, 금융기관, 자산건정성 악화, 금융안정보고서, 대출,"다음 뉴스 기사를  3문장으로 요약해, 총 답변의 길이는 150자 이내로 제한한다. + content",gpt-3.5-turbo-16k,1,,1,2,0,한국은행이 '금융안정보고서'를 제출하며 지난 1분기 자산건전성 업데이트. 대출받은 취약 대출자 때문으로 추측됨. 가계대출 연체는 신규 연체장부에서 주로 발생했다고 분석되며 이들의 비중이 높음을 확인함.
604427,3,은행, 예대율, 규제, 금융시장, 시장안정조치,"다음 뉴스 기사를  3문장으로 요약해, 총 답변의 길이는 150자 이내로 제한한다. + content",gpt-3.5-turbo-16k,1,,1,2,0,금융위원회가 7월부터 완화했던 은행 예대율과 지주사 자회사간 신용공여 한도 등 규제를 다시 정상화한다. 이와 함께 LCR 규제도 내달부터 단계적으로 정상화될 예정이다. 또한 저축은행 예대율과 부동산 PF 취급 한도의 규제 완화는 연장되며 부동산 PF 시장 상황을 고려한 결정이라고 밝혔다.
604363,1,기업 부채, 기업경영분석, 부채비율, 차입금의존도, 매출액증가율,"다음 뉴스 기사를  3문장으로 요약해, 총 답변의 길이는 150자 이내로 제한한다. + content",gpt-3.5-turbo-16k,1,,1,2,0,외감기업의 부채비율은 7년 만에 최고 수준인 94.95%로 올랐다. 중소기업의 부채비율은 대기업보다 높았으며 외감기업들은 안전성과 성장성 수익성이 모두 악화되는 상황이다. 이는 제조업의 전체적인 기간 축소와 대형 기업들의 영향으로 발생한 것으로 분석된다.
604370,4,보험료, 실손 보험, 할인, 4세대, 비급여 의료이용량,"다음 뉴스 기사를  3문장으로 요약해, 총 답변의 길이는 150자 이내로 제한한다. + content",gpt-3.5-turbo-16k,1,,1,2,0,기존 실손 보험 가입자가 4세대 실손 보험으로 전환 시 1년간 반값 보험료 할인 혜택이 연장될 예정이다. 이로 인해 기존 가입자들은 올해 말까지 할인혜택을 받고 전환할 수 있다. 4세대 실손 보험은 합리적인 보험료와 차등 적용된 비급여 의료 이용량에 따라 저렴하게 이용 가능하다.
604328,3,보험, 대학생 아이디어 공모전, 장학금, 경제교육, 사회공헌,"다음 뉴스 기사를  3문장으로 요약해, 총 답변의 길이는 150자 이내로 제한한다. + content",gpt-3.5-turbo-16k,1,,1,2,0,국내 보험시장은 치열한 경쟁이 벌어지고 있는 '레드오션'으로 전망되며 각 보험사들은 입지 확보를 위해 다양한 상품과 프로모션을 쏟아내고 있다. 이에 KDB생명은 대학생 아이디어 공모전 시상식을 개최하여 우수 아이디어와 실행 안을 선정하였으며 DB손해보험은 장학금 2000만원 전달 및 교내 활동 및 지원 등의 후원활동을 이어가고 있으며 한화생명도 꾸준한 '1사 1교 금융교육'으로 초·중등 학교 학생에게 금융지식 전파를 진행하고 있다.
604319,3,SGI서울보증, 코스피, 한국거래소, 공기업 예비상장, 상장예비심사,"다음 뉴스 기사를  3문장으로 요약해, 총 답변의 길이는 150자 이내로 제한한다. + content",gpt-3.5-turbo-16k,1,,1,2,0,SGI서울보증이 한국거래소에 상장예비심사를 신청했다. 최대주주인 예금보험공사는 10%의 주식을 공모할 계획이며 SGI서울보증의 몸값은 2조~3조원으로 추산된다. SGI서울보증은 국내 최대 종합보증사로 다양한 금융 보증 서비스를 제공하고 있다.
604259,4,금융감독원, 경남은행, 대주주, 신용공여, 과태료,"다음 뉴스 기사를  3문장으로 요약해, 총 답변의 길이는 150자 이내로 제한한다. + content",gpt-3.5-turbo-16k,1,,1,2,0,경남은행이 대주주에 대한 신용공여 절차 미준수로 은행법 위반으로 과태료 4000만원을 부과 받았고 관련 임원 1명에게 주의 상당 조치를 내렸다. 경남은행은 최대주주인 BNK캐피탈에 기준금액 이상의 만기 연장과 기업운전일반자금회전대출 등을 적발된 점에서 벌칙을 받게 되었다. 금감원은 경남은행에게 보고·공시 의무 및 내부 통제 강화를 요구하는 개선사항도 주문하였다.
604232,4,신안흔행, SOHO사관학교, 25기, 청년 자영업자, 예비 창업자,"다음 뉴스 기사를  3문장으로 요약해, 총 답변의 길이는 150자 이내로 제한한다. + content",gpt-3.5-turbo-16k,1,,1,2,0,신한은행은 '신한 SOHO사관학교 25기’를 개강하여 청년 자영업자와 예비 창업자들에게 경영 컨설팅을 제공할 예정이다. IBK기업은행의 김성태 은행장이 중소기업 관련 인물사진전에서 금융접근성 대표 인물로 선정되어 사진과 메시지가 전시될 것이며 KB국민은행은 ESG 전략을 기반으로 한 'KB Green Wave Report'를 발간하여 환경 보고서 형태로 소개하고 있다.
604174,5,애플페이, 삼성페이, 수수료, 카드사, 유료화,"다음 뉴스 기사를  3문장으로 요약해, 총 답변의 길이는 150자 이내로 제한한다. + content",gpt-3.5-turbo-16k,1,,1,2,0,애플페이가 현대카드의 독점 사용기한이 끝나면서 주요 카드사들도 애플페이 도입을 준비하고 있으며 티머니 교통카드도 지원 예상되어 열풍은 계속될 전망입니다. 이에 세력을 빠르게 키우는 애플에 영감받아 삼성전자도 삼성페이 유료화 가능성을 검토 중이며 카드사들과 개별협상하여 애플방지 조치를 본격화한 것으로 나타났습니다. 구체적인 협의와 수수료 부과 여부 결정은 아직 이루어지지 않았습니다.
604147,3,횡령, 참저축은행, 금감원, 금융사지배구조법, 제재공시,"다음 뉴스 기사를  3문장으로 요약해, 총 답변의 길이는 150자 이내로 제한한다. + content",gpt-3.5-turbo-16k,1,,1,2,0,"금융감독원이 참저축은행에 무더기 제재를 내려 금감원 관계자는 ""참저축은행은 검사대상기간에 준법감시인 및 위험관리책임자의 직무수행을 돕는 조직을 구성하지 않았다""고 말함. 참저축은행에서 발생한 횡령 사건으로 A씨가 2억2000만원 B씨가 1억900만원을 횡령한 것으로 확인됨."
