547469,"[카수다] 기대치 높은 그랜저 풀 체인지, 쏟아지는 예상도들",전대현 기자,2021.06.25 11:40:42,"[프라임경제] 예나 지금이나 국내 자동차시장을 주름 잡는 녀석은 현대자동차(005380) 그랜저입니다. 올해 1~5월 그랜저는 4만3347대가 판매됐을 정도로 타의 추종을 불허하는 인기를 보여주고 있습니다. 물론 지난해에 같은 기간(6만1916대)에 비하면 인기가 조금 시들어진 면도 있는데요.이런 상황에서 그랜저를 향해 ""왕좌의 자리가 위협받는다, 흔들리고 있다"" 등의 부정적인 전망과 진단들이 쏟아지기도 했습니다. 그랜저는 '성공의 대명사'인데 말이죠.페이스리프트로 등장한 더 뉴 그랜저가 2년이 다 돼가는 이유도 있었지만, 그랜저 명성에 이런 흠집을 낸 존재는 다름 아닌 기아(000270) K8입니다. 등장과 동시에 돌풍을 일으킨 K8은 '기존에 없던 모델'이라는 필살기를 앞세워 소비자들을 단박에 사로잡았죠.기아가 공을 들인 K8이지만 역시는 역시였습니다. 권투로 비유하자면 그랜저는 K8에게 약간의 잽(Jab, 권투에서 계속적으로 팔을 뻗어 상대를 '가볍게 연타'하는 동작)만을 허용한 모습입니다. 올해 K8은 1만6293대가 판매됐습니다.6세대 그랜저 페이스리프트 모델. ⓒ 현대자동차K8이 그랜저를 겨냥해 출시되긴 했지만 두 차종을 단순 비교하기는 어렵습니다. 차체 크기는 거의 비슷하지만, 엔진 라인업에서 약간의 차이가 있습니다. 그럼에도 이래나 저래나 두 모델이 경쟁상대임에는 틀림없죠.현대차는 기아의 이런 잽마저도 불쾌했나 봅니다. 2019년 페이스리프트임에도 불구하고 역대급 변화를 보여줬던 그랜저가 또 한 번 파격 변신을 준비 중인 듯한데요. 업계에 따르면 7세대 그랜저는 오는 2022년에 등장할 예정입니다.올해 하반기에 출시될 거라는 말도 있었지만 반도체 부족 탓에 팔고 싶어도 못 파는 형국인데, 굳이 야심작을 선보이는 위험을 감수할 이유가 없기에 출시가 미뤄졌다는 말도 있습니다. 지금의 그랜저 판매량이 잘 나오고 있는 부분도 출시 연기 이유 중 하나일지도 모르겠습니다.차치하고 7세대 그랜저를 향한 관심이 상당한 듯 보입니다. 덕분에 기다리는 재미도 쏠쏠해졌고요. 다양한 예상도들이 쏟아지고 있기 때문인데요. 최근 몇 년간 현대차가 선보인 신차들을 되짚어 봤을 때, 7세대 그랜저가 어떻게 나올지는 좀처럼 예상하기 힘든 것도 사실입니다.그렇다면 업계에서는 과연 7세대 그랜저를 어떻게 예상하고 있을까요. 기본적으로 7세대 그랜저의 디자인에 대해 의견이 분분하지만, 골자는 이렇습니다. '르 필 루즈(Le Fil Rouge)' 콘셉트를 바탕으로 한 패밀리룩의 재현이냐, 아니면 파격을 주제로 한 전혀 다른 디자인의 탄생이냐인데요.'뉴욕맘모스'의 2022 출시 예정 그랜저 예상도. ⓒ NY Mammoth 블로그일단 신형 모델 예상도를 주로 제작해서 공개하는 '뉴욕 맘모스'의 그랜저 예상도에서는 르 필 루즈 콘셉트를 재현한 디자인을 찾아볼 수 있습니다. 현대차가 추구하는 콘셉트와 상당한 연관성이 있어 보여 설득력까지 갖춘 디자인이죠.뉴욕 맘모스의 예상도 내 그랜저는 일체화된 전면부 헤드램프와 그릴을 적용해 미래적이고 스포티한 느낌을 주고 있는데요. 여기에 그릴과 일체화된 LED는 세련됨을 강조하고 있습니다. 마치 수소전기차 넥쏘와 투싼, 그 사이 어느 경계에 있는 듯하죠. 기승전결이 어느 정도 갖춰진, 제대로 된 얼개를 보여줍니다.이와 함께 자동차 유튜브 채널 '하이테크로'가 공개한 7세대 그랜저 예상도는 과거로 회귀한 듯한 레트로 디자인이 인상적입니다. 전통적인 세단형의 수평 트렁크 리드와 일자 리어 디자인을 적용했는데요. 자칫 촌스러울 수 있는 디자인을 고풍스럽게 잘 다듬은 듯 보입니다. 사진 한 장뿐이라 필자의 설명은 이 정도로만….'하이테크로'의 2022 출시 예정 그랜저 예상도. ⓒ 하이테크로 [HITEKRO] 유튜브여기에 하이테크로는 1차원적인 상상력이 가미된 예상도도 공개했는데요. 투싼과 스타리아의 전면부를 그대로 적용시킨 재미난 예상도입니다.다만, 이상엽 현대디자인담당 전무가 이전에 6세대 그랜저를 출시할 때 ""기계로 찍어내는 듯한 패밀리룩은 만들지 않겠다""고 발언했던 것을 감안하면, 7세대 그랜저에서 이런 모습은 볼 수 없겠지만 의외로 나쁘지 않은 모습입니다.이외에도 상상의 날개를 몇 개 더 달아서 현대차가 밀고 있는 파라메트릭 픽셀 형태의 램프 적용이나 포니 디자인을 계승한 아이오닉 5처럼 정통성 있는 레트로 디자인을 계승할 수도 있겠습니다.'하이테크로'의 2022 출시 예정 그랜저 예상도. ⓒ 하이테크로 [HITEKRO] 유튜브과연 현대차가 어떤 모습의 7세대 그랜저를 보여줄지는 알 수 없습니다. 그럼에도 그동안 현대차가 천착해온 디자인에서 벗어나 예상을 뛰어넘는 완전히 새롭고 파격적인 디자인일 가능성에 무게가 실리는 건 사실입니다. 페이스리프트 모델일 때도 '파격'이었으니, 풀 체인지는 '파격+신선' 정도는 돼야 하지 않을까요. 때마침 현대차에게 그랜저는 그런 존재이기도 하고요.그리고 일각에서는 그랜저의 지위가 격상(준대형→대형)될 거라는 전망도 나오고 있습니다. 이는 제네시스가 빠진 현대차에서 준대형 세단인 그랜저가 플래그십 역할을 맡고 있는데, 이 부분이 다소 아쉬움이 남아서입니다.비록 제네시스가 떠난 자리를 대체하는 동시에 고급차시장 공략을 위해 야심 차게 준비했던 내수용 모델 '아슬란'이라는 뼈아픈 실패가 있었던 탓에, 이 부분에 있어서는 현대차가 신중할 수밖에 없을 텐데요.하지만 그랜저와 제네시스 G80 사이(가격·성능 등)가 크게 벌어져 수입 브랜드로 이탈하는 수요가 발생하는 만큼, 이를 막아줄 징검다리 모델의 필요성은 필수 조건처럼 보이기도 하고요."
309923,[카수다] CUV 인기몰이 쌍두마차…트랙스 vs QM3,전훈식·노병우 기자,2015.06.25 16:58:53,"최근 국내자동차시장에서 CUV가 주된 관심사로 자리 잡은 만큼, 이번 카수다에서는 CUV 최강자로 올라선 QM3와 스테디셀러 트랙스를 소재로 삼았다. ⓒ 프라임경제[프라임경제]CUV가 자동차시장을 달구고 있다. 국내외 브랜드들이 해당 세그먼트에 하나둘씩 신차를 내놓으며 경쟁구도가 복잡하게, 또 뜨겁게 달아오르고 있다. 이번 카수다에서는 CUV 최강자로 올라선 르노삼성자동차의 QM3와 스테디셀러 쉐보레 트랙스를 소재로 삼았다.출시 전부터 큰 화제를 몰고 다녔던 QM3와 달리 트랙스의 경우 높은 판매는 아니지만, 꾸준한 판매를 올리면서 해당 세그먼트 내에서 본인만의 영역을 구축하고 있는 모델이다.출시 당시 국내 최초 CUV로 소비자들의 이목을 집중시켰지만, 상대적으로 높은 가격과 부족한 연비 등으로 별 재미를 보진 못했다. 하지만 초기 모델 이후 트랙스의 상품성이 강화되면서 어느 CUV와의 경쟁에서도 결코 뒤지지 않는 모습을 보이고 있다.이런 트랙스를 상대할 QM3는 브랜드 내수 최다 판매 자리(2198대)를 지키고 있는 르노삼성의 복덩이다. 특히 지난 4월부터 물량 공급이 원활해지면서 지난해 월평균 판매대수인 1500여대를 훨씬 웃도는 성적을 보이고 있다.◆꾸준한 판매 '알짜배기' 트랙스, 가속성능 우월전훈식(이하 전) : 지난해부터 치열해진 CUV 경쟁이 좀처럼 식지 않고 있네. 오히려 쌍용차의  티볼리까지 가세하면서 그 어느 세그먼트와 비교해도 만만치 않은 경쟁력을 키워가고 있어.노병우(이하 노) : 아마도 실용성과 레저라는 최근 사회 분위기와 가장 잘 맞아 떨어져 나타난 현상으로 보여요. 사실 그전에는 CUV에 대한 별다른 관심조차 없었잖아요.한국GM의 주도로 개발돼 지난 2013년 3월 국내시장에 출시된 쉐보레 트랙스는 도심형 SUV를 의미하는 ULV(Urban Life Vehicle) 세그먼트를 국내 최초로 개척한 차량이다. ⓒ 프라임경제전 : 특히 QM3는 최근 물량 공급이 원활해지면서 판매에 탄력을 붙은 모습이야. 가격이나 실용성 측면에서 20~30대는 물론, 모든 세대들에게 어울리는 국민 CUV라고나 할까.노 : QM3의 인기는 인정하지만, 출시된 지 불과 1~2년 밖에 되지 않은 차를 국민 CUV라고 쉽게 단정 짓기엔 이르지 않나요? 트렌드 영향을 쉽게 받는 부분도 감안해야 하고요.오히려 출시 당시 큰 주목을 받지 못한 트랙스의 경우 CUV 시장이 확대되면서 꾸준한 판매고를 올리고 있는 알짜배기 모델이죠. 판매량이 전년에 대비해 계속 증가하고 있고, 소비자들의 긍정적인 반응도 끊이지 않고 있어요.전 : 실제 타보니 어때?노 : 제 생각엔 트랙스가 국내 CUV 선구자로써 주행성능 면에서 경쟁차량에 결코 뒤지지 않고 오히려 압도한다고 할까요? 특히 터보모델의 경우 국내 최초 SUV차량에 장착된 1.4L 4기통 가솔린 터보엔진과 첨단기술로 탄생한 GENⅡ 6단 자동변속기와 조합으로 최대출력 140마력과 최대토크 20.4kg·m의 성능을 자랑하죠.초반 가속력이 좋고 시내 주행에서 뛰어난 순발력과 꾸준한 가속성능도 마음에 들었어요. 도심 주행에서 답답함은 눈곱만큼도 찾아 볼 수 없어요.전 : 그래? 그런데 연비 측면에서는 트랙스가 QM3를 못 따라오네. 독일 게트락 파워시프트 듀얼클러치와의 적절한 조화를 이뤄낸 QM3는 18.5㎞/L의 연비를 자랑하거든. 1.5dCi 엔진을 탑재해 발휘해 주행성능도 △최고출력 90마력 △최대토크 22.4kg·m의 힘을 발휘하지.르노삼성자동차 내수 최다 판매 자리(2198대)를 지키고 있는 QM3는 지난 4월부터 물량 공급이 원활해지면서 지난해 월평균 판매대수인 1500여대를 훨씬 웃도는 성적을 보이고 있다. Ⓒ 프라임경제노 : 거봐요. 최고출력에서 트랙스가 훨씬 월등하잖아요. 제로백에서도 트랙스가 9.1초인 반면, QM3는 13.2초고요. 이 때문에 QM3는 일각에서 디젤엔진의 강점인 파워풀한 토크 실현이 기대에 미치지 못한다는 지적을 많이 받았던 거고요.반면, 트랙스는 가속페달을 밟으면 밟는 대로 차에 힘이 실리면서 속도가 시원하게 올라가고, 아주 경쾌하고 치고 나가요. 한국GM 측에 따르면 더블 가변 밸브 타이밍(DCVCP)이라는 장치를 통해 흡·배기 타이밍을 최적화해 엔진 효율을 극대화시켰기 때문이라고 하더라고요.여기에 핸들링이나 정교한 코너링에서의 서스펜션 세팅도 아주 만족스러운 것은 물론, 매끈한 주행감처럼 엔진음도 경쾌하고 산뜻해요. 달리는 즐거움과 듣는 즐거움을 동시에 누릴 수 있다고나 할까요. 트랙스는 QM3와 비교해 주행성능에 있어서는 훨씬 뛰어나다고 생각해요.전 : 아니지. 꼭 최고출력이 높다고 좋은 건 아니라고 생각해. 게다가 해당 세그먼트는 도심 주행이 많은 만큼 연비를 가장 중요하게 생각해야지. 게다가 개성을 추구하는 소비자들이 늘어난 만큼 디자인도 중요하지.노 : 그러니까요. 트랙스는 주행성능뿐 아니라 디자인에 있어서도 미국 브랜드 특성상 특유의 커다란 차체를 자랑해요. 얼핏 봐도 트랙스가 QM3보다 훨씬 커 웅장함이 느껴진다고 할까?◆실용성·경제성 월등한 QM3 'CUV 끝판왕'전 : 하지만 QM3의 경우 실내공간을 좌우하는 휠베이스나 전폭이 각각 2605㎜, 1780㎜로 오히려 트랙스(2555mm·1775mm)보다 길잖아. 그런 측면에서 오히려 QM3가 실용성이 뛰어나지.내·외장 디자인도 그래. QM3는 외관부터 프랑스 르노그룹의 최신 디자인 트렌드를 반영한 감각적인 스타일링이 특징이지. 부드러우면서도 균형 잡힌 디자인과 세련된 감성과 자신감, 역동성이 절묘하게 조화를 이루지.사진 왼쪽부터 쉐보레 트랙스와 르노삼성 QM3 실내공간. Ⓒ 프라임경제또 컴팩트한 차체에 17인치 대형 휠이 결합되면서 스포티한 매력을 뿜어내는 동시에 견고하고 단단한 느낌으로, 유연하면서도 강인한 인상의 외관과 강하게 경사진 전면 유리가 다이내믹한 느낌이 가미됐어.또 실내는 우수한 디자인에 편리한 드라이빙을 위한 스마트한 아이디어까지 돋보여. 특허 받은 탈착식 지퍼형 시트커버와 같은 혁신적 아이디어를 적용해 일상에서의 편리함을 강화하는 데 중점을 뒀어. 지퍼로 간단히 분리해 가정에서 쉽게 세탁할 수 있고 다양한 디자인과 컬러 시트로 쉽게 인테리어를 바꿀 수도 있어.노 : 이전 모델은 모르겠지만, 지난 4월 선보인 트랙스 프리미엄 에디션은 내·외관 디자인을 보강하고 실용성을 극대화한 프리미엄 아이템을 대거 채택하는 등 상품성을 높였어요.디테일이 돋보이는 18인치 알로이휠과 크롬 테일 게이트 핸들을 적용하는 등 한층 세련된 스타일을 선보였거든요. 여기에 균형미와 세련된 디테일의 크롬 프론트 그릴이 기본 적용돼 한층 입체감 있고 고급스러운 외관 디자인을 완성했죠. 또 프리미엄 플로어 매트와 깔끔한 트렁크 공간을 연출하는 카고 트레이를 채택해 실용적이면서도 정돈된 실내 공간도 제공한다니까요.사진 왼쪽부터 쉐보레 트랙스와 QM3 트렁크. Ⓒ 프라임경제때문에 트랙스 실내 공간은 SUV의 강점인 실용성을 극대화한 차량이라는 평을 받고 있어요. 방금 말했던 것처럼 여유로운 승차공간과 수납공간으로 다양한 형태의 화물적재가 가능하기 때문이에요.실제 여유로운 차체(전장 4245mm·전고 1670mm)를 바탕으로 성인 5명이 여유롭게 승차할 수 있고, 뒷좌석에 6대 4 폴딩 시트를 적용하고 앞좌석 동반석이 평평하게 접힐 수 있게 설계돼 필요에 따라 총 8가지의 다양한 공간연출도 가능하죠.전 : 네가 말한 ‘효율성과 편의성’은 가성비로 따졌을 때 QM3 최고의 장점으로 꼽을 수 있지. 슬라이딩 벤치 시트를 최대한 당겼을 경우 적재공간은 377L에서 455L까지 확보할 수 있거든. 또 트렁크 높낮이를 조절하면 화물용 캐리어 정도는 가뿐히 들어가는 만큼 일상생활에 편의성을 더했어.노 : 하지만 QM3 전장과 전고가 트랙스보다 짧고 낮아서 2열과 트렁크 공간이 비교적 협소하고, SUV의 장점 중 하나인 높은 시야 확보가 어렵다는 단점이 존재하잖아요.사진 왼쪽부터 쉐보레 트랙스 1.4L 4기통 가솔린 터보엔진, 르노삼성 QM3 1.5dCi 엔진. Ⓒ 프라임경제게다가 트랙스는 안전성을 최우선 가치로 하는 한국GM 특유의 DNA에 따라 최첨단 안전사양 및 기술들을 바탕으로 여러 곳에서 안전성을 입증 받고 있어요.반면, QM3는 지난해 신차안전도 평가에서 77.2점을 획득, 가장 낮은 5등급에 그친 거 아시죠? 특히 정면충돌 테스트에서 운전자의 두부 손상 보호 정도가 '열등'으로 나타났고, 이는 가장 빈번한 차량 사고 유형인 정면충돌 시 사망률이 최대 약 60%에 달하는 등 매우 위험한 결과를 초래할 수 있잖아요.더불어 QM3는 트랙스에 기본으로 적용된 커튼 에어백을 옵션사항으로도 선택할 수 없어 2열에 타고 있는 소중한 가족, 친구를 보호할 수 없다는 치명적인 단점까지 존재하죠.전 :　아무튼 트랙스가 QM3는 여러모로 상품성과 내수판매 실적에 있어 우열을 가리기 어려운 모델인건 맞는 거 같다. 소비자들에게 흥미진진한 비교대상이 될 수밖에 없네."
306826,[카수다] '작은 놈들 전성시대' A3  vs CLA클래스,전훈식·노병우 기자,2015.05.14 10:20:12,"최근 품질과 성능, 디자인 등 다양한 측면에서 중형차 못지않게 뛰어난 프리미엄 콤팩트 차량이 큰 인기를 끌고 있는 가운데, 이번 카수다에서는 '4도어 콤팩트 쿠페' 메르세데스-벤츠 CLA 클래스와 '전통 프리미엄 소형 세단' A3를 소재로 삼았다. Ⓒ 프라임경제[프라임경제] 최근 소형 세그먼트의 경우 국내 자동차시장에서는 약세를 면치 못하고 있지만, 프리미엄시장에서는 적지 않은 판매고를 올리고 있다. 주 타깃인 20~30대의 젊은 층들의 구매능력이 크게 향상되면서 이들이 수입차 시장으로 시선을 돌리고 있기 때문이다.무엇보다 수입차 브랜드들이 △품질 △성능 △디자인 등 다양한 측면에서 중형차 못지않게 뛰어난 프리미엄 콤팩트 차량을 대거 선보이면서 해당 세그먼트 시장은 지속적인 성장세를 거듭하고 있다. 이에 이번 카수다에서는 '4도어 콤팩트 쿠페' 메르세데스-벤츠 CLA 클래스(이하 CLA)와 '전통 프리미엄 소형 세단' A3를 소재로 삼았다.◆'프리미엄의 품격' CLA클래스, 완벽한 디자인전훈식 기자(이하 전) : 최근 20~30대의 젊은 층들이 예전과 다르게 수입차를 구매하는 성향이 늘어나는 것 같네.노병우 기자(이하 노) : 맞아요. 최근에는 수입차 브랜드들이 콤팩트 모델을 다양하게 선보이면서 선택의 폭이 넓어졌잖아요. 그래서 그런지 제 주변 지인들도 수입차 구매를 놓고 고민하는 사람들이 많아졌어요.전 : 그렇지. 특히 가격 측면에서 넘볼 수 없던 프리미엄 브랜드들도 상대적으로 저렴해지고, 각종 프로모션이나 할부상품도 늘어나면서 수입차를 고려하던 젊은 층에게 아주 좋은 기회지.CLA는 유려한 쿠페 스타일의 외관이 돋보이는 메르세데스-벤츠의 프리미엄 콤팩트 세단이다. Ⓒ 프라임경제노 : 사실 중형 이상의 모델은 금전적으로 부담이 되니깐 보통 콤팩트 시장 쪽을 두드리기가 쉽죠. 그러다보니 콤팩트시장에서 A3나 그보다 약간 고가의 CLA 판매가 증가하는 것 같아요.전 : 솔직히 A3(2.0 TDI 기준 4290만원)가 CLA(200 CDI 기준 4390만원)보다 저렴하지만, 주행성능이나 디자인 등에선 A3가 낫지 않아?노 : 수입차 선택에 있어서 가격이 큰 비중을 차지하지만, 요즘엔 디자인이나 브랜드 파워를 더 중요시 여기는 게 없지 않아 있잖아요. 브랜드 파워 하면 단연 벤츠죠.게다가 보다 아방가르드하고 젊어진 CLA 디자인은 럭셔리 쿠페의 원조인 CLS 클래스 디자인을 계승해 개성 있는 디자인을 자랑하면서 젊은 층의 이목을 사로잡기에 충분하잖아요. 매력적인 스포츠카 비율과 4-도어 쿠페의 다이내믹한 디자인, 특히 파워풀하고 역동적인 직선라인은 CLA의 스포티함을 한층 강조하면서 강렬한 인상을 심어주죠.전 : CLA가 쿠페 느낌이라면, A3는 전체적으로 세단의 일체감 있는 스타일링을 살리면서 일반적인 패밀리카 느낌이 물씬 풍기지. 심플한 라인 하나만으로도 브랜드 특유 프리미엄 이미지를 유지해 전통적 세단의 클래식함과 쿠페의 스마트하면서 날렵한 이미지가 조화를 이루면서 우아하면서도 감각적이고 스포티한 스타일을 보여준다고 할까.차체크기도 △전장 4456mm △전폭 1796mm △전고 1416mm로, 해치백대비 전장이 146mm 길어지고 전폭이 11mm 넓어졌어.노 : 그렇게 보면 CLA(전장 4630mm·전폭 1775mm·전고 1435mm)가 더 풍부하고 여유로운 사이즈라고 할 수 있죠.또 벤츠하면 차량 전면부에 웅장하게 자리 잡은 '세 꼭지의 별' 엠블럼 알죠? 여기에 측면부는 세 줄의 캐릭터 라인을 통해 파워풀한 근육질 인상을 주는 것은 물론, 프레임 없는 창문이 더해져 스포츠형 쿠페의 아름다움을 극대화시켰죠.전 : A3도 마찬가지야. 브랜드 특유 정체성이 녹아있는 모노 프레임의 커다란 라디에이터 그릴이 가장 먼저 눈에 들어오지. 여기에 LED 주간운행등과 각진 헤드램프로 보다 세련되고 깔끔한 인상을 전달하는 동시에 패밀리룩의 풍취가 진하게 풍기기도 하고. 측면 디자인도 빛이 굴절되는 모양의 토네이도 라인이 전체를 휘감으며 역동적인 매력을 한층 높여주지.아우디 A3 세단은 지난해 수입차 프리미엄 브랜드 국내 최초로 '4도어 프리미엄 콤팩트 세단'이라는 새로운 지평을 개척했다는 평을 받고 있다. Ⓒ 프라임경제인테리어 역시 절제된 세련미가 돋보이는 게 아우디가 자랑하는 장인정신의 정밀함과 눈으로 보는 즐거움, 최고급 마감재의 촉감으로 전달되는 만족감을 동시에 전달해.노 : 잠시만요. CLA는 문을 여는 순간 감탄사가 바로 나와요. 벤츠 특유의 고급스런 실내 구성이 엿보이거든요. 전반적으로 인테리어의 경우 적당한 기교와 사치가 서로 적절하게 조화를 이뤘고, 특히 대부분을 차지하는 베이지 톤의 색상은 고급스러움을 배가시키죠.뿐만 아니라 탑승자를 위해 낮게 배치된 시트 포지션으로 안락한 느낌을 선사하는 것은 물론, 기존 쿠페와는 달리 운전석이 생각 외로 넓고 쾌적하기까지 하죠. 전면유리를 통해 들어오는 풍경도 갑갑하다는 느낌이 전혀 들지 않아요. 게다가 실내공간을 좌우하는 휠베이스도 CLA(2700mm)가 A3(2637mm)보다 길잖아요.전 : 물론, A3가 단순 수치상으로 따지면 더 불편해보일 수도 있어. 하지만 CLA는 쿠페형 모델인 만큼 공간이 충분한 운전석 및 조수석과 달리 뒷좌석은 다소 좁아 효용성이 의외로 충분하지 않은 것으로 알고 있거든.오히려 작은 차체에도 불구하고 휠베이스를 극대화한 A3가 세단인 만큼 뒷좌석 승객에게 여유로운 공간을 제격이라고 할 수 있지. 트렁크 적재공간도 425L의 넉넉한 크기를 자랑하고, 뒷좌석 등받이를 접으면 긴 물건도 무리 없이 실을 수 있어. 그만큼 레저나 패밀리카로도 손색이 없을 정도로 실용성도 높다는 거지.◆'전통 세단' 앞세운 A3, 뛰어난 주행성능에 높은 실용성노 : 그럼 주행성능을 비교해볼까요. CLA 200 CDI는 신형 1.8L 직렬 4기통 디젤엔진을 장착해 △최고출력 136마력 △최대토크 30.6kg·m의 강력한 주행성능을 자랑해요. 최고 속도도 220km/h이고, 제로백(100km/h 도달 시간)은 9.4초죠.전 : 아우디 A3 2.0 TDI는 2.0L 직분사 디젤엔진을 장착해 △최고출력 150마력 △최대토크 32.7kg·m의 성능을 발휘해. 최고속도(219km/h)는 CLA와 큰 차이가 없지만, 오히려 제로백은 8.4초에 불과할 정도로 높은 가속 성능을 자랑한다고.아우디 A3 2.0 TDI에 장착된 2.0L 직분사 디젤엔진(사진 왼쪽)은 △최고출력 150마력 △최대토크 32.7kg·m의 힘을 발휘하며, CLA 200 CDI의 1.8L 직렬 4기통 디젤엔진의 경우 △최고출력 136마력 △최대토크 30.6kg·m의 강력한 주행성능을 자랑한다. Ⓒ 프라임경제무엇보다 A3의 또 다른 강점이 부각되는 곳은 바로 핸들링과 코너링이야. 전륜구동(FF) 모델치곤 핸들링이 상당히 정확하고 날카로워. 브랜드 특유의 콰트로 시스템이 적용되지 않았지만, 저속과 고속 코너링에서의 차체 회복력이 수준급이야.노 : CLA 200 CDI은 아니지만, 전륜구동 기반의 가변식 4륜구동 시스템인 4매틱(MATIC)이 적용된 CLA 200 CDI 4매틱은 모든 도로 조건에서 최적의 트랙션과 주행 역동성을 선사해요. 전자 제어 멀티 디스크 클러치가 후륜 액슬과 연계돼 100% 전륜구동 방식에서 운전상황에 따라 자동으로 '50대 50'으로 토크가 배분되기도 하고, 4ETS 기능이 함께 작동돼 민첩하고 안전한 주행성능을 제공하죠.또 역동성과 효율성을 자랑하는 신형 디젤엔진과 7단 듀얼 클러치 변속기의 이상적인 조합은 높은 연료 효율성을 만족시키고 운전자에게 재밌는 드라이빙을 제공한다니까요.특히 총 400㎞의 주행에서 얻어낸 실제 연비도 14.5km/L를 기록했어요. 일반주행이 아닌 시승인 탓에 잦은 급가감속이 이뤄진 것을 감안하면 연비는 더 놀라울 따름이지 않아요? 실제 역동성과 효율성을 자랑하는 신형 디젤엔진과 7단 듀얼 클러치 변속기의 이상적 조합을 통해 복합기준 16.6㎞/L(1등급)의 공인연비를 구현했어요.전 : 연비 측면에서는 A3(16.7km/L)와 큰 차이가 없네.지난해 수입차시장에서 소형차 판매가 2013년과 비교해 28.5% 증가하는 등 (수입차) 전체 판매 증가율을 넘어서고 있잖아. 이런 분위기에 맞춰 수입차 브랜드들이 다양한 소형차 모델을 출시해 시장 점유율 확대에 적극적인 모습을 보이기도 하고.과연 국내 소비자들이 전통적인 세단의 A3을 선택할지, 아니면 조금은 특별한 CLA를 구매할지, 어떤 모델이 젊은 층의 구매 조건을 충족시키는 모델일지 궁금하네."
338657,"[전훈식‧노병우의 카수다] 토요타 하이브리드 vs 기아 니로  ""더티디젤 잡는다""",전훈식·노병우 기자,2016.05.31 10:16:26,"대표 하이브리드 토요타 프리우스와 소형 SUV 하이브리드 기아차 니로. ⓒ 프라임경제[프라임경제]현재 자동차시장에서는 '더티 디젤'과 '연비조작'의 영향을 받아 하이브리드가 강세로 올라섰다. 이와 맞물려 국내시장에서 주를 이루던 중형세단에서 벗어나 소형화시대에 돌입하면서 대중들은 소형 하이브리드에도 차츰 관심을 보이고 있다. 이에 이번 카수다에서는 점점 크기를 키우는 친환경모델 중 대표 하이브리드 토요타 프리우스와 소형 SUV 하이브리드 기아차 니로를 소재로 삼아 이들의 경쟁력을 살펴봤다.최근 자동차시장은 지난해 밝혀진 '폭스바겐 디젤게이트'와 올해 일본차 '연비조작' 등으로 연료효율성과 친환경에 대한 논란이 끊이지 않고 있다. 특히 그동안 높은 연비로 국내외에서 큰 인기를 끌던 디젤엔진에 대한 의구심이 좀처럼 가시지 않고 있다.더불어 그동안 기술 측면에서 높이 평가 받던 닛산을 비롯한 다수 일본완성차업체에서 연비조작이 사실로 드러나면서 공인연비에 대한 믿음마저 깨진 분위기다.하지만 이런 자동차시장의 분위기는 오히려 하이브리드 기술을 꾸준히 연구하던 자동차 회사들에게 적지 않은 반대효과를 주고 있다. 더욱이 연비에만 치중하던 이전 하이브리드와 달리 최근에는 기술의 발달로 주행성능도 크게 향상되고 있어 그 효과는 배가되는 상황이다.이 때문에 소비자들도 이젠 디젤차량에 의존하지 않고, 하이브리드로 눈길을 돌리는 중이다. 현대차와 기아차도 각각 아이오닉과 니로라는 하이브리드 차량을 출시하면서 하이브리드 시장에서의 경쟁이 치열해지고 있다.격전지로 떠오르는 하이브리드 세그먼트에서 재밌는 비교대상이 될 만한 대표 하이브리드, 토요타 프리우스와 소형 SUV 하이브리드 니로를 비교 분석했다.◆주행성능까지 대폭 향상…연비와 실용성 동시 만족전훈식(이하 전): 최근 하이브리드 차량에서도 하나둘씩 소형차를 모습을 드러내고 있잖아. 특히 연비조작이나 디젤게이트 때문에 하이브리드 차량이 반대효과를 보고 있는 거겠지?노병우(이하 노): 저 역시 하이브리드에 대한 전망은 긍정적으로 생각해요. 국내 소비자들이 친환경에 대해서는 민감하지 않아도, 연비에 대해서는 예민할 수밖에 없잖아요. 다만, 문제는 퍼포먼스(주행성능) 측면이 아닐까요?2. 4세대 프리우스의 디자인 콘셉트는 아이코닉 휴먼테크(ICONIC Human-tech)다. ⓒ 프라임경제전 :예전과 달리 하이브리드 차량이 얼마나 퍼포먼스가 좋아졌는데. 대표사례가 바로 4세대 프리우스(토요타)잖아. 토요타에서는 해당모델을 향후 본인들이 만들 '보다 좋은 차' 방향성을 보여주는 출발점이라고 말할 정도지.노 :프리우스보단 니로(기아차)가 시장에서 더 좋은 반응을 얻는 것 같아요. 근래 가장 급성장한 소형 SUV인 동시에 하이브리드 기능까지 탑재해 최근 트렌드에 가장 적합한 모델이잖아요. 특히 스포티지, 쏘렌토, 모하비로 이어지는 SUV 풀 라인업을 구축한 'RV 명가' 기아차 기술력까지 총 동원됐으니 말해서 뭐해요.전 :기술력을 따지자면 프리우스를 따라갈 수 없지. 이미 4세대까지 제작될 만큼, 글로벌시장에서 하이브리드 기술력은 인정받았잖아. 특히 이번 모델은 토요타의 새로운 전사적인 구조개혁인 TNGA(Toyota New Global Architecture)가 처음으로 적용됐어.이전 뛰어난 연비는 기본으로 '멋스러움을 돋보이게 하는 저중심 스타일'이나 '뛰어난 주행과 승차감 그리고 정숙성'이라는 기본성능까지 대폭적으로 향상됐잖아. 이 때문에 외관도 엄청 화려해졌어. 멀리서 봐도 한눈에 프리우스임을 알 수 있는 디자인 요소들이 차량 곳곳에 배치됐다고 할 수 있지.니로의 외관은 SUV만의 스타일을 강조하면서도 연비와 실용성을 동시에 만족시키는 것에 역점을 둔 것이 특징이다. ⓒ 프라임경제노 :오히려 프리우스는 디자인 측면에선 기존 틀에서 크게 벗어나지 못한 것 같던데요. 반면, 니로는 SUV만의 스타일을 강조하면서도 연비와 실용성을 동시에 만족시키는 것에 역점을 뒀죠.기아차 특유 호랑이코 그릴이 인상적인 전면부에선 범퍼 좌우 '휠 에어커튼'과 하단그릴 내부에 장착된 '액티브 에어플랩'은 공기흐름과 공기유입을 제어해 최적의 공력성능을 구현하기도 하고, 뛰어난 스타일과 연비 향상의 효과를 동시에 잡았죠.여기에 측면부에선 공력성능에 최적화된 유려한 루프라인을 갖췄고, 특히 루프랙(자동차 천장에 달린 캐리어 고정장치)을 전 트림에 기본 적용해 SUV 역동성과 실용성을 강조했어요. 또 후방카메라를 리어와이퍼 장착부에 일체형으로 디자인하는 등 군더더기 없는 매끈한 후면부로 첨단 SUV 이미지를 나타냈죠.전 :난 프리우스 디자인이 오히려 친환경성을 대변하는 동시에 보다 강력해진 퍼포먼스를 표현하기에 충분하다고 생각해.우선 TNGA 플랫폼에 의한 저중심 패키징로 노즈 앞 끝을 70㎜, 후드 뒤 끝을 52㎜ 낮췄어. 여기에 이전 대비 전체 높이를 20㎜ 내리고, 루프 피크를 170㎜ 앞으로 전진시키면서 쉽게 말해 굉장히 잘 달릴 거 같이 생겼어. 또 새로운 패밀리 룩인 킨 룩(Keen Look)이 적용된 전면부는 Bi-Beam LED 헤드램프를 채용해 날쌘 눈매의 개성적인 디자인이 특징이야.기본 레이아웃에 대해선 호불호가 갈릴 수 있는 4세대 프리우스 인테리어(왼쪽)에선 무엇보다 '보이고, 접촉되는 부분'의 질감을 차별화한 것이 가장 큰 특징이다. 반면, 니로(오른쪽)는 모던하고 하이테크한 이미지의 조화로 동일 차급에서 보기 힘든 완성도 높은 실내 디자인을 구현했다. ⓒ 프라임경제노 :하지만 인테리어 측면을 두고 봤을 땐 니로는 모던하고 하이테크한 이미지 조화로 동일 차급에서 보기 힘들 정도로 완성도가 높아요. 연료 및 배터리 게이지와 중앙 LCD의 연결감을 극대화해 대형스크린 느낌을 강조한 전용 클러스터로 주행 정보의 시인성을 향상시켰죠.내장 컬러도 블랙 원톤과 라이트 그레이 투톤 두 가지 컬러 패키지 중 하나를 선택할 수 있는데, 특히 라이트 그레이 투톤은 에어벤트 블루 컬러 프레임 및 시트 및 도어트림 포인트 컬러 스티치로 하이브리드 SUV의 첨단이미지를 나타냈죠. 반면, 프리우스는 계기판이 중앙에 위치한 기본적인 레이아웃은 전작과 동일해 익숙하지 않은 위치에 계기판이 있어 시선이 분산된다는 의견이 나오잖아요.전 :물론 기본 레이아웃에 대해선 호불호가 갈릴 수 있지만, 불편함을 못 느꼈다는 의견도 만만치 않아. 대신 전체 높이를 내리면서도 여유로운 공간을 확보하기 위해 천장을 부드러운 곡선으로 움푹하게 디자인해 머리 위 여유 공간을 확보했어.무엇보다 보이고, 접촉되는 부분의 질감을 차별화한 것이 가장 큰 특징이야. 특히 센터터널에는 도자기나 욕조를 연상케 하는 매끄러운 소재로 제작됐어. 또 스티어링 휠은 온도변화를 억제하는 특수재질로 감싸 에너지 손실도 줄였지. 공간활용성을 극대화하기 위해 배터리 위치를 기존 트렁크에서 2열 시트 밑으로 이동시키면서 트렁크 공간을 기존 446ℓ에서 502ℓ까지 넓혔어.노 :프리우스만큼은 아니지만, 니로 역시 배터리 위치를 2열 시트 하단으로 배치해 427ℓ의 트렁크용량을 확보했어요. 여기에 2열 시트를 접어 적재공간으로 활용할 경우 적재공간은 1425ℓ까지 늘어나요. 또 상위 차급 수준을 자랑하는 축거(2700㎜)로 앞·뒤좌석 레그룸과 헤드룸을 여유 있게 디자인해 경쟁차종 대비 한층 쾌적한 거주성을 갖춘 실내공간을 구현했어요.전 :조종성과 승차감을 동시에 높이기 위한 저중심설계를 자랑하는 프리우스는 앞좌석 힙포인트가 이전보다 55㎜나 낮아진 게 핵심이지. 탑승자를 낮게 배치했지만, 편한 자세를 취할 수 있을지를 다시 검토해 드라이빙과 승차감 밸런스를 조화시켰다고 할까. 착좌 높이와 스티어링 휠 위치도 후방으로 40㎜ 내리고, 각도를 3도 세워 멀리 느껴지지 않아. 등받이를 세우지 않아도 팔에 여유가 생겨.◆주행 전역 걸친 연비 향상…국내판매 SUV 최대 연비전 :프리우스는 무엇보다 연비 하나만으로도 그 존재감을 나타내잖아. 이전부터 높은 연비를 자랑하던 프리우스는 이번 4세대 모델에 디젤에 필적하는 세계 최고 수준 '열효율 40%' 달성한 개량 2ZR-FXE 엔진을 장착했어. 또 효율적인 스페이스 활용과 연비향상을 동시 실현했어. 모터나 PCU 등을 각각 기본 구조부터 재검토해 손실 저감과 주행 전역에 걸친 연비 향상을 도모한 것이지.4세대 프리우스(왼쪽) 트렁크 공간을 기존 446ℓ에서 502ℓ로 확장했으며, 니로의 경우 기본 427ℓ에 2열 시트를 접어 활용할 경우 최대 적재량이 1425ℓ까지 늘어난다. ⓒ 프라임경제노 :니로가 국내 판매 중인 모든 SUV 중 가장 높은 19.5㎞/ℓ의 복합연비(16인치 휠 기준)를 달성한 건 알죠? 전용으로 개발된 신형 카파 1.6 GDI 엔진(최고출력 105마력/최대토크 15.0kgf·m)과 32kW급 모터 시스템(최고출력 43.5마력/최대토크 17.3kgf·m)을 장착했죠. 이로 인해 높은 연비는 물론, 시스템 △최고출력 141마력 △최대토크 27.0kgf·m를 달성했죠. 또 전용 6단 DCT는 특유의 빠른 변속과 뛰어난 직결성으로 경쾌한 주행감을 제공해요.무엇보다 전 모델에 기본 적용된 통합 주행모드 시스템(DMS)은 운전자가 스포츠·에코 두 가지 주행모드를 환경에 맞춰 선택할 수 있어 편의성과 다이내믹한 운전의 즐거움까지 제공해요. 뿐만 아니라 국산 소형 SUV 중 유일(2WD모델 기준)하게 후륜 서스펜션을 멀티링크 타입으로 적용해 우수한 승차감부터 뛰어난 조종안정성과 접지력까지 갖추게 됐죠.왼쪽부터 4세대 프리우스 1.8ℓ 2ZR FXE 엔진, 니로 카파 1.6 GDI 엔진. ⓒ 프라임경제전 :현실적으로 퍼포먼스에 중점으로 둔 프리우스는 저중심화·고강성 보디로 '안전·안심'하며 의도했던 대로의 주행을 실현했지. 특히 중심 높이를 낮추면서 주행 시 뛰어난 안정성과 좌우 흔들림이 적은 뛰어난 승차감을 실현했어. 물론, 더블 위시본 리어 서스펜션이 창출하는 세련된 주행도 한몫하지.노 :다른 하이브리드 차량도 마찬가지지만, 니로 역시 가격 측면에서도 적지 않은 혜택 때문에 경쟁력이 높아요. 하이브리드 차량 취득세(최대 140만원) 및 공채감면과 정부 보조금(100만원) 등 혜택에 따라 최대 80만원(프레스티지 기준)가량 내려가 동급차종 대비 가격경쟁력(개소세 3.5%, 공채할인 5% 기준)을 갖잖아요.전 :구매 당시 하이브리드 혜택은 있지만, 주차요금이나 통행료 같은 일상생활에 있어서 아직 인지도 부족으로 오히려 손해를 볼 수도 있어. 실제 같은 공영 주차장에서의 프리우스와 니로 요금이 다른 해프닝이 벌어지기도 했잖아. 수입차지만 프리우스는 친환경 차라는 인식 탓인지 실질적인 혜택을 볼 수 있어. 그런데 니로는 친환경 차량에 대한 홍보가 미흡해 손해를 볼 것 같아."
니죠. 가솔린 엔진이랑 디젤 엔진의 점화방식 자체가 다르기 때문에 그럴 리는 없어요. 가솔린 엔진은 연료와 공기가 혼합된 가스를 엔진 실린더 안에서 점화 플러그가 불꽃을 일으켜 폭발시키지만, 디젤 엔진은 고온·고압으로 공기가 압축된 실린더 내부에 압축된 디젤 연료를 뿌려 자연적으로 폭발시켜요. 즉, 디젤 엔진은 압축착화방식이어서 초기 시동걸때를 제외하면 전기장치가 시동 유지에 영향을 주지 않는 것으로 알고 있어요.전훈식:그랜저 디젤이나 SM5 D 모두 디젤 엔진을 탑재한 만큼 과연 국내 브랜드의 디젤 모델들이 수입차 파상공세를 이겨내고 자존심을 지킬지 많은 관심을 쏠릴 수밖에 없겠구나.노병우:네, 그렇죠. 두 모델 다 하반기에 출시되면서 수입차 디젤 차량과 치열한 경쟁은 물론 국산차끼리의 선의의 경쟁도 기대되는 상황이죠.[전훈식·노병우의 카수다] 다음 회에서는 20대와 30대가 여름철 가장 타고 싶은 드림카 '사막의 롤스로이스' 레인지로버와 '범블비' 쉐보레 카마로에 대해 살필 예정입니다."
341269,[카수다] 쏘나타 vs K5…'슈트'와 '캐주얼' 어느 매력 통할까,전훈식·노병우 기자,2016.06.27 11:06:05,"쏘나타와 K5는 치열한 국내 중형세단시장에서 각자의 매력을 어필하면서 공존하고 있다. ⓒ 프라임경제[프라임경제]국내자동차시장에서 중형세단 장르는 혈투의 장소다. 최근 국내외 브랜드에서 한 단계 향상된 모델을 새롭게 등장시키면서 경쟁이 더욱 치열해지고 있다. 이런 가운데 국내 대표 중형세단인 쏘나타와 K5는 해당 세그먼트 내에서 꾸준한 판매를 올리는 '스테디셀러' 역할을 톡톡히 해내고 있다. 무엇보다 이들은 같은 플랫폼을 공유하고 있지만 각기 다른 매력으로 소비자들을 유혹하고 있다. 이번 카수다에서는 현대차 쏘나타와 기아차 K5를 소재로 삼았다.자동차구매층이 젊어지면서 중형세단을 원하는 소비자들이 증가하고 있는 추세다. 기존 30~40대부터 최근에는 20대마저 준중형에서 중형세단을 구매하고 있다. 이 때문에 국내 브랜드는 물론, 수입 브랜드들까지 해당 구매층을 타깃으로 하는 다양한 마케팅 전략을 펼치고 있다.이처럼 소비자 선택의 폭이 넓어졌지만 아직까지는 쏘나타와 K5가 독보적인 점유율로 국내 중형세단시장을 장악하고 있는 상황. 물론, 플랫폼을 공유하고 있는 만큼 두 모델은 비슷한 성능과 편의·안전사양을 갖췄다. 하지만 적지 않은 부분에서 분명한 차이를 나타내고 있다.국내시장에서 독보적인 점유율을 자랑하는 쏘나타와 그 아성에 도전하는 K5. 떼려야 뗄 수 없는 두 모델의 우열을 가리기 위해 비교분석했다.◆스포티한 이단아 K5…고급에 젊음 더한 쏘나타전훈식 기자(이하 전) :　최근 국내자동차시장에서의 화두는 중형세단이지? SM6(르노삼성)도 있고, 말리부(한국GM)도 최근 출시하면서 많은 판매량을 기록하고 있잖아.노병우 기자(이하 노) : 국내 소비자들의 경우 왜건이나 해치백보다는 세단을 더 선호하긴 하죠. 아무리 SUV 열풍이라고는 하지만 세단 판매를 넘어서기엔 아직 역부족이기도 하고요. 국내 대표 중형세단이라고 하면 쏘나타와 K5겠죠?신형 K5는 국내 차량 중 유일하게 '2개의 얼굴'이란 콘셉트를 바탕으로 차량 디자인을 달리한 2가지 모델로 출시됐다. ⓒ 프라임경제물론, 두 모델은 플랫폼 공유로 겉만 다르고 속은 동일하기 때문에 주행성능이 크게 차별화되지 않아 디자인과 브랜드 인지도가 선택에 많은 영향을 미치죠.특히 45개월 동안 개발비 4900억원을 투입한 1세대 K5는 피터 슈라이어(현대·기아차 디자인 총괄) 사장 손길을 거쳐 역동적이고 날렵한 디자인을 자랑하며 'iF디자인 어워드'나 레드닷 디자인 어워드 같은 세계적인 디자인 상을 수상하기도 했죠.성능 면에서도 2000~2500cc급 중형세단시장을 독식하다시피 하던 쏘나타를 위협할 수준에 오르면서 '기아차 황금기'를 견인한 사실은 아무도 부정을 못하죠.실제 판매 수치로 봐도 대단해요. 지난 2010년 1세대 모델 출시 이후 전 세계에서 140만대 이상 판매됐을 정도로 '글로벌 중형세단'인 셈이죠. 더욱이 1세대 모델은 클래식한 디자인을 고수하던 중형차시장에서 '이단아'라 불릴 정도로 젊고 스포티함을 강조했거든요.전 : 반면 지난 1985년 10월 데뷔한 쏘나타의 경우 그야말로 국내 자동차시장에서 '중형차 대중화시대'를 개척했어. 당시 국내에 중형차가 없던 것은 아니지만, 디자인과 설계 등을 국내 기술진이 완성한 국산 고유모델이자 단일차종 최장수 브랜드라는 점에서 남다른 의미를 갖지.2017년형 쏘나타는 영 패밀리 고객을 위한 편의사양이 집중 구성된 '케어 플러스' 트림을 신설했다. ⓒ 프라임경제특히 NF 모델(2014년 출시)의 경우 2세대 제네시스에 이어 현대차 디자인 철학인 '플루이딕 스컬프처 2.0'이 두 번째로 반영되면서 향상된 디자인을 자랑했잖아. 여기에 기존 디자인이 다소 평범하다는 고객 의견을 반영해 연식변경 모델의 경우 외관디자인에 세련되면서도 젊은 느낌을 가미시켰지.전면 헤드램프에 LED 포지셔닝 주간주행등을 추가해 스포티한 이미지를 완성했고, 후면부에는 2.0 터보에 적용 중이던 LED 리어콤비램프를 전 모델에 확대 적용해 고급감과 스포티함을 강화했어. 이로써 전체적으로 젊고 세련된 느낌을 강조해 쏘나타 주 타깃 층인 젊은 고객 취향을 저격했다고 할까.노 : 오히려 3년간 총 5000억원을 투입해 완성된 신형 K5는 디자인과 상품성을 개선해 완벽에 가까웠던 상품성을 한층 끌어올렸잖아요. 게다가 2세대 역시 1세대에 버금가는 충격을 선사한 거 알죠? 기존 디자인 정체성을 계승하는 동시에 국내에서 판매되고 있는 모델 중 유일하게 '2개의 얼굴'이란 콘셉트를 내세워 차량 디자인을 달리한 두 가지 모델로 출시됐잖아요.먼저 모던함과 세련미가 강조된 MX(MODERN EXTREME) 모델은 기존 라디에이터그릴에서 헤드램프까지 크롬 라인으로 연결한 오픈링크 스타일로 매끄러운 전면 라인을 갖췄어요. 여기에 하단범퍼에 벌집 모양 안개등과 측면에는 와이드한 유광 크롬바로 강조된 에어커튼을 적용해 한층 세련됨이 한층 업그레이드 됐죠.역동적이고 스포티한 이미지를 극대화한 SX(SPORTY EXTREME) 모델은 전면 하단 인테이크홀에 안개등을 없애고 과감하게 가로 크롬바를 장착해 와이드한 이미지를 강화했죠. 더불어 무광크롬으로 강조한 에어커튼을 탑재해 스포티한 모습을 완성했다.'프리미엄 스포티(Premium Sporty)' 콘셉트의 인테리어는 운전자가 스포티한 주행을 맘껏 느낄 수 있는 반면, 탑승자는 중형세단 이상의 안락함을 누릴 수 있도록 한 것이 특징이죠.여기서 두 가지 얼굴답게 MX 모델은 라운드 스티어링 휠을, SX 모델은 D컷 스티어링 휠과 알로이 페달을 장착해 외관뿐만 아니라 내관에서도 차이점을 뒀어요. 또 동급차량 최초 동승석 워크인 디바이스를 적용해 운전자가 동승석 위치를 쉽게 조작할 수 있도록 해 동승석과 뒷좌석 편의성까지 제공하잖아요.◆최신 IT기술 '유보 2.0'…선호 편의사양 '케어 플러스'전 : 물론, 상대적으로 먼저 출시된 쏘나타가 디테일 측면에선 부족할 순 있어.노 : 디테일 측면에서만 그런가요? 솔직히 K5에 탑재된 U2 1.7 디젤엔진은 2개 클러치가 교대로 작동하면서 민첩한 변속반응 속도와 탁월한 연비개선 효과를 동시에 구현하는 7단 DCT가 함께 적용됐는데요?덕분에 성능과 경제성이 크게 향상됐잖아요. 유로6 기준도 충족시키는 동시에 복합연비도 16.8km/ℓ로 경차를 뛰어넘고요. 또 △최고출력 141마력 △최대토크 34.7kg·m의 수준 높은 동력성능을 구현했죠(16인치 타이어 기준).위에서부터 쏘나타, K5의 실내 인테리어. ⓒ 프라임경제전 : 주행성능은 동일한 플랫폼과 파워트레인을 이용하는 만큼 큰 차이점은 없지.노 : 하지만 쏘나타에는 기아차가 자랑하는 유보(UVO) 2.0이 없잖아요. 신형 K5에 탑재된 유보 2.0은 최신 IT기술을 이용한 원격제어와 차량진단 등 기능으로 더욱 편안하고 즐거운 드라이빙을 지원해주는 최첨단 텔레매틱스 서비스에요.이를 통해 거리에 관계없이 스마트폰을 이용해 원격시동이나 공조장치 제어, 주차위치 확인 등이 차량 제어가 가능하고 소모품 관리나 고장진단 등 세심한 차량관리까지 가능하다니까요.또 내비게이션에 없는 목적지도 인터넷검색으로 자동 연결돼 목적지설정이 가능한 인터넷 목적지검색, 실시간 교통정보 및 지역·시간대별 예측정보가 보다 정확히 반영된 빠른 길안내 기능도 있고요.전 : 이런 기능은 솔직히 블루링크와 큰 차이는 없다고 생각해. 다만 쏘나타는 '국가대표 중형세단답게' 여기에 한 단계 나아가 다른 부분까지 신경을 더 썼지. 1.7 디젤모델(2.0 CVVL 포함)에 여성과 아이 안전, 그리고 고급스러움을 중시하는 영 패밀리 고객 선호 편의 사양으로 구성된 '케어 플러스(CARE+)' 트림을 신설했거든.쏘나타와 K5에 동일하게 장착된 U2 1.7 디젤엔진. ⓒ 프라임경제우선 후측방 접근차량을 감지, 차량 속도와 위치를 측정해 사전에 경보해 주는 최첨단 충돌예방시스템인 '스마트 후측방 경보시스템(BSD)'과 함께 전방 주차보조시스템(PAS), 열선 스티어링 휠, 자외선 차단 앞유리 등 여성운전자 선호 편의사양들이 대거 적용됐다고.뿐만 아니라 뒷좌석에서 아이를 돌보는 부모들을 고려해 뒷좌석 열선시트 및 암레스트, 앞좌석 시트백 포켓까지 장착했지. 또 뒷좌석 매뉴얼 사이드 커튼, 전동식 뒷면 유리커튼을 적용하는 등 아이를 위한 세심한 배려를 아까지 않았는데? 아울러 케어 플러스 트림 내장에는 버건디 컬러 천연가죽시트를 적용해 고급스러움까지 높였으니 말 다했지 뭐.노 : 역시 쏘나타는 국내 중형세단 시장에서의 선구자 역할을 책임진다면, 후발주자 K5는 나름대로 캐릭터를 만들어서 충성고객을 확보하는 걸 보면 동일 플랫폼·파워트레인이라 하더라도 시장에서 각자 매력을 잘 어필했기에 간섭효과없이 서로 공존하고 있는 것이 아닐까요."
289672,[전훈식·노병우의 카수다] '獨 디젤' BMW 520d VS '日 하이브리드' 렉서스 ES300h,전훈식·노병우 기자,2014.10.08 08:56:14,"[프라임경제]최근 계속되는 고유가 현상과 더불어 친환경 열풍이 좀처럼 식을 기미를 보이지 않고 있다. 자동차업계도 이런 분위기에 휩싸여 가솔린엔진을 대신할 만한 심장 찾기에 심혈을 기울이는 상황에서 현재까지 대두된 대체 방안으로는 디젤엔진과 하이브리드엔진이 대표적이다. 과연 이들 디젤엔진과 하이브리드엔진이 까다롭기로 유명한 국내소비자들을 만족시킬 수 있을지 카수다 4편을 통해 살펴봤다.소비자 눈높이 수준이 나날이 높아지는 국내 자동차시장은 수많은 국내외 브랜드들의 치열한 경쟁을 펼치는 '자동차 왕국'이다. 그만큼 다양한 자동차 브랜드들은 국내 소비자들로부터 선택받기 위해 심혈을 기울인 신차 출시나 자신들만의 특별한 서비스를 선보이는 등 다양한 행보를 보인다.특히 가솔린 대체 연료인 디젤엔진을 장착한 독일 브랜드와 가솔린 효율성을 최대한으로 끌어올린 하이브리드엔진의 일본 브랜드 간 총성 없는 전쟁은 소비자들에겐 흥미진진한 볼거리다.카수다 네 번째 시간에서는 디젤 열풍 속 국내 수입차시장에서 부동의 1위를 지키고 있는 BMW 520d와 하이브리드 최강자 렉서스 ES300h를 비교 분석했다.◆계속되는 고유가 현상, 그리고 대체 연료노병우 기자(이하 노) :  최근 국내 자동차시장은 고유가 때문에 난리잖아요. 무엇보다 독일 디젤 열풍이 거세기도 하고, 그 중에서도 BMW 520d(이하 520d)는 거의 매달 수입차시장에서 독식할 정도니까요.전훈식 기자(이하 전) : 뭐 지금은 그렇지만 자세히 보면 현재 디젤 열풍은 일시적인 현상이 아닐까. 국내 여건상 경유 가격이 아직 휘발유보다 저렴하지만, 현재 상황이 계속된다면 경유 가격도 휘발유 못지 않게 오를 것 같은데. 실제 몇 년 전부턴 경유 인상 폭이 휘발유보다 훨씬 높잖아.난 오히려 이런 측면에서 디젤보다는 하이브리드가 더 낫다고 생각해. 그 중에서도 굳이 뽑자면 렉서스 ES300h(이하 ES300h)가 현재 고유가 시대를 가장 적절하게 대처할 수 있는 최적의 선택이랄까.BMW 5시리즈는 지난 1972년 선보인 이래 지금까지 전 세계적으로 660만대 이상 판매됐으며, '최고의 프리미엄 비즈니스 세단' 및 '글로벌 베스트셀링카'라는 명성을 얻고 있다. ⓒ BMW 코리아노 : 하지만 디젤 열풍을 일시적인 현상이라고 하기에는 수입차시장에서의 디젤 비중이 70% 정도나 되잖아요. 단정 짓기에는 조금 섣부른 얘기가 아닌가요? 나날이 디젤 모델을 선호하는 증가세도 매섭고요. 또 경유 가격이 올라 휘발유와 비슷해지더라도 연비를 감안한다면 당연히 디젤모델이 우세할 것 같은데요?전 : 가솔린엔진의 연비도 기술 과학의 발달로 많이 개선됐어. 특히 최근에는 하이브리드까지 더해진 모델들은 실용적인 측면에서 무시할 수 없는 수준이지. 단순히 연비뿐만 아니라 고온·고압으로 공기가 압축된 실린더 내부에 연료를 분사해 자연 폭발시키는 디젤 특성상 가솔린과 비교할 수 없을 만큼 소음이나 진동이 심각하잖아.노 : 물론 가솔린이나 하이브리드와 소음이랑 진동을 비교하면 디젤 모델 특성상 그들보다 뛰어날 순 없죠. 그렇지만 520d 소음이나 진동이 아주 심각하다면, 어떻게 수입차 월별 베스트셀링에서 수많은 1위의 경력을 쌓을 수 있었겠어요. 그 말은 소음과 진동이 있다한들 운전하는데 전혀 문제나 영향을 주지 않는다는 거죠.전 : 사실 나는 디젤엔진이 친환경이라는 것도 뭔가 잘못됐다고 생각해. 지구온난화 원인으로 지목되는 온실가스는 가솔린엔진에서 많이 나오지만, 디젤에서는 산성비 원인이 되는 질소산화물이 많이 배출되니까….노 : 때문에 BMW는 뉴 520d에 EU6 배기가스 기준을 충족시켰어요. 디젤 매연 집진 필터와 질소산화물을 산화하는 촉매 컨버터를 결합한 BMW 블루퍼포먼스를 적용했거든요. 게다가 520d는 국내에서 저공해자동차 2종으로 분류돼 전국 공영주차장 50% 할인까지 받을 수 있는데요?◆BMW 대세론 혹은 렉서스 전통 프리미엄전 : 520d만 두고 봤을 때에도 만족스럽진 않아. 우선 최대 약점으로 바로 '강남쏘나타'라 불릴 만큼 너무 흔하다는 거지. 역동적이며 우아하다던 디자인마저 이젠 감흥이 사라질 정도니깐.노 : 그게 무슨 소리죠? 무난하고 깔끔한 디자인이 제일 질리지 않는다는 거 모르세요? 자동차가 한두 푼 하는 것도 아니고 차를 선택할 때 디자인을 중요시 여기는 시대잖아요. 디자인이 질렸다면 사람들도 구매를 하지 않겠죠. 흔해졌더라도 인기 있는 건 다 그만한 이유가 있는 법이죠.게다가 지난해 9월 출시된 페이스리프트 모델의 경우 기존 디자인을 유지하는 동시에 키드니 그릴과 범퍼, 헤드라이트, 리어램프 등에 약간의 변화를 줬어요. 덕분에 전반적으로 윤곽이 한층 역동적이고 날렵해졌고요.디젤엔진가 부담스런 520d와는 달리, ES300h는 브랜드 특유의 정숙성에 하이브리드 시스템의 적절한 조화를 이루면서 최고 수준의 정숙성을 자랑한다. Ⓒ 한국토요타전 : 그것도 그렇지만, 독일차는 보통 한국인들이 사용하기에 불편한 내비게이션도 장착됐잖아.노 : 뭐, 실제 불편하다는 의견들도 많지만, 520d에는 한국형 내비게이션이 장착되기도 했어요. 무엇보다 이번에는 터치 컨트롤러 기능이 추가된 i드라이브(drive)는 원하는 목적지를 보다 간편하게 손으로 직접 입력할 수도 있어요. 물론 한글도 지원하고요. 한국산 내비게이션에 비하면 부족하다고 느낄 수는 있죠.오히려 ES300h가 디자인 측면에선 할 말이 없지 않나요? BMW보다 브랜드 이미지도 떨어지고, 내·외관 디자인도 프리미엄 비즈니스 세단이라고 하기엔 굉장히 올드하고 촌스럽던데요?전 : 그건 디자인에 대해 전혀 관심이 없는 아마추어들이나 하는 말이지. BMW 프리미엄은 진정한 의미의 프리미엄이라 할 수 없잖아. 뼈대 자체가 프리미엄을 지향했던 벤츠나 렉서스와는 달리, BMW는 뛰어난 항공기 엔진 기술력을 바탕으로 현재 자리에 올라섰으니깐. 이런 BMW와는 달리 렉서스는 계발 단계서부터 미국 고위층의 프리미엄을 겨냥해 브랜드가 론칭했으니깐.디자인도 그래. 단순히 트렌디한 스타일을 쫓기보다는 기존 세련되고 조용한 실내공간과 편안한 승차감은 그대로 유지하면서 '유리세공'과 같은 섬세한 디테일이 추가돼 전통 프리미엄 느낌을 더욱 살렸지. 특히 전면부 상하 그릴이 통합된 스핀들 그릴과 화살촉 L자형 헤드램프를 보면 공격적 형상이 마치 살아있다는 느낌이 들지 않아?정숙성 측면에서도 봐도 그래. 시끄러운 디젤엔진의 520d와는 달리, ES300h는 브랜드 특유의 정숙성에 하이브리드 시스템의 적절한 조화를 이루면서 최고 수준의 정숙성을 자랑하거든.노 : 아까도 말했지만 굳이 가솔린이나 하이브리드와 비교하면 좋은 평가를 받긴 힘든데, 같은 디젤 모델들과 비교하면 정숙성이 떨어진다고 할 수 없어요. 집중해서 듣지 않으면 잘 들리지도 않고, 오히려 작게 들리는 '크릉크릉'하는 엔진음이 운전에 흥미를 돋우는 역할을 한다고 선호하는 사람들도 꽤 많아요.◆주행성능·취향 따라 분명한 호불호노 : 대신 디젤엔진답게 주행능력에 있어서 힘도 좋고, 도로와 접지력도 좋은 편이죠. 오히려 하이브리드가 연비와 낮은 배기가스 배출에 있어서는 어느 정도 합격점을 받고 있지만, 자동차 본질인 가속력과 같은 주행성능은 부족하잖아요.외관 디자인은 섬세하고 스포티한 것은 물론 전반적으로 윤곽이 역동적이면서도 날렵하다면, 인테리어는 정교하고 고급스러운 이미지가 돋보인다. ⓒ BMW 코리아전 : 네가 원하는 건 520d 드라이브 특성에 불과하잖아. 오히려 내가 느끼기엔 때론 역동적이지만, 때론 부드럽게 다가오는 ES300h 주행감이 뛰어나다고 생각해. 특히 직선구간 급가속할 땐 거세게 몰아붙이는 게 힘이 부족하다는 느낌은 전혀 들질 않아.이게 다가 아냐. ES300h는 저속에선 배터리로만, 중저속(40~100㎞/h) 구간에선 엔진과 배터리가 함께 힘을 발휘해. 특히 내리막 구간이나 제동할 때 바퀴에서 발생하는 동력은 배터리에 저장되기 때문에 연료 효율성도 높아지지. 또 전기모터의 힘으로 출발하다 보니 시동을 켤 때 엔진 소리가 없어. 골목길 저속 주행 시에는 지나가는 행인이 바로 옆 차를 인식하지 못할 만큼 조용하지.노 :　저소음을 중시하는 소비자에게 ES300h가 인기 있는 것은 사실이지만, 가속 페달을 밟으면 rpm이 치솟고 엔진이 바쁘게 돌아가는 소리도 들려야 운전을 하는 맛이 아닌가요? 근데 ES300h는 이런 느낌이 전혀 없잖아요. 역동적으로 차를 주행하는 젊은 층에겐 잘 맞지 않는 것 같은데….전 : 고객이 그런 느낌을 원한다면, 네 말대로 디젤엔진이 장착된 차량을 사야겠지. 하지만 국내에선 아직 저소음을 중시하는 사람들이 많을 뿐만 아니라, ES300h 구매 고객은 과격한 드라이빙보다는 부드러운 주행을 더 좋아하는 고객들이 많아.노 : 하지만 ES300h는 520d보다 복합 공인 연비도 낮잖아요.계발 단계서부터 미국 고위층을 겨냥한 렉서스 ES 디자인은 기존 전통을 살리면서 '유리세공'과 같은 섬세한 디테일이 추가되면서 프리미엄 느낌을 한층 부각시켰다. Ⓒ 한국토요타전 : 솔직히 ES300h의 복합 공인 연비는 520d보다 낮은 16.4㎞/L야. 하지만 서울과 같이 정체가 심한 도심에서는 복합연비와 거의 차이가 없는 16.1㎞/L로 뛰어난 연료 효율성을 자랑하지. 반면, 520d의 경우 도심에서는 현저히 낮아지잖아.노 : 도심연비의 경우 워낙 정체가 심하고, 가다 서다를 반복하다보니 공인연비에 못 미치는 경우도 종종 있죠. 그런데 기본적인 연비효율성이 뒤쳐지는 건 아니에요. 실제 뉴 520d의 복합연비는 무려 17(16.9)㎞/L에 달해요. 배기량이 비슷한 경쟁 모델이나 국산 가솔린 모델에 비해 월등한 효율성이죠.전 : 유지비에서 연비로 이익을 볼 순 있어도, 디젤엔진 특성상 소모품도 비싸고 인젝터나 고압펌프처럼 목돈 들어가는 부품 '부품 유지비가 만만치 않을 텐데. 또 배기가스 문제를 해결하기 위해 장착된 매연여과장치(DPF)와 디젤산화촉매장치(DOC) 등의 후처리장치도 수입차의 경우 보통 300만~400만원에서 많게는 600만원까지도 감수해야 하잖아.노병우 : 요즘 디젤차는 적시 소모품 교체와 정기점검만으로도 충분하고, 최근에는 부품가격도 감소하는 추세에요. 또 BMW같은 경우 소모품 교환과 정기 점검 서비스인 'BMW 서비스 인클루시브(BSI)' 플러스와 차량 보증 수리 기간을 연장하는 '워런티 플러스'도 있어요.특히 'BSI 플러스'의 장점은 한번 패키지를 구입하면 차후 물가 상승에 따른 부품값과 공임 인상이 없다는 점이고, 워런티 플러스 역시 단 한 번의 패키지 구입으로 별도 비용 부담 없이 보증 부품에 대한 교환이 가능하죠.여기에 BMW의 경우 서비스센터도 수입차 중 가장 많고, 최근 개장한 영종도 드라이빙 센터에서도 구매 전에 미리 체험할 수도 있죠.전 : 결국 두 차량을 비교했을 땐 단순히 수치나 객관적인 느낌만으로 비교하기에는 턱없이 부족하네. 근데 확신할 수 있는 건, 디젤이나 하이브리드를 선택에 있어서 개인이 어떤 주행성능을 선호하는지 그리고 디자인 취향에 따라 호불호가 분명하게 갈릴 것으로 보이네.노 : 네, 제가 생각하기에도 단순히 브랜드 파워나 간단한 평가로만 결정하기보다는 직접 시승이나 오랜 기간 고심을 통해 결정해야 한다고 생각해요.[전훈식·노병우의 카수다] 다음 회에서는 대표 '한 지붕 두 가족' 차량인 아우디 A4와 폭스바겐 CC에 대해 살필 예정입니다."
315316,[카수다] '품격 갖춘 미니미' BMW 1시리즈 vs 아우디 A1,전훈식·노병우 기자,2015.09.04 11:35:01,"작은 차체에서 뿜어져 나오는 민첩하고 다이내믹한 주행 성능이 특징인 프리미엄 소형 해치백 '뉴 아우디 A1'과 해치백 부문 유일 후륜 구동 모델이자 스포티한 주행과 효율성을 갖춘 BMW 뉴 1시리즈. ⓒ 프라임경제[프라임경제]중형세단과 SUV 세그먼트에서 성장을 거듭하고 있는 수입차 브랜드들이 이번엔 소형차시장으로 영역확장을 노리고 있다. 최근 20~30대 젊은 소비자들의 수입차 선호도가 크게 늘어나면서 수입 소형차에 대한 관심이 증가하고 있기 때문이다. 물론, 상대적으로 높은 가격을 무시할 수는 없지만, 브랜드 인지도와 상품성이 이를 대체하기에 충분하다. 이에 이번 카수다에서는 점점 커져가는 수입 소형차 중 소비자들에게 인기를 끌고 있는 BMW 1시리즈와 아우디 A1을 소재로 삼아 이들의 경쟁력을 살펴봤다.전성시대를 맞이한 수입차 브랜드들이 소형차 시장까지 영역을 넓히고 있다. 특히 수입차 시장을 장악한 독일 프리미엄 3사마저 소형차 시장에 대한 투자를 아끼지 않으면서 향후 해당 세그먼트에서의 경쟁이 더욱 치열해질 전망이다.실제 지난달 프리미엄 콤팩트카 'A 180 CDI'를 출시한 메르세데스-벤츠 코리아는 지난 2월에도 A-클래스 고성능 모델인 'A 45 AMG 4 MATIC'을 출시하는 등 라인업을 넓혔다. 아울러 BMW와 아우디 역시 최근 각각 풀 체인지 수준의 '뉴 1시리즈'와 '뉴 아우디 A1'을 각각 선보이면서 소형차 라인업 강화에 주력하고 있다.과연 수입 프리미엄 소형차에 대한 기대가 국내시장에 어떤 결과를 낳을까. 어느 세그먼트 못지않게 성장한 수입 소형차시장의 최강자를 가리기 위해 재밌는 비교대상이 될 만한 아우디 A1과 BMW 1시리즈를 비교 분석했다.◆고가? 성능·브랜드 따지면 '합리적 가격'전훈식(이하 전) : 최근 엄청난 성장을 이뤄낸 수입차 브랜드들이 하나둘씩 소형차를 출시하고 있잖아. 소형차라 하면 저렴한 가격이 장점인데, 판매가 괜찮을까?노병우(이하 노) : 아마도 브랜드 인지도와 안전성, 그리고 개성을 추구하는 최근 사회 분위기와 맞아떨어지다 보니 괜찮을 거 같은데요. 무엇보다 골프로 시작된 수입 콤팩트 차에 대한 성장세가 고공행진 중이고, 다른 독일 브랜드들도 소형차시장에 적극적인 모습이잖아요.3도어 '뉴 아우디 A1 30 TDI'는 부분 변경을 통해 넉넉한 실내 공간을 제공하며, 아우디 특유의 스포티하면서도 안정감 있는 디자인을 자랑한다. ⓒ 프라임경제전 : 지난해 출시된 벤츠 A-클래스를 필두로, 아우디 A1과 BMW 1시리즈가 2030대 젊은 층에게 인기를 끌고 있긴 하지. 하지만 역시 소형차치고는 가격이 부담되지 않을까?노 : 솔직히 가격이 부담이 안되는 건 아니지만, 평소 수입차에 관심을 보인 소비자라면 나쁘지 않다고 생각해요. 아우디 A1 3도어 스포트백 30 TDI 가격(3270만원)도 성능이나 브랜드 가치 등을 따져보면 합리적인 가격인 것 같기도 하고요.전 : 프리미엄 소형차라면 차라리 뉴 118d 스포츠 라인(BMW)이 괜찮지. 비록 A1과 비교해 가격(3890만원)은 비싸지만, 주행성능이나 편의 및 안전사양도 괜찮고. 디자인 측면에서도 전·후면 외관이 대폭 변경되면서 보다 날렵하고 역동적인 모습이잖아.노 : 차라리 낫다니요? 아우디 A1는 유럽에 첫 출시(2010년 8월)된 이래 지난해까지 총 50만대나 판매된 인기 모델이에요. 뿐만 아니라 국내에서도 출시 후 40일도 되지 않아 90대 이상의 판매고를 올렸다니까요.특히 아우디는 이미 남녀노소 가리지 않고 다들 좋아할 정도로 디자인이 예술이잖아요. 부분 변경된 A1 3도어 스포트백 30 TDI는 △전장 3973㎜ △전폭 1740㎜ △전고 1416㎜로 제작되면서 실내 공간도 넉넉하죠.여기에 쐐기형 컷 디자인이 적용된 헤드라이트를 비롯해 아우디 싱글 프레임 그릴, 입체형 보닛, 헤드라이트에서 시작해 테일램프까지 이어지는 토네이도 라인과 차체 하단의 다이내믹 라인이 브랜드 특유 스포티하면서도 안정감 있는 디자인을 보여주죠.BMW 뉴 1시리즈는 전후면 외관디자인이 이전 모델 대비 대폭 변경돼 보다 날렵하고 역동적인 모습을 보여주며, 실내는 세련된 느낌을 선사한다. ⓒ 프라임경제전 : 118d도 전면부가 더욱 넓어지고 다이내믹하게 변신한 새로운 헤드라이트가 적용됐어. 또 동급 최초로 주간주행등, 전조등, 방향지시등에 모두 에너지 소모를 최소화할 수 있는 LED가 기본으로 장착됐지. 뿐만 아니라 새롭게 디자인된 키드니 그릴은 고광택 블랙 컬러를 통해 브랜드 디자인 정체성과 뉴 1시리즈만의 역동성을 드러내잖아.실내 디자인도 마찬가지로 고급스러움이 그대로 녹아 있어. 1시리즈 특유 코럴 레드 하이라이트를 포함한 고급스러운 블랙 하이그로시 트림이 적용되면서 더욱 세련된 느낌을 선사하고, 스티어링휠에는 스포츠 라인 특유 레드 스티치가 마감됐지.노 : A1도 뒤지지 않아요. 아우디는 A1 모든 모델에 제논 헤드라이트와 LED 테일라이트, 알루미늄 룩 인테리어, 앞좌석 스포츠 시트, 아우디 통합 엔터테인먼트 시스템인 MMI와 함께 6.5인치 풀컬러 내비게이션을 기본으로 장착시켰어요.뿐만 아니라 인테리어의 경우 아우디가 자랑하는 고품격 소재를 사용했는데 간결하면서도 세련된 분위기를 자아내죠. 비행기 날개에서 모티브를 얻은 곡선 형태의 계기판은 물론, 4개의 강렬한 나팔 모양 원형 통풍구는 제트 엔진 터빈을 연상시키죠.넉넉한 앞좌석 공간과 고품격 시트는 탑승자 신장에 상관없이 모든 사람에게 뛰어난 안락함을 선사하기도 하고, 270ℓ의 트렁크 공간은 뒷좌석 폴딩 시 최대 920ℓ까지 사용 가능해요.◆아우디 특유 디자인 vs BMW 최고 효율성노 : 물론 주행성능은 말해봤자 입만 아프죠. 유로6 환경 기준을 만족하는 최신 1.6 TDI 디젤엔진과 7단 S 트로닉 자동변속기가 완전한 조화를 이룬 A1은 △최고출력 116마력 △최대토크 25.5㎏·m의 뛰어난 성능을 발휘하죠. 정지상태에서 100㎞/h까지의 가속성능은 9.5초(스포트백 기준)이며, 최고속도도 200㎞/h에 달하죠.전 : 1시리즈는 최신 BMW 이피션트 다이내믹스 기술이 적용된 신형 4기통 디젤엔진을 장착해 프리미엄 소형차 부문 최고의 효율성을 실현한 걸 알고 있어?유로6 환경 기준을 만족하는 최신 1.6 TDI 디젤엔진(왼쪽)과 BMW 이피션트 다이내믹스 기술이 적용된 신형 4기통 디젤엔진(오른쪽). ⓒ 프라임경제BMW 트윈파워 터보기술이 적용된 해당 엔진은 EU6 배기가스 기준을 만족하는 것은 물론 △최고출력 150마력 △최대토크 32.7㎏·m의 △제로백 8.1초의 성능을 발휘하지. 특히 내부 효율성이 개선된 8단 스텝트로닉 변속기는 기어 단수가 많아 기어 변경 시 엔진 회전수 상승이 적은 게 특징이야.이에 따른 112d 공인 연비는 복합기준 17.4㎞/ℓ의 효율성을 실현했으며, 이산화탄소 배출량도 111g/㎞에 불과해.노 : A1의 연비(스포트백 기준 16㎞/ℓ)는 112d에 미치지 않지만, '아우디 드라이브 셀렉트'가 기본사양으로 적용되면서 운전자가 △엔진 반응속도 △기어변속 타이밍 △스티어링 감도 등을 선택할 수 있어요. 여기에 △다이내믹 △이피션시 △오토 3가지 운전 모드로 상황에 따라 자동으로 조절되는 자동차로 변신시키며 다양한 운전의 즐거움을 맛볼 수 있죠.전 : 대신 118d는 편의성과 안전을 강조하는 새로운 옵션들이 대거 장착됐어. 기본 적용되는 옵션만 해도 iDrive 시스템과 6.5인치 고해상도 디스플레이를 비롯해 △LED 헤드라이트 △전·후방 주차 센서 △후방카메라 △전동식 글라스 선루프 등 다양한 내·외장 고급 옵션이 적용됐고, BMW 커넥티드 드라이브도 포함됐어.노 : 중요한 건 최근 젊은 층을 중심으로 소형 해치백모델에 대한 시장 수요가 늘어나면서 다양한 브랜드들이 라인업을 확대하고 있다는 거죠. 결국 소비자들이 어떤 브랜드를 선호하는지, 또 어떤 디자인이나 성능을 원하는지에 따라 승부가 갈리겠는데요."
287204,[전훈식‧노병우의 카수다] 자동차사와 통상임금…특별한 함수관계,전훈식·노병우 기자,2014.08.29 09:44:21,"[프라임경제] 최근 국산차 브랜드들이 통상임금의 영향으로 좀처럼 임금단체 협상에서 좀처럼 갈피를 잡지 못하고 있다. 지난해 12월 대법원은 그간 통상임금 판례와 고용노동부 예규(1988년 제정) 사이의 수차례 제시된 해석상의 논란을 잠재우기 위해 종합적으로 정리해 제시했지만, 그간 쌓여진 갈등을 해소하기에는 턱없이 부족했기 때문이다.대법원 전원합의체 판결에 의해 정의된 '통상임금'은 근로계약에서 정한 근로를 제공하면 확정적으로 지급되는 임금이다. 여기에 복리후생금품과 같은 각종 수당과 정기상여금의 통상임금성에 대해 △정기성 △일률성 △고정성이라는 충족요건도 명확히 밝혔다. 이와 함께 고용노동부도 지난 1월 이런 판결을 바탕으로 하는 '통상임금 노사 지도지침'을 발표했다.이처럼 사법부와 노동부가 힘을 합쳐 통상임금에 대한 뚜렷한 정의를 내리면서 삼성전자와 LG전자 등을 비롯한 다수 국내 기업들이 하나둘씩 '통상임금 확대'를 인정하는 분위기가 조성됐다.하지만 자동차 업계에서는 회사가 지급하는 상여금 지급 요건을 두고 이견이 갈리면서 적지 않은 갈등이 오가고 있다. 특히 현대차의 경우 지난 25일 윤갑한 현대차 사장이 올해 임단협 최대 화두로 떠오른 통상임금 논란과 관련해 ""교섭에서 결단할 수 있는 문제가 아니다""며 ""법적인 문제이자 기업 생존이 걸린 비용의 문제이고, 대한민국 산업 전체가 붕괴될 수 있는 사회적 문제""라고 못을 박았다.통상임금을 둘러싸고 심화되고 있는 자동차 업계의 노사간 갈등을 본지 전훈식(이하 전) 기자와 노병우(이하 노) 기자가 대화 형식으로 비교 분석했다.◆'통상임금 확대' 분위기…개별 사정 따라 별도 소송 진행해야노 : 통상임금이 올해 국내 완성차업계의 임금단체 협상에서 최대 이슈로 떠올랐잖아요. 곧 추석연휴도 다가오는데 아직도 협상되지 않은 곳들도 있고, 특근거부다 파업이다 말이 많은데 어떻게 생각하세요?전 : 나도 얼마 전 쌍용차와 한국GM을 시작으로 하나둘씩 협상이 체결될 줄 알았는데, 회사마다 해당 사칙이 달라서 그런지 조금씩 지체되는 것 같아.현대자동차는 2개월에 한번씩 지급하고 있는 상여금의 '고정성' 여부를 두고 노사간 의견이 나뉘면서 '통상임금 확대' 합의를 좀처럼 체결하지 못하고 있다. Ⓒ 현대자동차노 : 사실 통상임금에서 가장 중요한 포인트는 정기상여금을 통상임금에 포함시키느냐 안 시키느냐의 문제잖아요. 포함시키기 위해서는 일률성이나 고정성과 같은 충족요건이 필요하기도 하고요.전 : 그렇지. 그리고 통상임금에 대해 고용노동부에서도 이런 판결을 토대로 비슷한 '통상임금 노사 지도지침'을 발표하기도 했지. 그러면서 삼성전자나 LG전자와 같은 대기업 다수가 '통상임금 확대'를 인정하는 분위기였고.노 : 선배 말처럼 대다수의 기업들이 통상임금 확대를 인정하는 분위기인데 몇몇 기업들은 노사 간 싸움이 치열하잖아요. 그 이유가 뭐라고 생각하세요?전 : 그건 대법원 판결이나 고용노동부 지침에서 통괄적인 해답을 제시하지 않고, 개별 기업의 구체적인 사정에 따라 별도 재판이나 소송을 진행해야 한다고 적시했어. 그러다보니 '통상임금 확대'에 대한 노사 간 해석에서 차이가 발생하는 것 같아.노 : 하긴 한국GM만 봐도 대법원 판결대로 상여금을 통상임금에 포함시키기는 했지만, 노조와 적용시점을 놓고 이견이 갈리기도 했잖아요.전 : 그렇지. 비슷한 시기에 협상을 체결한 쌍용차도 최근 실적이 빠르게 개선되는 조짐을 보이자, 소모적인 노사 분쟁을 하루빨리 해결하기 위해 상여금의 통상임금을 인정한 케이스지. 다만 현대차의 경우 쌍용차나 한국GM과는 조금 성격이 다르다고 봐야지.◆현대차 해결은 고정성 여부?노 : 현대차 노사가 통상임금에 대해서 대립하는 부분이 상여금의 '고정성' 여부죠? 하나의 시행세칙을 두고 노사가 너무 자신들의 입장에서만 해석하고 주장하고 있는 건 아닌가라는 생각이 들어요.전 : 물론 2개월에 한번씩 100%에 해당하는 상여금을 지급하는 현대차는 명분상으로 '통상임금 확대'의 의무를 지녔다고 볼 수 있어. 하지만 반대로 '상여금 지급 시행 세칙'에 명시된 '지급제외자' 조항을 살펴보면 이를 거부할 수 있다고도 판단되는데…금속노조 현대·기아 그룹사 전조합원 투쟁 결의대회가 지난 28일 양재동 본사 앞에서 진행됐다. Ⓒ 현대자동차 노조 홈페이지 캡처*현대자동차 '상여금 지급 시행세칙'에 의한 지급제외자(6.4)로는 '기준 기간 내 입사하여 개인별 실 근무 일수가 △유·무결 △미승인결근 △조합활동 무급시간 △파업 △휴업 △사직대기 △휴직 △정직 △노조전임기간(무급) 등으로 15일 미만 근무한 자'라고 명시했다.노 : 하지만 지급 제외자 조항이 논란의 여지가 될 수는 있지만, '정기상여금의 고정성' 자체를 부정할 순 없지 않아요?전 : 내 생각은 그렇지 않아. 우선 대법원은 '통상임금의 고정성'이 소정시간을 근무한 직원이 그 다음날에 퇴직한다고 하더라도 근로 대가로 당연하고 확정적으로 지급받게 되는 최소한의 임금이라 판결했어.하지만 현대차가 지급하는 상여금은 지급 제외자 조항에 의거, 15일 미만근무자에겐 제공하지 않는 '비고정적 성격'을 띄고 있기 때문에 통상임금에서 제외된다고 봐야지. 또 고용노동부가 제시한 '지도지침'에서도 '고정성 결여 사례'로 현대차 상여금을 대놓고 예를 들었어.노 : 현실적으로 지급제외자에 해당하는 대상자가 거의 발생하지 않을 거 같은데요? 현재 현대차가 상여금을 2개월에 한번 지급하고 있는데, 해당기간 중 45일 이상을 미승인결근이나, 조합 활동 무급 등이 발생할 가능성이 얼마나 되겠어요.전 : 그럴 수도 있지만, 그건 가능성에 의지한 확대해석에 불과하다고 생각해. 그 외에 주장할 수 있는 근거가 없잖아.◆퇴직자 예외 조항 '일할 계산' 적용 가능?노 : 있어요. 바로 '퇴직자에 대한 예외' 규정을 근거로 들 수 있어요. 규정상 상여금의 고정성을 인정하고 있고, 실제로도 퇴직자에게 근무일수에 비례해 상여금을 지급하고 있어요. 이처럼 근무일수에 따라 일할 계산돼 지급되는 임금은 고정성이 인정되는 거잖아요. 대법원이 퇴직자에게 일할 계산해 지급하는 금품을 통상임금으로 분류하기도 했고요.*현대자동차 '상여금 지급 시행세칙' 지급제외자 중 퇴직자에 대한 예외(6.5)로, '기준 기간 중 퇴직한 자에 대해서는 실 근무 일수에 해당하는 지급률로 상여금을 산정하여 퇴직금 지급시에 지급한다'고 명시했다.전 : 하지만 관련 규정 적용 대상은 퇴직자에 불과하며, 예외 조항에 해당되지 않으면 기본 조항을 적용하는 게 맞는 거라고 생각해.노 : 그렇게도 볼 수 있겠네요. 사실 저는 현대차가 실현 가능성이 거의 없어 보이는 '지급제외자' 조항 하나로 전체 정기상여금을 통상임금에 포함시키지 않으려는 꼼수를 부리는 건 아닌가 하는 생각이 들어요.현대자동차 상여금 지급 시행세칙과 고용노동부 통상임금 노사 지도지침. Ⓒ 프라임경제전 : 응. 네 말도 어느 정도 일리가 있어. 결국 내년 1심이 어떠한 판결이 나오느냐에 따라 양측의 행동이 달라지겠지.노 : 맞아요. 어쨌든 노사 갈등이 심화될수록 발생하는 피해는 결국 자신들의 몫으로 돌아올 수밖에 없잖아요. 그러니까 그전까지 노사가 자신들의 주장만을 너무 고집하지 않고 서로 한발씩 양보하는 자세로 교섭했으면 좋겠어요. 사실 교섭이라는 게 어떤 일을 이루기 위해 서로 의논하고 절충하는 자리잖아요."
298772,"[카수다] ""귀성길 왕은 바로 나"" SUV 쏘렌토 vs 미니밴 오딧세이",전훈식·노병우 기자,2015.02.05 18:13:48,"이번 카수다에서는 명절이나 휴가철 가족들과 떠나는 여행길 동반자 역할을 하기에 충분한 '국가 대표 프리미엄 SUV 쏘렌토'와 '수입차 대표 미니밴' 오딧세이를 비교 분석했다. Ⓒ 프라임경제[프라임경제]갈 길은 먼데 고속도로를 메운 차량 행렬은 움직일 생각을 안 한다. 설 귀성길. 당연히 차가 밀릴 것이라 생각은 하지만 막상 고속도로에 들어서면 극심한 교통체증에 매번 지친다. 스트레스 없이 즐거운 마음으로 가족들과 함께 떠나고 싶은 이 길은 한편 고통스럽다. 이번 카수다에서는 명품 국내산 SUV 쏘렌토와 혼다 미니밴 오딧세이를 소재로 삼았다.과거와 달리 최근에는 차내에서도 즐길 수 있는 다양한 엔터테인먼트로 인해 교통체증에서 점차 해방되고 있다. 여기에 RV(Recreational Vehicle) 모델처럼 넓은 실내공간까지 갖췄다면 금상첨화. 무엇보다 RV 모델들은 넓은 실내공간을 비롯해 나날이 높은 수준의 승차감과 첨단사양까지 갖추면서 각광 받고 있다.이런 가운데 명절이나 휴가철 가족들과 떠나는 여행길 동반자 역할을 하기에 충분한 자격이 있는 국가 대표 프리미엄 SUV 쏘렌토와 수입차 대표 미니밴 오딧세이를 비교 분석했다.◆'넓은 실내공간은 기본' 특유의 활동성이 관건전훈식 기자(이하 전) :　올해 최고 황금연휴인 설이 얼마 남지 않았네. 이번 명절 때 고향으로 내려갈 계획 잡아놨어? 난 친척들이랑 같이 바람 쐬러 가기로 했는데.노병우 기자(이하 노) : 제 고향은 서울이니까 부모님 고향에 내려갈까 해요. 다행이 부모님 고향이 같아서 정신 없이 움직이지는 않을 거 같아요.'올 뉴 쏘렌토는 디자인, 주행성능, 안전성 등 전 부문에서 기아차의 최신 기술력이 모두 집약된 월드 프리미엄 SUV다. ⓒ 기아자동차전 : 주말 포함해서 휴일이 5일이나 되니까 이번 귀성길은 전에 비해 교통체증을 덜하겠지. 근데 우리처럼 고향 갔다가 교외로 나가는 가족들이 많아 오히려 더 막히는 거 아닌 가 몰라.노 : 그럴 수도 있어요. 이런 연휴를 누가 놓치고 싶겠어요. 그래서 우리 가족은 그냥 부모님 고향에만 갔다 올 계획이에요. 친척들이랑 함께 놀러갈려면 큰 차 필요한 거 아니에요?전 : 맞아. 이럴 땐 넓은 실내공간을 갖춘 미니밴 오딧세이가 빛을 발휘하지. 평소 도심에서 가족단위로 다니기에 무리 없고, 많은 짐을 실어야 하는 날에도 유용하게 사용되잖아.노 : 저는 저를 포함해서 가족이 4명이라 굳이 미니밴까지는 필요 없고 SUV라면 충분하죠. 적재공간이랑 승차감을 고려하면 올 뉴 쏘렌토 정도가 안성맞춤이겠네요. 동급 최고의 자체 크기를 자랑하기도 하고 차체 크기가 구형모델과 비교해 안정감 있는 비례를 확보했어요. 또 공간 활용성까지 크게 업그레이드시켰더라고요.전 : 구형보다 커지긴 했어도 쏘렌토의 한계가 있잖아. 오딧세이는 넓은 전장(5180mm)과 전폭(2010mm), 낮은 전고(1735mm)로 스포티한 스타일을 연출하고 승·하차도 어렵지 않아. 최소 2인에서 최대 8인까지 탑승 가능토록 간단한 조작만으로 시트를 접거나 분리, 추가할 수 있고 넒은 내부 공간 창출과 많은 양의 화물 적재도 가능해.실제 원-모션 폴딩(6대4) 3열 매직 시트는 한 번의 조작으로 3열 시트를 적재 공간 아래로 넣을 수 있어. 3열 시트와 마찬가지로 폴딩 기능을 갖춘 2열 시트는 별도 분리 기능까지 갖췄어. 여기에 센터콘솔 1열과 2열 각각 시트를 개별적으로 탈·부착할 수 있어 다양한 용도로 사용 가능하고, 경우에 따라 긴 화물도 적재할 수 있는 공간을 확보할 수도 있지.노 : 쏘렌토 적재공간도 만만치 않아요. 트렁크 공간은 605L(기존보다 90L 증가, 7인승/3열 폴딩 기준)로, 동급 최고수준을 구현했죠. 또 1~3열 모두 다양한 시트 배열은 물론, 2열에는 '4:2:4 분할 폴딩 기능'이 적용돼 긴 화물도 어렵지 않아요. 여기에 트렁크 쪽에서 간단한 레버 조작만으로 2열 시트를 접어주는 리모트 폴딩 기능도 있는걸요?뿐만 아니라 쏘렌토는 디자인도 고급스러워요. 날렵한 헤드램프와 크롬 라디에이터 그릴이 자리 잡고 있는 전면부, 역동적인 라인과 풍부한 볼륨감이 돋보이는 측면부, 균형 잡힌 비례를 통해 안정감이 강조된 후면부까지. 이처럼 쏘렌토는 세련되면서도 역동적인 고급 중형 SUV 이미지를 잘 살렸어요. 실내도 수평형 디자인을 통한 안정된 느낌의 넓은 공간을 구현했고, 인간공학적 스위치 배열로 운전 편의성을 최우선으로 고려하기까지 했다니까요.전 : 오딧세이는 날렵하면서도 역동적인 느낌을 선사할 뿐 아니라 섬세함을 강조하면서 공기역학적인 디자인과 볼륨감이 살아있는 후드라인은 미니밴 특유의 활동성을 극대화했어. 항공기 디자인에서 착안한 사이드 뷰도 다이내믹 모노볼륨을 창조하며, 매끄럽게 흐르는 듯한 측면라인과 더불어 번개형상의 벨트라인으로 강인한 이미지를 탄생시켰다고 할까.실내는 공기정화시스템, 습도제어, 공기여과기능을 포함한 트라이존 독립식 에어컨디셔너가 탑재됐어. 이 때문에 앞좌석, 조수석, 리어시트 각각에 독립 작용하는 시스템을 탑재해 분리된 공간에서 자유자재로 내부 환경을 컨트롤 할 수 있지.또 2열 상단에 부착된 9인치 크기 모니터와 센터 콘솔 DVD 플레이어, 3열 외부입력 장치 등을 통해 다양한 콘텐츠도 감상할 수 있어 장거리 여행에서 유용하게 사용돼. 리어 엔터테인먼트는 전용 무선 헤드폰 2세트와 모니터 옆에 탈착이 가능한 리모컨이 탑재돼 있어 운전 중에도 2·3열 탑승자는 DMB 시청도 가능하지.노 : 쾌적한 실내 환경은 쏘렌토도 가능해요. 쏘렌토는 최적의 공조시스템 설계로 냉난방 성능을 끌어올리고 2열 탑승객을 위한 2열 센터 에어벤트, 3열 탑승객을 위한 리어 에어컨 등을 따로 갖췄거든요.◆확 달라진 주행성능…안전사양은 필수노 : 심지어 쏘렌토는 주행 성능까지 우수해요. R2.0 엔진은 △최고출력 186마력 △최대토크 41.0kg·m △공인연비 13.5km/L의 성능을 확보했거든요(R2.2 엔진은 최고 202마력·최대토크 45.0kg·m·연비 13.4km/L).무엇보다 유로 6 기준을 달성한 R엔진은 질소산화물을 기존 대비 56% 저감시켜 국내 저공해차 인증을 획득했어요. 또 고급형 ISG(Idle Stop&Go) 시스템을 국산 SUV 최초로 기본 탑재해 체감 연비를 높이고 경제성까지 향상시켰어요. 여기에 전륜 6단 자동변속기는 변속 효율성을 향상시키고 우수한 변속감 및 가속성능을 자랑하죠.혼다 오딧세이는 넓은 적재 공간과 높은 수준의 안전성, 그리고 고객 편의를 만족시키는 다양한 기능을 모두 갖추면서 베스트 패밀리카로서의 강점을 유지하고 있다. ⓒ 프라임경제전 : 혼다가 독자적 기술로 개발한 3.5L VCM 엔진이 탑재된 오딧세이도 최대출력 253마력, 최대토크 35.0kg·m의 성능을 발휘해. 주행환경에 따라 가용 실린더를 3·4·6기통으로 변환하는 가변 실린더 제어기술은 고출력·고연비를 동시에 충족시키지. 쏘렌토와 동일한 6단 자동변속기가 장착됐고, 경량화를 통해 복합연비는 9.1km/L야.전 : 미니밴에서 강조되고 있는 안전사양이야말로 오딧세이를 더욱 특별하게 만들어주지. 몸과 복 부위의 충격을 흡수해주는 액티브 헤드레스트, 충돌 위치 및 시트 벨트 위치 등 다른 안전장비 상황에 따라 에어백 팽창 강도를 다르게 변화하는 듀얼스테이지 프론트 에어백 등이 장착됐거든.노 : 안전성을 말할 때 감히 쏘렌토를 빼고 말하면 서운하죠. 동급 최고의 안전성 확보는 쏘렌토만이 가진 강력한 경쟁력이니까요. 차체 강성을 획기적으로 높이기도 했고, 초고장력 강판 적용 비율을 기존 24%에서 53%로 확대해 안전성과 주행성능을 동시에 끌어올렸어요.또 차체구조 간 결합력 강화를 위해 구조용 접착제도 확대했고, 측면부에는 핫 스탬핑 공법을 이용하는 등 외부 충격에 의한 차체 비틀림과 굽힘 강성까지 향상시켰어요. 여기서 끝나지 않아요. 보행자 충돌시 후드를 들어 올려 보행자 머리 상해 위험을 감소시켜주는 '액티브 후드 시스템'도 국산 SUV 최초로 기본 적용됐어요.이외에도 쏘렌토는 많아요. 전·후륜 서스펜션 등을 개선해 편안한 승차감과 민첩한 조향감을 동시에 확보했고, 전자식 4WD 시스템, 선회 제동 시스템을 적용해 주행 안정성을 높였어요. 뿐만 아니라 △차체 흡차음재 보강 △엔진 블록 흡차음 커버 적용 △도어 하단부 3중 실링 적용 등 다양한 NVH(Noise, Vibration, Harshness) 대책 설계로 최상의 정숙성을 실현했죠.전 : 두 모델 간 확실한 차이를 보면 오딧세이는 기본이 되는 실내공간을 충분히 확보한 것이, 쏘렌토는 보다 안정성과 공간 활용성을 극대화한 것 특징이라는 생각이 든다. 하여튼 명절과 같은 장거리 교통체증 시 어떤 선택이 가장 좋다고 말하기는 어렵지만 넓은 실내 공간과 뛰어난 승차감을 갖춘 모델이라면 더할 나위가 없는 거 같아."
288618,[전훈식·노병우의 카수다] '가을 드림카' 카마로 vs 레인지로버 보그,전훈식 기자,2014.09.22 14:03:57,"[프라임경제]남자에게 자동차는 여자에 곧잘 비유되곤 한다. 소유욕을 불러일으키는 대상이자 때때로 최고의 로망이다. 또 하루 종일 갖고 놀아도 지루하지 않은 최고의 장난감이기도 하다. 이처럼 자동차는 단순한 이동수단을 넘어선다. 최소한 남자에게는 그렇다. 이번 카수다는 '가을남자'에게 기쁨을 줄만한 드림카를 다뤘다. 주인공은 영화 트랜스포머의 주인공 '범블비' 쉐보레 카마로와 '사막의 롤스로이스'라 불리는 명품 SUV 레인지로버 보그다.어느덧 선선한 가을이다. '낭만의 계절'인 가을하면 빼놓을 수 없는 것이 바로 단풍과 드라이브. 아름다운 가을날의 경쾌한 바람에 분위기를 한껏 내기 위해서는 조금 특별한 무언가를 기대하게 된다.30대인 전훈식 기자(이하 '전')와 20대 노병우 기자(이하 '노')는 사랑하는 가족이나 애인과 드라이브할 때 가장 타고 싶은 차로 '범블비' 쉐보레 카마로와 '사막의 롤스로이스' 레인지로버 보그를 꼽았다.◆야생마 닮은 머슬카 vs 대영제국 닮은 SUV노: 선배, 드림카는 뭐예요?전: 계절마다 다르지 않을까? 겨울에는 4륜 구동, 봄에는 캠핑가기 좋은 SUV, 지금 같은 가을이라면 역시 '범블비'로 유명한 쉐보레 카마로 정도….노: 실제로 타봤어요? 어때요? 진짜 영화 속 모습 그대로인가요?전: 솔직히 영화 속 범블비는 보다 나은 비주얼을 위해 실제 판매되는 차량보다는 성능이나 디자인적으로 다를 것이라 생각했어. 근데 진짜로 접한 카마로는 정통 스포츠카 스타일에 현대적 레트로 디자인 요소를 도입했고, 여기에 첫 인상부터 톡톡 튀는 노란 색상이 너무나도 잘 어울렸어. 날렵함과 스포티함을 가득 담은 외관 디자인은 마치 슬림하게 잘 빠진 '야생마'라고나 할까.톡톡 튀는 노란 색상의 카마로는 정통 스포츠카 스타일에 현대적 레트로 디자인 요소를 도입했으며, 실내 인테리어는 첨단장치가 대거 장착돼 한껏 멋을 낸 머슬카 모습이다. ⓒ 한국GM노: 실내는요? 머슬카 특성상 엄청 좁을 거 같은데. 영화 속에서도 뒷좌석은 거의 나오지도 않잖아요.전: 솔직히 한눈에 봐도 꽤 큰 덩치를 자랑하는 외관과 달리 실내공간은 너무 좁았어. 4인승 쿠페인 탓에 뒷좌석까지 마련됐지만, 뒷좌석 탑승자는 승하차도 불편할 정도니까.또 운전자 시야도 벨트라인이 높아지면서 좁아졌고, 좁은 골목길에선 주변이 잘 보이지 않아. 하지만 첨단장치가 대거 장착되면서 한껏 멋을 냈지. 두 개 사각틀에 각각 속도계와 엔진 회전계가 들어갔고, 중앙에 위치한 트립 창도 아이스 블루 조명으로 첨단장치의 느낌을 준다고 할까. 그러는 넌 흠모하는 차가 있어?노: 어렸을 때부터 SUV를 선호했어요. 그래서 그런지 제가 가장 좋아하는 모델은 랜드로버의 대표 SUV인 레인지로버(4.4 디젤 보그)에요.전: 레인지로버라면 '윤아 승기 커플차'?노: 네, 맞아요. 레인지로버는 그동안 연예인들 파파라치에 자주 등장하기도 했죠. 솔직히 레인지로버가 카마로 인지도보다는 못해도, 글로벌시장에서 '사막의 롤스로이스'라고 불릴 정도로 유명하죠. 우선 큼지막하고 강렬한 외관 디자인은 보는 이들의 시선을 한눈에 잡아끄는 매력을 가졌잖아요. 각진 SUV이지만 낮은 차고가 범상치 않은 성능을 짐작하게 할 만큼 고급스럽게 웅장하고, 대장차라는 느낌이 확 들잖아요.전: 실내는 어떤가?노: 당연히 풀사이즈 SUV답게 여유로운 넓은 실내는 환상적이죠. 여기에 인테리어도 브랜드 장인들이 소재 선별부터 마감까지 모두 수작업으로 진행했어요. 그만큼 끝내주죠. 최고급 옥스포드 가죽이나 우드 베니어 소재가 이용되면서 고급스러움이 장난 아니지 말입니다.◆기름 먹는 괴물들, 독특한 주행성능은?전: 그래도 워낙 SUV에 랜드로버 특성상 연비가 그다지 안 좋잖아?노: 카마로 연비로 레인지로버 연비를 지적하는 건 결례 아닌가요. 뭐 기본적으로 복합연비는 9.4㎞/L인데, 차량 크기와 배기량 등을 감안했을 때 만족할 만한 수준이지 않나요? 100% 알루미늄 모노코크를 사용해 420㎏ 정도 무게를 줄이면서 연비를 높였어요. 그러는  카마로 연비는 얼마나 대단한가요?올 뉴 레인지로버는 100% 알루미늄의 경량화된 차체, 어떤 지형에서도 최적의 능력을 발휘하는 첨단 주행기술 등을 갖춘 플래그십 럭셔리 SUV다. ⓒ 재규어 랜드로버 코리아전: 연비에 있어서 카마로는 거의 '기름 먹는 괴물'이라고 할까. 복합 연비가 8.4km/L라고 하지만, 도심에서는 7.2km/L에 불과하니까. 더군다나 도심과 고속도로를 오가는 시승을 마친 후 확인한 실제 연비도 7.0km/L 수준이었어.노: 스포츠카는 연비가 워낙 안 좋은 것으로 유명하잖아요. 그래도 독특한 주행성능이 있죠.전: V6 3.6L 엔진이 탑재된 카마로는 최고출력 323마력(6800rpm)과 최대토크 38.5kg·m(4800rpm)의 힘을 자랑하고 제로백도 5.9초에 불과해. 시동을 걸면 '그르렁'하고 울리는 묵직한 엔진음이 미세한 진동과 어우러져 온몸에 전율이 일지. 고속주행에서의 느낌이 특히 백미지. 가속페달을 밟으면 엔진 굉음과 함께 가속하기 시작한 차체는 앞이 들린다는 느낌이 들 정도고, 순식간에 미끄러지듯 앞으로 돌진해.노: 코너에서의 느낌은 어때요?전: 꽤 단단한 서스펜션의 영향인지 코너링은 쉽게 쏠리지 않고 안정되게 돌아가는 게 만족스러웠어. 무엇보다 코너링에서의 핸들링은 안정적으로 이뤄져. 저속에서는 너무나도 힘들었던 스티어링 휠의 조향감이 속도가 높아지면서 오히려 강점이 돼. 다만 승차감은 과속방지턱이 거슬릴 정도로 실망스럽지.노: 스티어링 힐이 뻑뻑하군요. '영차 영차' 해야 하는 거네요?전: 응. 검은색 가죽과 메탈 느낌의 소재인 스포크 스티어링 휠은 무거운 차체 중량(1765kg) 탓인지 움직임이 여성 운전자에게는 약간 부담스러울 정도로 꽤 무거워. 그러는 레인지로버는 어때?노: 레인지로버 4.4 디젤 보그에 장착된 V8 터보 디젤엔진은 △최고출력 339마력(3500rpm) △최대토크 71.4㎏·m(1750~3000rpm)의 성능을 발휘해요. 이런 이유에선지 주행성능도 육중한 몸매에 비해 민첩성이 결코 떨어지지 않고 인상적이죠.시내에서의 보통 주행은 매끄럽고 우아했는데, 가파른 언덕길이 나왔을 때는 주춤하는 기색 없이 힘차게 뻗어 올라가던데요? 여기에 고속주행에서는 극심한 가속에도 0.2초 내에 변속이 가능한 8단 자동변속기 때문에 변속 충격도 거의 없고, 민첩하게 반응해요. 제로백이 6.9초인데, 실주행에 그대로 작용하면서 고속주행에서의 질주본능을 숨김없이 발휘하더라고요.쉐보레 카마라 5세대 모델의 경우 영화 '트랜스포머' 속에서 주연급 활약 덕에 최고 수준의 인지도는 물론, 남자들에겐 '드림카'로 명성을 떨치고 있다. ⓒ 한국GM전: 코너링은 어때? 전고가 높은 만큼 불안하지 않나?노: 4륜 구동이다 보니 코너링에서도 밀려나거나 쏠림현상도 없고 강한 접지력이 인상적이었어요. 핸들링이나 승차감이 진짜 좋았어요.전: 에이~. 그래도 레인지로버같은 SUV는 고속주행보다는 산행이나 거친 도로에서의 주행이 자랑이잖아.노: 레인지로버 강점 중 하나가 바로 첨단 안전·편의장치죠. 센터페시아 하단 버튼만 누르면 브랜드 특허기술인 '전자동 지형반응 시스템'이 △일반 △풀·자갈·눈 △진흙·요철 △모래 △돌길 등 선택 상황에 맞게 △서스펜션 높이 △엔진 반응 △트랙션 컨트롤 개입 등을 조정해 어떤 환경에서도 최상의 성능을 발휘하는 거죠.특히 새로운 차체 구조에 맞게 새로 설계된 4코너 에어 서스펜션은 '저속' '고속' 가릴 것 없이 민첩성도 좋고 제어능력이나 안정성이 만족할 만한 수준이었어요. 오프로드 설정 때 시속 50㎞ 이하에서 최저 지상고를 평소보다 65㎜ 높일 수 있어 험로 주행에도 무리가 없어요.◆둘 다 한국에 맞지 않는 콘셉트?전 : 다만 레인지로버는 국내시장에서 활약하기에 크나큰 단점을 갖고 있잖아. 바로 레인지로버가 가진 고급 SUV 성능을 제대로 발휘할 곳이 마땅치 않다는 점이지. 가격은 1억원이 넘는 고가인데 말이지.노 : 예전에는 그랬는지 몰라도 요즘은 가히 '캠핑열풍'이잖아요. 도심 곳곳에 캠핑장은 물론, 산을 기반으로 한 캠핑장도 많아졌어요. 성능을 체험할 수 있는 기회가 늘고 있다는 거죠. 또 고가 프리미엄 SUV답게 안전 편의사양들도 많이 적용돼서 꼭 국내시장에 맞지 않는다고는 볼 수 없죠.올 뉴 레인지로버의 디자인은 레인지로버 역사상 가장 에어로 다이내믹한 디자인이라는 평가를 받고 있으며, 최고급 가죽 및 우드 베니어를 사용한 실내 공간은 시각과 촉각 모두를 만족시킨다. ⓒ 재규어 랜드로버 코리아전 : 그렇다고 쳐도 아직 랜드로버는 서비스센터가 적은 걸로 알고 있어. 즉 서비스 정비시설이 아직 부족하다고 생각해.노 : 전국에 재규어 랜드로버 서비스센터는 15개 정도 있어요. 또 재규어 랜드로버는 서비스센터 확충에 집중할 뿐 아니라 부품 공급속도 향상이나 가격 절감을 위해 경기도 화성에 부품공급센터도 건립하는 등 열심히 노력 중이죠.이외에도 고객을 직접 방문해 정비가 필요한 차량을 서비스센터까지 편리하게 운송해주는 '픽업 앤 딜리버리' 서비스도 전개해 불편함도 확 줄였어요. 근데 카마로는 사실 한국GM에서 판매하기는 하지만 사실 수입차잖아요. 부품가격이 만만치 않을 텐데요?전 : 뭐, 사실 카마로의 경우 수입 스포츠카로 볼 수 있어 부품가나 정비 요금에 있어 일반 승용차와는 가격차가 나지. 하지만 수입차와 비교해서는 경쟁력이 결코 뒤지지 않아. 오히려 서비스센터 인프라는 수입차보다 월등히 높은 수준이잖아. 게다가 모든 한국GM 서비스센터에서는 카마로와 같은 모델에 맞춰 전문 기술 교육도 강화하고 있어.노 : 그럼 보험은요? 일반스포츠카가 아니고 수입스포츠카니까 보험도 문제가 있을 거 같은데요?전 : 네 말대로 보험 등급도 수입 스포츠카에 들어가지만 단순히 보험 때문에 카마로를 포기하기엔 기회비용이 너무 크지 않을까라고 생각해.노 : 정말로 카마로를 좋아하지 않고서는 구매하는데 여러 가지 걸림돌이 많네요. 그래도 사실 살 사람들은 사겠죠?전 : 승차감보다는 개성이나 주행성능을 추구하는 젊은 20~30대에게는 엄청나게 호감 가는 차량이지. 가격도 그리 높지 않게 측정됐고. 레인지로버도 어느 정도 능력이 된다면 카마로 같은 세컨드차가 아닌 퍼스트 차량으로도 쓰일 것 같아.[전훈식·노병우의 카수다] 다음 회에서는 고연비 대책으로 '디젤 최강자' BMW 520d와 '하이브리드' 렉서스 ES300h에 대해 살필 예정입니다."
312346,[카수다] '상남자 프리미엄 로망'…BMW X6 vs 포르쉐 카이엔,전훈식 기자,2015.07.27 17:22:24,"이번 카수다는 1억원 상당의 프리미엄 SUV 중 국내 소비자들의 높은 관심을 받고 있는 BMW 더 X6와 포르쉐 카이엔을 비교 분석했다. Ⓒ 프라임경제[프라임경제]스포츠 유틸리티 차량(이하 SUV) 전성시대다. 2010년 22.6% 수준이던 국내 SUV 점유율이 지난해 34%까지 상승하더니 올해(5월 판매량 기준) 들어서는 50%에 육박할 정도다. 저유가 기조가 지속되고 레저문화가 퍼지면서 경제성과 효율성이 좋은 SUV로 소비자들의 관심이 이동하는 중이다. 자동차시장 중심이 SUV로 쏠리면서 세단 위주의 프리미엄 브랜드들도 속속 SUV 시장에 뛰어들고 있다. 글로벌 완성차업체들의 새로운 격전지로 프리미엄 SUV가 떠오르고 있는 것이다.가격대의 세그먼트 내에서도 소비자들마다 추구하는 스타일은 다르기 마련. 브랜드를 선호하기도 하고, 디자인이나 주행성능을 우선순위로 두기도 한다. 효율성이나 경제성을 먼저 체크하는 사람들도 늘고 있다. 최근 SUV 시장이 연일 높은 판매를 기록하고 있는 만큼 다양한 프리미엄 브랜드들이 고성능 SUV 차량을 출시해 치열한 시장 경쟁을 펼치고 있다.이에 이번 카수다에서는 1억원 상당의 프리미엄 SUV 가운데 국내 소비자들의 높은 관심을 받고 있는 BMW 더 X6(이하 X6)와 포르쉐 카이엔을 비교 분석했다.◆'매운 고추' 카이엔, 누가 뭐래도 '프리미엄 SUV 진면목'전훈식 기자(이하 전) : 최근 국내 자동차시장은 그야말로 SUV 전성시대라고 해도 무방할 정도로 SUV가 엄청난 인기를 끌고 있지.노병우 기자(이하 노) : 그렇죠. 이전에는 상대적으로 세단의 높은 상품성과 디젤엔진에 대한 거부감 등 때문에 SUV가 주목받지 못했지만, 레저열풍에 탄력 받은 SUV가 보다 향상된 상품성으로 소비자들을 유혹하면서 인기가 나날이 높아가고 있어요.매운 고추'라는 차명을 가진 카이엔은 디자인에서부터 '레이싱카 전통 DNA'을 확인할 수 있으며, V6 직분사 엔진을 탑재해 뛰어난 성능을 발휘한다. ⓒ 프라임경제전 : 게다가 전통 SUV에 국한되지 않고 이후 모습을 드러낸 도시형 스타일과 쿠페형 SUV, 여기에 최근에는 소형 SUV까지. 소비자들의 취향에 맞는 스타일을 갖춘 다수 SUV가 등장하면서 이런 분위기는 한동안 계속될 것 같아.노 : 세단보다 SUV를 선호하는 사람으로서 저는 최근 높은 판매를 올리고 있는 포르쉐 프리미엄 SUV인 카이엔이 맘에 들어요. 가격(디젤 9490만원)은 비싸지만, SUV임에도 스포츠카 브랜드답게 특유의 주행감성을 그대로 느낄 수 있거든요.전 : 나는 그 가격대라면 스포츠 액티비티 쿠페(Sport Activity Coupe) 시초인 BMW X6(x드라이브30d 기준 9990만원)를 선택할 거 같은데. 2007년 독일 프랑크푸르트 모터쇼 당시 공개된 X6는 등장과 함께 전 세계 소비자들의 눈을 사로잡을 정도로 파격 그 자체였거든.노 : X6도 괜찮지만, '매운 고추'라는 차명을 가진 카이엔은 프리미엄 브랜드 포르쉐가 지난 2002년에 출시한 중형 SUV 모델로, 2세대 모델의 경우 2010년 2월에 인터넷에 공개되면서 포르쉐다운 모습을 보여줬죠. 특히 저처럼 젊고 스포티한 감성을 원한다면 망설임 없이 보통 카이엔을 선택하죠.디자인부터 뭔가 다른 포스가 느껴지지 않나요? 낮아진 차체 디자인을 강조하는 모습은 스포츠카로서의 면모를 부각시켰다고 할까.넓어진 보닛부터 시작해서 이전보다 작아진 중앙 공기흡입구는 정면 예리함을 강조하죠. 또 양 측면에 위치한 '에어블레이드'는 냉각된 공기를 인터쿨러로 효율적으로 전달할 뿐만 아니라 디자인에서도 매력적이죠. 여기에 후면 리어 라이트 배치는 3차원 입체 효과를 내고, 차량의 가로 굴절선은 노면에서 높은 안정감을 주며 배기관은 후면 하단부에 통합되면서 보다 스포티한 감성이 증폭됐어요.2007년 독일 프랑크푸르트 모터쇼 당시 공개와 동시에 전 세계 소비자들의 눈을 사로잡은 BMW X6 2세대 모델은 경량화 된 차체나 탁월한 성능 등으로 진정한 드라이빙 즐거움을 제공한다. Ⓒ 프라임경제전 : X6도 만만치 않아. 이전모델과 비교해 경량화 된 차체나 탁월한 성능 등으로 진정한 드라이빙 즐거움을 안긴다고 할까. 또 전형적인 'X 패밀리' 특징과 정통 쿠페 스포티한 우아함을 결합한 외관, 넉넉한 실내공간과 고급스런 장식, 맞춤형 패키지로 차별화된 스타일을 강조하지.전장(4909mm)도 이전보다 32mm가 늘어났고, 좌우로 커진 헤드라이트와 키드니 그릴로 탄탄한 근육질 이미지로 존재감 있는 전면부 디자인을 완성했잖아.또 측면부는 쿠페 형태 루프 라인, 강력한 차체와 대비를 이루는 가볍고 정교한 느낌의 유리창, 역동적이고 날렵한 이미지를 형성하는 두 개 스웨이지 라인으로 강력한 파워와 스포티한 캐릭터를 강조해. 후면부에선 눈에 띄는 수평 라인이 넓은 차체 폭과 강렬한 자세를 두드러지고.여기에 실내는 이전보다 12mm 높아진 전고 때문인지 여유롭고 부티 나는 공간 감각을 제공해. 또 운전자중심으로 설계된 운전석, 디스플레이 요소, 계기판에서부터 패널 쪽까지 이어지는 역동적인 라인은 차별화된 스포츠 감각을 선사해. 취향에 따라 실내 분위기를 △오렌지 △화이트 △블루 색상으로 실내 라이팅으로 쉽게 조정할 수 있고.노 : 뭐 외부 디자인은 취향에 따라 다르게 느껴질 수도 있다고는 하지만, X6 실내는 1억씩이나 하는 고가 SUV인데 뭔가 부족한 것 같지 않나요? 상대적일 수 있겠지만, 고급감이 카이엔보다 덜하다는 느낌이 있는 거 같은데.카이엔은 보면 이와는 조금 달라요. 차에 처음 오르는 순간 '레이싱카 전통 DNA'을 확인할 수 있죠. 5개 계기판이 있는데, 중앙에 있어야할 속도계는 왼쪽 두 번째로 밀려났고, 속도보다는 엔진 회전수(rpm)를 먼저 고려하는 레이싱카답게 rpm 계기판이 가장 크게 중간 자리를 차지했죠. 또 시동을 거는 열쇠구멍이 스티어링 휠 왼쪽에 위치한 것도 특이하고요.뿐만 아니라 인테리어도 호화스러움의 극치죠. 자작나무 사이드 레일 손잡이와 우드 패키지 등의 옵션이 적용됐고, 대시보드 상단은 검은 가죽에 빨간 색 스치티로 마감해 명품을 선호하는 여성 고객들조차 감탄할 정도에요.전 : 포르쉐를 많이 느껴보지 못해서 그런지 몰라도 나는 BMW 인테리어가 더 친숙하다고 생각돼. 또 카이엔처럼 호화스러움보다는 X6의 고급감이 요즘은 더 인정받는 분위기고.◆'SAC 시초' BMW X6, 전 세계 이목 한 몸에전 : 주행성능도 그래. 최고속도나 최대토크와 같은 것도 중요하지만, 요즘엔 효율성 같은 경제성이나 실용성 측면도 고려해야 하잖아.노 : 물론이죠. 카이엔 디젤 라인업의 장점이 바로 스포츠카다운 파워풀한 성능과 함께 높아진 연료 효율이거든요. V6 직분사 엔진을 탑재한 카이엔 디젤은 △최고출력 262마력 △최대토크 59.1kg·m의 성능을 발휘하죠. 또 제로백(정지 상태에서 100km/h에 도달하는 시간)은 7.3초이고, 국내 복합연비는 10.8km/L죠.전 : 수치만으로 따지면 X6도 결코 뒤지지 않지. 3.0L 직렬 6기통 트윈파워 터보 디젤엔진이 탑재된 30d 모델은 △최고출력 258마력 △최대토크 57.1kg·m의 힘을 내는데, 이전보다 각각 13마력과 2.1kg·m이 증가한 수치야. 이렇게 향상된 성능을 바탕으로 제로백은 6.7초면 충분해.V6 직분사 엔진을 탑재한 카이엔 디젤(사진 좌측)은 △최고출력 262마력 △최대토크 59.1kg·m의 성능을 발휘한다. 3.0L 직렬 6기통 트윈파워 터보 디젤엔진이 탑재된 X6 30d 모델(우측)은 △최고출력 258마력 △최대토크 57.1kg·m의 힘을 낸다. Ⓒ 프라임경제여기에 BMW 이피션트다이내믹스 기술이 적용되면서 국내 복합 연비는 12.3km/L이라는 뛰어난 효율까지 달성했단 말이지. EU6를 만족하는 신형 터보엔진과 새롭게 개발된 8단 자동변속기, 최적화된 공기 역학 디자인, 지능형 초경량 구조 등이 어우러져 동급 최고의 효율성을 나타낸다고.노 : 카이엔은 실제 주행에서도 포르쉐라는 말이 저절로 튀어나올 정도로 훌륭해요. 포르쉐 액티브 서스펜션 매니지먼트 기능으로 부드럽지만 예리하게 빠른 속도에도 안정적인 주행이 가능하거든요. 운전하는 동안 피칭(고르지 못한 노면에서 흔들리는 현상)은 거의 느끼지 못할 정도니까요.또 코너링에서도 예리하게 돌아가면서도 빠른 속도를 안정적으로 유지해가는 맛은 어떤 SUV도 따라잡을 수 없는 포르쉐의 장점이죠. 속도를 올리고 내릴 때마다 '그르렁' 거리는 엔진음 역시 포르쉐에 빠져들게 하는 매력 포인트 중 하나죠.전 : X6는 세단보다 높은 차체지만, 승차감도 뛰어났고, 특히 고속에서의 안정감이 탁월해. X6 역시 80km/h로 교량 이음새 부분을 달릴 때도 피칭을 잘 느끼지 못해.또 △에코 플러스 △컴포트 △스포츠 △스포츠 플러스 4가지 주행모드는 성격이 크게 달라져. 우선 연료효율을 최우선으로 삼는 에코플러스는 시내주행에 적합하지만 고속주행에서는 좀 답답해. 하지만 스포츠 플러스 모드는 100km/h까지 쭉쭉 올라가고, 살짝만 가속페달에 힘을 줘도 120km/h를 넘지. 페달을 끝까지 밟자 엔진소리가 커지면서 엔진회전수가 단번에 5000rpm을 찍고선 튕겨나가.물론, 코너링을 할 때 하체가 단단하게 잡아주는 게 듬직함이 있다고 할까. 무엇보다 고속에서의 안정감이 발군이야. 100㎞/h가 넘는 속도로 코너링을 시도해도 좌우로 쏠리는 현상 없이 묵직하게 자세를 잡아주면서 사륜구동의 장점이 그대로 나타나.노 : 가격과 성능이 비슷하다면 결국 브랜드 싸움이네요. 어떤 브랜드가 더욱 소비자들의 마음을 사로잡느냐에 따라 두 모델의 승부가 갈리겠네요."
304194,[카수다] 중형 세단 '韓美대결' 현대차 그랜저 vs 크라이슬러 200,전훈식·노병우 기자,2015.04.10 18:01:47,"토종 '그랜저'를 비롯한 다양한 완성차 브랜드가 치열한 경쟁을 펼치고 있는 중형 세단 시장에서 과연 '대형 세단 강자' 크라이슬러 올 뉴 200이 성공적인 안착을 할 수 있을지 업계의 관심이 주목되고 있다. Ⓒ 프라임경제[프라임경제]최근 국내 자동차시장에서 미국브랜드들의 반격이 심상치 않다. 독일브랜드에 비해 판매량은 높진 않지만, 점차 본인들의 영역을 확장하고 있는 것. 미국 대표 포드는 브랜드 판매 5위를 유지하고 있고, 크라이슬러도 점차 점유율을 늘려가고 있다. 특히 크라이슬러는 '크라이슬러 200'으로 중형 세단 시장에서 적지 않은 파장을 일으키고 있는 상황. 이에 이번 카수다에서는 국산 대표 중형 세단 그랜저와 크라이슬러 200을 소재로 중형 세단의 흐름을 살펴봤다.국내 중형 세단 시장에는 △쏘나타 △그랜저 △K5 △SM5 △말리부 등의 국산 브랜드들이 치열한 경쟁을 펼치고 있고, 여기에 글로벌 베스트셀링카인 일본 캠리(토요타)나 알티마(닛산), 어코드(혼다)도 해당 시장에서 적지 않은 판매를 기록하는 등 브랜드 판매를 견인하고 있다.이처럼 치열한 국내 중형 세단 시장에서 그동안 '대형 세단 강자'로 군림하던 크라이슬러가 '올 뉴 200'으로 과감히 출사표를 던졌다. 더군다나 디젤 강세인 국내 수입차시장에서 '기름 도둑'이라는 이미지가 강한 크라이슬러가 일반 소비자들에게 큰 이목을 끌기에는 턱없이 부족한 것이 사실이다.그럼에도 크라이슬러가 이런 시선을 아랑곳하지 않고, 오히려 올 뉴 200의 성공적 안착을 자신하고 있다. 과연 국내 중형 세단 시장에서 크라이슬러 올 뉴 200이 치열한 경쟁을 펼치기에 충분한 자격이 있는 국가 대표 중형세단 그랜저와 비교 분석했다.◆'비슷한 가격대' 디자인을 논하다전훈식 기자(이하 전) :　올해 자동차시장은 기존 SUV 열풍에서 벗어나 이전 중형 세단 시대가 돌아올 것 같지 않아?노병우 기자(이하 노) : 뭐 그것까지는 모르겠지만, 올해 출시된 모델이나 출시가 임박한 차량들을 보면 확실히 중형 세단이 많은 편인 거 같아요. 게다가 지난해부터 시작된 유가 하락 탓인지 가솔린 차량들도 다시 한 번 재도약을 준비하는 분위기고요.크라이슬러 200은 아메리칸 디자인의 영감을 받은 정제된 디자인을 비롯해 △고급스럽고 정교하게 마감된 실내 인테리어 △동급 최초 9단 자동변속기 △높은 공간 활용성 △부드러운 주행 성능 △동급 최고 수준의 첨단안전사양 등 모두 갖췄다. Ⓒ 프라임경제전 : 그래서 그런지 요즘엔 미국 브랜드들이 길거리에서 자주 보이는 것 같아. 그동안 디젤 기술이 발달된 독일 브랜드가 잘 나가면서 흔해지다보니 소비자들이 포드나 크라이슬러 같은 미국 브랜드로 눈을 돌린 거 같아. 다른 건 몰라도 미국산은 안전측면에서 높은 평가를 받고 있잖아.노 : 그렇죠. 특히 크라이슬러 300C는 국내 대형 세단 시장에서 상품성을 인정받기도 했고,  이미 높은 판매를 자랑할 정도잖아요.전 : 이 때문에 최근 출시된 크라이슬러 200도 사람들한테 큰 관심을 받고 있잖아.노 : 그런데 제가 생각하기엔 크라이슬러가 중형 세단 시장에서 영향력을 발휘하지 못할 것 같아요. 이미 국내에서는 독일 브랜드를 제외하고도 비슷한 가격대(리미티드 3180만원)에는 토종 '그랜저(3024만원~)'가 자리 잡고 있잖아요. 게다가 일본 브랜드들의 파워도 무시 못 하고요.전 : 나는 생각이 달라. 이번 크라이슬러 200은 아메리칸 디자인의 영감을 받은 정제된 디자인을 비롯해 △고급스럽고 정교하게 마감된 실내 인테리어 △동급 최초 9단 자동변속기 △높은 공간 활용성 △부드러운 주행 성능 △동급 최고 수준의 첨단안전사양 등 어디 하나 부족한 게 없거든.특히 브랜드 최초로 그릴과 헤드램프를 통합했고, 감성적이고 민첩함을 연상시키는 전면과 쿠페를 보는 듯 감각적이며 부드러운 바디라인을 구현했지. 또 차체 위·아래나 주변 공기흐름을 최적화할 수 있는 공기역학적 디자인을 완성하며 보다 다이내믹한 주행을 가능하게 했어.노 : 그렇게 따지면, 그랜저도 면밀한 고객조사를 통해 이전보다 프리미엄 세단으로써의 브랜드를 더욱 강화하고자 디자인을 고급화하고 상품성도 높였어요. 최근 출시된 2015년형 모델은 기존 모델의 역동성과 고급스러움을 살리면서 전장을 10mm 늘리고 전·후면부에 신규 디자인 범퍼를 적용해 보다 풍부한 볼륨감과 웅장함이 느껴지도록 했어요.실내도 보다 간결하게 디자인 된 센터페시아와 기능에 따라 단순화 및 재배열한 스위치 버튼 등 인체공학적 실내설계를 적용해 탑승객들이 보다 쉽고 편리하게 조작할 수 있도록 했어요.전 : 크라이슬러 200이야말로 고급스런 소재와 최첨단 기술, 그리고 효율적이고 유니크 한 수납공간으로 럭셔리한 인테리어는 물론, 운전자 중심의 혁신 설계로 차별화된 편의성을 자랑하지. 특히 동급 최초로 최첨단 전자식 로터리 E-시프트(Shift)가 적용되면서 센터 콘솔 디자인이 기능성과 아름다움을 동시에 갖추기도 했어.뿐만 아니라 200 차대(chassis)는 유럽 스포티한 주행감각과 북미의 도로를 편안하게 운전할 수 있는 스티어링 휠의 정확성이 발휘되도록 개발되면서 탁월한 핸들링과 최대한의 편안함을 자랑하지.◆올 뉴 200, 9단 변속기 장착…뛰어난 AS 네트워크 갖춘 그랜저노 : 반면, 그랜저는 기존 엔진을 개선해 1500rpm대 저·중속 영역에서의 성능을 강화한 세타II 2.4 GDI 엔진을 탑재해 실사용 구간에서 더욱 경쾌한 가속감과 향상된 주행성능을 제공하죠. 실제 △최고출력 190마력 △최대토크 24.6kg·m △연비 11.3km/L(17인치 기준)의 우수한 동력성능 및 연비 효율을 확보했어요.전 : 알파 로메오 플랫폼을 기반으로 개발된 크라이슬러 200은 유럽식 온로드 성능의 기본이 되는 CUS-와이드 모듈러 플랫폼을 사용했어. 이로 인해 아름답고 정교한 스타일과 함께 중형 세단의 편안함과 주행감각, 핸들링 등에 대한 기대를 뛰어넘는 탁월한 성능을 제공해.국내 중형 세단 시장에서 강력한 영향력을 가진 그랜저 2015년형 모델은 면밀한 고객조사를 통해 이전보다 프리미엄 세단으로써의 브랜드를 더욱 강화하고자 디자인을 고급화하고 상품성도 높였다. Ⓒ 프라임경제특히 동급 최초로 적용된 9단 자동변속기는 촘촘하게 구성된 기어비의 영향으로 변속 충격이 거의 느껴지지 않을 정도로 부드러워. 여기에 탑재된 신형 2.4L 엔진은 이전보다 출력과 토크는 각각 6%, 19%나 향상된 △최고출력 187마력 △최대토크 24.2kg·m의 주행성능을 발휘해. 연비도 복합 연비 기준으로 10.9km/L(리미티드 기준)지.이뿐만이 아니야. 크라이슬러 200은 미국 고속도로 안전보험협회 충돌테스트에서 최고 등급인 '탑 세이프티 픽 플러스'를 받으며 최고의 안전성을 인정받았어.실제 약 60% 더 향상된 기술로 생산된 강철을 사용해 승차 공간 안전도와 충돌에 대한 내성을 더욱 높였고, △어댑티브 크루즈 컨트롤 △사각지대 모니터링 시스템 △풀-스피드 전방 추돌 경고 플러스 시스템 등 동급 최고 수준인 60여 가지 안전 및 보안 기술이 적용됐어.노 : 현대차는 국내 소비자 니즈를 만족시키기 위해 그랜저의 편의성이 크게 향상시켰죠. 특히 2015년형은 시야 사각지대 차량이나 후방에서 고속으로 접근하는 차량 등을 감지해 운전자에게 경보하는 후측방 경보 시스템(BSD)을 추가했어요. 이와 함께 방향지시등을 작동하지 않은 상태에서 차선을 넘어가는 경우 경보를 알려주는 차선이탈 경보 시스템(LDWS)도 확대 적용해 최고 수준의 안전성을 확보했고요.뿐만 아니라 초음파 센서로 주차 및 출차 가능 공간을 탐색한 후 자동으로 스티어링 휠을 제어해 평행주차, 직각주차, 출차를 도와주는 어드밴스드 주차 조향 보조시스템은 물론, 스마트 트렁크 시스템 등을 통해 뛰어난 편의성을 확보했다.그나저나 수입 브랜드의 가장 큰 단점으로 꼽히는 것은 바로 AS 네트워크잖아요. 그 부분에 있어서는 결코 비교가 될 수 없을 텐데요? 더군다나 크라이슬러는 수입 브랜드 중에서도 아직은 전국적으로 많이 구축하지 못한 게 흠이잖아요(FCA 코리아 21개 서비스센터). 부품 값도 만만치 않고요.전 : 물론 그렇긴 하지만, 세계적인 수준의 최첨단 생산설비를 갖춘 스털링 하이츠 조립공장(Sterling Heights Assembly Plant)에서 생산된 크라이슬러 200은 AS에 대한 걱정을 덜하지. 오히려 AS를 덜 받는 것이 더욱 완벽한 제품이라고 할 수 있지."
296223,[카수다] 'SUV 진검승부' 아우디 Q5 vs 지프 그랜드체로키,전훈식·노병우 기자,2015.01.08 13:37:28,"계속되는 '독일 강세' 현상은 SUV 세그먼트에도 그대로 이어져 아우디 Q5가 높은 판매를 유지하고 있는 가운데, 미국 대표 '전통 SUV 명가' 지프도 그랜드체로키를 앞세워 치열한 시장 경쟁이 돌입했다. Ⓒ 프라임경제[프라임경제]최근 자동차시장에서는 디젤 열풍과 넒은 효율성을 자랑하는 SUV가 큰 인기다. 상당수 SUV에는 겨울철 빙판길에 안전한 4륜구동(이하 4WD)이 기본 장착된 만큼, 어느 정도 주행안정성은 확보한 상황. 다만, 브랜드 특유 성질에 따라 각 차량이 가지는 매력 포인트가 다르고 특성도 상이하다. 이번 카수다에서는 SUV 명가이자 미국 대표 지프 그랜드체로키와 대세 독일 대표 아우디 Q5를 소재로 삼았다.얼마 전부터 국내 자동차시장을 휩쓸고 있는 수입차 판매 증가는 국내 자동차업계 트렌드를 바꾸기에 충분했다. 무엇보다 전통적으로 세단 강세인 국내에서 SUV 판매 비중이 전체 판매량의 20%를 넘길 만큼 큰 인기를 끌고 있는 건 트렌드 변화의 한 축이다.이런 현상은 레저문화 확산과 고유가로 인해 상대적으로 저렴한 디젤유가의 경제성에 기인했다는 평이 지배적이지만, 장기 저유가 상황에 접어든 요즘에도 인기가 식을 줄 모른다.계속되는 독일 강세 현상은 SUV 세그먼트에도 그대로 이어지고 있는 가운데, 미국 대표 '전통 SUV 명가' 지프도 그랜드체로키를 앞세워 치열한 시장 경쟁이 돌입했다.지난해에 이어 올해에도 치열한 경쟁이 예상되는 SUV 시장에서 맞붙은 아우디 Q5(45 TDI)와 지프 그랜드체로키(3.0L 서밋)를 비교 분석했다.◆최신 트렌드냐 강렬한 진짜냐?전훈식 기자(이하 전) :　요즘 아웃도어 열풍 때문인지 SUV 인기가 식을 줄 모르는 것 같아.노병우 기자(이하 노) : 맞아요. 게다가 휴일마다 놀러 다니는 가족들도 늘어나면서 넓은 실내 공간을 추구하는 추세잖아요. 특히나 개성과 안전을 중시하는 20~30대들이 점차 수입차로 눈길을 돌리면서 독일 SUV가 높은 판매를 보이는 것 같아요.아우디 Q5는 아우디 브랜드가 지닌 뛰어난 기술력이 고스란히 느껴지는 모델로, 도심에 어울리는 쿠페형 SUV다. ⓒ 프라임경제전 : 그건 단지 트렌드 위주 소비가 늘면서 나타나는 일시적 현상이 아닐까. 물론 현재 수입차 시장에서 독일차 영향력이 엄청나지만, SUV(세그먼트)만 두고 봤을 땐 랜드로버나 지프과 같은 '전통 SUV 명가'와 비교하기엔 아직 부족하지.노 : 그거야말로 명가라는 허울 때문 아닐까요? 80~90년대도 아니고, (차량) 성능이나 안전성 측면에서 그리 큰 차이가 없잖아요. 오히려 이젠 디자인이나 첨단 편의 사양이 판매를 좌우하는 시대인 거죠.저는 그런 입장에서 아우디 Q5(이하 Q5)가 주행성능이나 안전성, 최신 트렌드까지 모두 아우르는 현시대 진정한 SUV라고 생각해요.전 : Q5가 모든 것을 갖춘 차량이긴 하지만, SUV 본연의 특성을 살리진 못한 만큼 진정한 SUV는 아니라고 생각해.오히려 지프 그랜드체로키(이하 그랜드체로키)야말로 SUV의 표본이지. 흔히 말하는 고품격 온로드 주행 성능에 인테리어 품질, 사용자 친화적 기술, 그리고 다양한 첨단 사양들을 모두 갖춘 것은 물론 SUV 고유 오프로드 성능까지 만족시킨 진짜 중대형 프리미엄 SUV랄까?노 : 요즘이 어떤 시대인데 오프로드 성능만을 쫓을 순 없죠. 오히려 도심형 SUV를 추구하는 분위기에요. 여기에 콰트로의 다이내믹함과 터보 직분사 디젤 TDI 엔진의 파워까지 충족한 Q5를 무시할 수 없는 거죠.특히 스포츠세단의 다이내믹한 특성에 넓고 편안한 실내 공간, 다양한 편의 장치와 안락한 승차감을 두루 갖춰 비즈니스와 레저, 패밀리카에 이르기까지 활동적 라이프스타일을 위한 최고의 모델이라 할 수 있죠.외관 디자인도 LED 주간운행등과 싱글프레임 그릴이 적절한 조화를 이루면서 한편의 우아한 조각품이랄까. 하여튼 '아우디'라는 디자인 명성과 감성을 한층 섬세하게 표현했어요. 또 전고(1655mm)가 전장(4629mm)이나 전폭(1898mm)과 비교해 상대적으로 낮게 설계되면서 왠지 모를 다이내믹한 비율이 인상적이죠.전 : 그랜드체로키와 비교하면, 오히려 그런 모습이 SUV가 아닌 단순히 덩치가 큰 쿠페로 비춰질걸. 한층 고급스러워진 외관은 그랜드 체로키만의 강렬한 SUV 존재감을 표출하기 충분하지.전면 그릴 수직 방향 길이가 짧아지고, 헤드램프는 더 슬림해졌거든. 하단 범퍼 높이도 상향 조정됐고, 포그 램프는 날렵해져 더욱 모던하고 세련된 프론트 뷰를 완성했어.뿐만 아니라 이런 각 요소들은 적절한 조화로 최적의 '최저 지상고'를 유지하는 동시에 웅장한 차체 분위기를 조성하지. 여기에 7-슬롯 그릴과 사다리꼴 휠 아치는 브랜드 고유 스타일링을 계승하고 있지.인테리어도 마찬가지야. 운전자 시선이 머물고, 손끝 감촉이 접하는 모든 부분을 최고급 자연 재질로 만들어 편의와 프리미엄이라는 일거양득 효과를 톡톡히 거뒀지. 특히 서밋 모델에는 내츄라-플러스(Natura-Plus) 최고급 가죽 시트와 나무 질감이 그대로 느껴지는 오픈 포어 원목 우드 트림을 적용해 차원이 다른 감성을 제공하지.노 : 아우디이야말로 탑승할 때부터 느낄 수 있는 편안함인데, Q5는 여기에 밝고 고급스러움, 그리고 넉넉한 실내 공간까지 확보했거든요. 특히 운전석은 키나 체격에 상관없이 편안함을 느낄 수 있는 웰빙 콘셉트를 자랑하고, 보조석도 인체공학적 구조로 이뤄져 운전석만큼 최적의 자세를 유지할 수 있어요.여기서 끝나는 게 아니에요. 아까 말했듯이 일상생활과 스포츠, 레저, 패밀리카로 사용하기 위한 실용적 기능들을 대거 포함하고 있어요.특히 540L에 이르는 적재 공간은 편평한 바닥과 이어지는 69cm 높이의 적재 입구로 인해 보다 쉽고 편리하게 물건을 실을 수 있죠. 또 뒷좌석을 접으면 적재 공간이 △최대 1560L △최고 580kg까지 늘어나요.◆'대표 4WD 상징' 콰트로 vs 전설적 온·오프로드 캡틴전 : 하지만 그랜드체로키는 단순히 내·외부 디자인만이 우수한 게 아니거든. 동급 최고 수준의 높은 연료 효율성과 경제성을 자랑하는 3.0L V6 터보 디젤엔진이 탑재된 그랜드체로키는 ZF 8단 트랜스미션까지 장착되면서 △최고출력 241마력 △최대토크 56.0kg·m의 성능을 발휘하지.특히 1800rpm의 낮은 영역대에서부터 발휘되는 최대토크는 소음과 진동도 최소화한 엔진 설계와 어우러져 운전자에게 정숙하지만 경쾌한 드라이빙의 즐거움을 선사하지. 연료 효율성(복합 11.7km/L)도 중대형 SUV치고는 나쁘지 않고.그랜드체로키는 고품격 온로드 주행 성능에 인테리어 품질, 사용자 친화적 기술, 그리고 다양한 첨단 사양들을 모두 갖춘 것은 물론 SUV 고유 오프로드 성능까지 만족시킨 '중대형 프리미엄 SUV'다. Ⓒ 프라임경제노 : Q5 주행성능 역시 만만치 않아요. 3000cc 터보 직분사 디젤 TDI 엔진(45 TDI 기준)이 탑재되면서 △최고출력 245마력 △최대토크 59.2kg·m의 성능을 자랑하고, 제로백(100㎞/h에 이르는 시간)도 6.5초에 불과해요. 연비(복합 11.9km/L)도 그랜드체로키보다 높은 수준이죠.여기에 아우디를 상징하는 상시 4WD 시스템인 콰트로는 굳이 따로 말할 필요가 없을 정도로 완벽한 성능을 자랑하기도 하고요.전 : 승용세단에 장착된 콰트로는 인정할 수 있지만, 4륜구동이 발달한 SUV에서도 그대로 적용하는 건 무리지. 특히 SUV 기술력만 따지만 지프가 결코 뒤지지 않고, 그랜드체로키의 경우 다이내믹한 프리미엄 온로드 주행과 지프 브랜드 고유 전설적 오프로드 성능을 완벽 구현했거든.노 : 그랜드체로키가 어떤 시스템이 가지고 있어 주행성능이 우수한다고 평가하시는데요?전 : 기본적으로 온로드에서는 전후 독립식 서스펜션으로 다이내믹한 주행성능과 탁월한 정숙성을, 그리고 가변식 리어 스프링을 통해 향상된 핸들링과 안락한 승차감을 제공해. 특히 가변식 리어 스프링은 오프로드에서 지프 특유 전설적인 퍼포먼스에 중요한 역할도 동시에 담당하잖아.여기에 '진짜 SUV'답게 오프로드를 책임지는 최첨단 시스템도 대거 장착돼 있거든.우선 모든 트림에 기본 적용된 '셀렉-터레인 지형 설정 시스템 지형 설정 시스템'은 주행 조건에 따라 선택한 5가지 주행 모드에 따라 △파워트레인 △브레이크 △서스펜션 시스템 등 12가지 항목을 전자식으로 조절해 최적의 접지력을 확보하지.또 서밋 3.0L 모델에 탑재된 쿼드라-드라이브 II 4WD 시스템은 주행상황에 따라 전·후륜 외에 좌우 어느 한 바퀴에 100% 토크 배분이 가능해 더욱 안정적인 험로 드리이빙이 가능하지.여기에 쿼드라-리프트 에어서스펜션(오버랜드·서밋 기준)은 차고를 최대 56mm까지 높이거나 41mm까지 낮출 수 있어 오프로드 주행이 보다 용이하고 탑승객 승차가 한층 수월하게 이뤄지지. 물론 △평시 △고속 △오프로드1 △오프로드2 △주차 5개 모드 중 하나가 자동 혹은 수동으로 작동되며, 4개 에어 스프링을 통해 프리미엄 모델의 안락한 승차감을 제공해.노 : 과연 SUV 선택에 있어 전통 스타일을 원하는 고객은 그랜드체로키를, 도심에서의 SUV를 추구한다면 Q5를 선택하는 것이 가장 합리적인 선택인 것 같네요."
293766,[카수다] 컴팩트 CUV시장 격돌…QM3 vs 푸조 2008,전훈식 기자,2014.12.03 12:08:48,"이번 카수다 대상인 르노삼성자동차 QM3와 푸조 2008은 우열을 가리기 어려운 CUV다. 분명 소비자들에게 흥미진진한 비교대상이 될 것으로 기대된다. Ⓒ 프라임경제[프라임경제]최근 국내 자동차시장에서 크로스오버유틸리티차량(이하 CUV)이 주된 관심사로 자리 잡았으며 관련 시장은 국내·외를 막론하고 가장 빠른 성장세를 나타내는 중이다. 상황이 이렇다 보니 국내브랜드는 물론, 수입브랜드까지 잇따라 신차를 내놓으며 CUV시장 공략에 박차를 가하고 있다. 이에 이번 카수다에서는 CUV로 재미를 톡톡히 보고 있는 르노삼성자동차의 QM3와 한불모터스의 뉴 푸조 2008을 소재로 삼았다.CUV는 △세단 △SUV △쿠페 △왜건 등의 장점을 섞어 만든 일종의 장르 파괴 차량 일컫는 용어지만, 최근엔 프레임 없이 모노코크 방식을 사용한 중소형 SUV를 지칭하는 표현으로 사용된다.이런 CUV는 1.5L에 불과한 작은 디젤엔진으로도 충분한 힘을 내고 뛰어난 공간 활용도 및 승차감, 높은 연비를 갖춘 것이 특징이다. 특히 프랑스 감성을 그대로 녹인 QM3와 푸조 2008은 높은 실용성을 인정받아 연일 맹위를 떨치고 있다.실제 QM3는 지난달까지 1만6014대가 판매됐으며, 푸조 2008도 사전계약 대수가 1000대를 넘을 정도로 큰 인기다. 이처럼 우열을 가리기 어려운 두 모델은 분명 소비자들에게 흥미진진한 비교대상이다.◆핫한 시장서 만난 파리지엥…디자인 경쟁 볼거리전훈식(이하 전) : 자동차를 볼 때 가장 관심 있는 세그먼트라면 역시 무난한 세단일까, 아니면 아직도 폭풍 성장을 멈추지 않고 있는 SUV일까.노병우(이하 노) : 저는 요즘 실용성을 충족한 CUV가 가장 '핫(hot)'하다고 생각하는데요. 저는 SUV를 선호해서 딱히 CUV에는 별다른 관심이 없었어요. 그런데 뉴 푸조 2008(이하 2008)을 타보니 CUV가 왜 요즘 소비자들한테 인기가 많은지 알겠더라고요.지난 10월29일 국내에 출시한 뉴 푸조 2008은 사전 계약 1주일 만에 1000대 예약을 돌파하며, 많은 소비자들에게 폭발적인 호응을 얻고 있다. Ⓒ 프라임경제전 : CUV라면 나도 르노삼성 QM3를 타본 적이 있는데 의외로 괜찮았어.노 : 만일 QM3와 2008 중 선택하라면 저는 2008에 선택할 것 같아요. 사실 푸조가 국내에서는 찬밥 아닌 찬밥 신세를 면치 못하고 있지만, 수입브랜드 특유의 매력은 살아있죠.특히 2008은 자고 일어나니 신데렐라가 됐다는 표현이 어울릴 만큼 요즘 국내 CUV시장에서 가장 핫한 이슈잖아요. 푸조 측에서도 2008의 당초 판매량을 연말까지 300대 정도 예상했었는데, 사전계약 접수 1주일 만에 무려 1000대가 넘었을 정도니까요.전 : 실제 타보니 어때?노 : 주행성능에 있어서는 사실 호불호가 갈릴 수 있어요. DCT(듀얼클러치변속기)가 적용된 QM3와 달리 2008에는 MCP(Mechanical Compact Piloted) 변속기가 적용됐어요. 그래서 저속이나 언덕에서 한 템포 늦은 변속 타이밍이 처음엔 적응하기 힘들 수도 있어요.그래도 가속페달을 밟으면 속도가 꾸준히 시원하게 오르기도 하고요, 핸들링이나 정교한 코너링 등에서 서스펜션 세팅도 만족스러워요. 큰 쏠림이나 미끄러짐 현상도 드물죠. 일상생활에서 실용적인 맛은 제대로 느낄 수 있어요.무엇보다 2008에는 패들시프트가 적용됐어요. 그러니까 일반 주행 모드(A)가 아닌 수동 조작 모드(M)를 활용할 때 운전의 재미를 더욱 누릴 수 있다는 거죠.전 : 그렇구나. 특히나 프랑스 혈통을 속일 수 없을 정도로, 디자인은 완벽하다고 들었어.노 : 푸조가 프랑스 브랜드잖아요. 딱딱하고 근육질의 독일 브랜드와 달리 부드러운 곡선 처리와 동글동글한 느낌이 더 강해요. 그렇다고 날렵함이 없는 건 아니고요. 그래서 남성뿐 아니라 여성들에게 부담되지 않는 디자인이에요. 보통 프랑스 감성을 담았다고들 하잖아요. 그 말처럼 2008은 세련된 느낌과 함께 경쾌하고 활력 넘쳐요.균형 잡힌 전·후방 비율 배분 덕에 디자인 완성도가 높아졌고, 브랜드 상징인 사자가 발톱으로 할퀸 모습을 고스란히 담은 후미등도 인상적이에요. 또 전면에 얹은 플로팅 그릴(Floating grille) 양 옆으로 프로젝션 타입의 헤드램프를 더해 특유의 패밀리룩까지 담아냈죠. 전체적으로 과하게 욕심 부리지 않고 절제됐다고 해야 하나?전 : 내부는?노 : 인테리어는 검은색 플라스틱 소재와 크롬이 적절히 혼합돼 심플해요. 2008은 운전자 눈높이에 맞춰 설계된 헤드업 클러스터나 콤팩트한 크기의 스티어링 휠이 특징이에요. 여기에 직관적인 인스트루먼트 패널 및 통합 멀티미디어 터치스크린 등도 갖췄죠. 개인적으로 헤드업 클러스터와 민첩한 조작이 가능한 스티어링 휠이 만족스러웠어요.특히 푸조 측은 헤드업 클러스터를 운전석 쪽 대시보드 위로 옮긴 것과 관련해 운전자가 전방 도로에서 시선을 떼지 않고도 계기판을 볼 수 있게 하기 위해서라고 설명하더라고요.여기에 또 천장에는 대형 파노라믹 글래스 선루프가 적용됐는데, 탑승자에게는 시원시원한 개방감을 주죠. 근데 시트가 높게 포지션돼서 그런지, 개인적으로 약간 구부정하게 운전하고 있다는 느낌이었어요. 그건 그렇고 QM3는 어땠어요?QM3는 독특한 디자인과 획기적인 연비, 그리고 파격적인 가격에 안전과 서비스 경쟁력까지 더해 출시한지 1년이 지났지만 식지 않는 높은 인기를 끌고 있다. Ⓒ 프라임경제전 : QM3는 알다시피 출시와 함께 업계의 큰 이슈로 떠올랐잖아. 그만큼 완벽에 가까운 CUV라고 생각해. 거의 CUV의 정석이라고나 할까. 먼저 QM3는 외관부터 르노그룹의 최신 디자인 트렌드를 반영한 감각적인 스타일링이 특징이지. 부드러우면서도 균형 잡힌 디자인과 세련된 감성과 자신감, 역동성이 절묘하게 조화를 이루지.또 컴팩트한 차체에 17인치 대형 휠이 결합되면서 스포티한 매력을 뿜어내는 동시에 견고하고 단단한 느낌으로, 유연하면서도 강인한 인상의 외관과 강하게 경사진 전면 유리가 다이내믹한 느낌이 가미됐어.또 실내는 우수한 디자인에 편리한 드라이빙을 위한 스마트한 아이디어까지 돋보여. 특허받은 탈착식 지퍼형 시트커버와 같은 혁신적 아이디어를 적용해 일상에서의 편리함을 강화하는 데 중점을 뒀어. 지퍼로 간단히 분리해 가정에서 쉽게 세탁할 수 있고 다양한 디자인과 컬러 시트로 쉽게 인테리어를 바꿀 수도 있어.노 : 실내공간은 어때요?전 : QM3 최고의 장점은 가격대비 효율성과 편의성을 꼽을 수 있어. 슬라이딩 벤치 시트를 최대한 앞으로 당겼을 경우 적재공간은 377L에서 455L까지 확보할 수 있어 더욱 실용적이지. 더불어 트렁크의 높낮이를 조절하면 화물용 캐리어 정도는 가뿐히 들어가는 만큼 일상생활에 편의성을 더했어.노 : 2008 역시 QM3 못지않은 효율적인 공간활용과 실용적인 수납공간을 자랑해요. 예를 들면 앞좌석 등받이 두께를 얇게 조정해 뒷좌석 탑승자에게 여유로운 공간을 제공하는 것처럼 말이죠.뿐만 아니라 차량 내부에 도어 트레이나 센터 콘솔에 위치한 트레이와 컵 홀더 등 여러 수납공간을 설치해 다양한 크기의 물건을 편리하게 보관할 수 있도록 배려했어요. 특히 중앙과 센터 콘솔 후면에 위치한 12V 전원 소켓은 휴대용 기기 사용이 많은 최근의 트렌드를 반영한 포인트라고 할까.무엇보다 트렁크 이용도 매우 간편해요. 넓은 직사각형 모양의 트렁크는 6대 4 분리형 2열 시트 덕분에 편의에 따라 360L부터 최대 1194L까지 조정할 수 있어요. 또 트렁크 매트 아래에는 22L의 수납공간도 숨어있죠.◆극대화된 실용성에 훈훈한 주행성능…다만장점·한계 '뚜렷'전 : 근데 CUV의 장점이 하나가 바로 연비잖아. 사실 요즘 출시되는 신차는 고급 대형차가 아닌 이상 연비가 높지 않으면 소비자 외면을 받을 수밖에 없는데. 과연 2008의 연비는 괜찮은 수준이야?노 : 비록 유럽연비긴 하지만 2008은 출시 전부터 화제가 됐던 25~26.3㎞/L라는 수치가 강인한 인상을 줬던 거 기억해요? 국내 공인 연비의 경우 17.4㎞/L인데, 실제로 운전해보면 20km/L 웃도는 실연비를 기록하더라고요.뉴 푸조 2008은 스타일리시한 디자인과 민첩한 드라이빙 퍼포먼스, 직관적인 인스트루먼트 패널 등 강점을 갖춘 도심형 CUV 모델로, 콤팩트한 차체에 넓은 실내공간을 확보해 실용성을 극대화했다. Ⓒ 프라임경제전 : 2008도 나쁘지 않은데, 우선 연비 측면에선 QM3가 더 높은 점수를 줘야겠네. 독일 게트락 파워시프트 듀얼클러치 조합 때문인지 2008보다 한 단계 높은 18.5㎞/L거든. 1.5dCi 엔진이 들어간 주행성능도 △최고출력 90마력 △최대 토크 22.4kg·m의 동력성능을 발휘해.노 : 2008 주행성능도 장착된 1.6 e-HDi 디젤 엔진과 6단 전자제어 자동변속기와의 조화로 △최대 출력 92마력 △최대 토크 23.5kg·m의 힘을 발휘해요. 수치상 출력은 QM3와 거의 차이가 없네요.전 : 하지만 QM3에게는 필살기가 있어. 수입차가 절대로 가질 수 없는 최고의 가치인 'A/S 네트워크'를 확보했다는 강점이 있지.수입차를 구매하기 전 망설이는 가장 큰 이유 중 하나가 바로 서비스인 점을 감안할 때 QM3는 전국 470개 서비스 네트워크(르노삼성)를 통해 편리하고 쉽게 서비스를 받을 수 있지.QM3는 지난달까지 1만6014대가 판매돼 출시 1년 만에 해외 제작 차종 최다판매 기록을 달성했으며 최근 불기 시작한 소형 SUV 돌풍을 몰고 온 화제의 차다. Ⓒ 프라임경제노 : 그런 점에 있어서 QM3가 우위에 있는 건 사실이네요. 그렇지만 그 점은 독일브랜드 미국브랜드 등 너 나 할 것 없이 국내브랜드와 비교해서는 당해낼 수 없죠.전 :　더 들어봐. 그뿐만 아냐. A/S 외에도 뛰어난 가격 경쟁력도 2008과는 비교할 수 없지. QM3 출시 당시 국내에서 보기 드문 CUV시장을 적극 공략하기 위해 현지가격보다 저렴한 가격으로 업계 가격 정책에 '파란'을 몰고 왔잖아. 실제 국내 가격은 △SE 2250만원 △LE 2350만원 △RE 2450만원에 불과해.노 : 2008도 가격 측면에선 경쟁력이 있어요. 국내 출시가는 △악티브 2650만원 △알뤼르 2950만원 △펠린 3150만원이죠. 국내브랜드로 판매되는 QM3에 비해 비교적 높은 가격이지만, 이미지를 생각한 경쟁력에선 오히려 저렴한 편이라고 생각되는데요. 소비자들도 저처럼 생각하는 경우가 많아요.전 : 국산차인 QM3가 수입차 이미지를 쫒진 못할지 몰라. 하지만 CUV가 실용성에 무게를 둔 점을 감안하면, 순수한 가격경쟁력에 뛰어난 A/S까지 갖춘 QM3와 비교하긴 아직 멀었다고 생각되네.노 : 가격 면에서 조금 더 경제적이고 주행에 있어서 부드러운 차량을 원한다면 QM3를, 운전의 재미와 고급스럽고 세련된 디자인 등을 추구한다면 2008을 선택하는 것이 가장 합리적인 선택인 것 같네요.[전훈식·노병우의 카수다] 다음 회에서는 수입 4륜구동 차량을 살펴볼 예정입니다."
는 것이 가장 합리적인 선택인 것 같네요.[전훈식·노병우의 카수다] 다음 회에서는 수입 SUV 차량을 살펴볼 예정입니다."
361771,[카수다] 수입 프리미엄 중형세단 챔피언 '벤츠 E-클래스' vs 도전자 '볼보 S90',전훈식 기자,2017.01.18 14:13:45,"수입 프리미엄 중형세단시장에서 독보적인 위치를 지키는 E-클래스(왼쪽)와 그 아성에 과감한 도전장을 던지고 승승장구 중인 S90. ⓒ 프라임경제[프라임경제]메르세데스-벤츠(이하 벤츠) E-클래스는 BMW 520d와 함께 수입 프리미엄 중형세단시장에서 독보적인 위치를 지키고 있다. 그러나 최근 비(非) 독일계 브랜드들이 대항하기 시작했다. 누군가의 독보적인 구조가 마음에 들지 않았던 모양이다. 특히 새 DNA를 장착한 볼보자동차코리아(이하 볼보) 역시 '더 뉴 S90(이하 S90)'을 앞세워 본격적인 경쟁에 뛰어들었다. 이에 이번 카수다는 동일한 시장에서 서로 다른 입지를 가진 벤츠 E-클래스와 볼보 S90을 소재로 삼았다.현재 수입차시장은 그야말로 춘추전국시대. 시장을 견인하는 벤츠와 BMW라는 강력한 두 브랜드 주위로 여러 수입 브랜드들이 늘 공격태세를 갖추고 있다.폭스바겐이 장악하던 4000만원 이하 시장에서는 일본과 미국계 브랜드가 혈투를 벌이는가 하면, 프리미엄 시장에서는 재규어·랜드로버가 큰 성장세로 기존 강대 브랜드를 위협하고 있다.그러나 벤츠는 이런 상황에서도 지난해 선보인 E-클래스가 흥행에 성공하고, 새롭게 구축한 SUV 라인업도 적지 않은 성과를 올리며 전년대비 19.9% 판매증가라는 무서운 성장세를 발휘했다.반면, 그동안 좀처럼 매력을 발휘하지 못하던 볼보는 S80 이후 10년 만에 나온 플래그십 모델 S90을 필두로 XC90와 V40 페이스리프트 모델이 연이어 흥행에 성공했다. 이 덕에 볼보는 2015년과 비교해 22.8%나 판매가 개선되는 쾌거를 달성, 비 독일계 '신성'으로 떠올랐다.특히 프리미엄 중형세단을 추구하는 볼보 S90의 경우 E-클래스 아성에 과감한 도전장을 던지면서 출시를 앞둔 BMW 신형 520d와의 삼파전도 기대되는 상황이다.◆'전통 DNA' 성공적 프리미엄 vs 차별화된 '스웨디시 젠틀맨'전훈식 기자(이하 전) : 최근 수입차시장 화두는 디젤게이트와 비 독일계 브랜드의 반란이 아닐까?노병우 기자(이하 노) : 지난해부터 재규어·랜드로버와 볼보가 크게 성장한 프리미엄 시장이 변화의 움직임이 있더라고요. 볼보는 새롭게 선보인 XC90이 가격이 1억원에 육박하는데도 월 100대 이상씩 꾸준히 판매되면서 5개월간 총 642대가 판매되는 등 고무적인 판매량을 올리고 있잖아요.10세대 프리미엄 이그제큐티브 세단 E-클래스는 뚜렷하고 감성적인 디자인의 스타일리시한 특성들을 뽐낸다. = 전훈식 기자여기에 프리미엄 세단시장에서 경쟁력을 강화하려고 지난해 출시한 S90도 공개 두 달여 만에 예약대수 400대를 넘어섰어요. 준대형급 수입차에 대한 통상적인 수요를 감안하면 흥행에 성공한 셈이죠.전 : 그래도 중형 프리미엄 세단 시장에서는 E-클래스라는 ‘넘사벽’ 때문에 단순 '신차효과'에 그치지 않을까? 여기에 조만간 출시된 BMW 5시리즈 여파도 만만치 않을 거고.노 : 그래도 오히려 기존 독일 브랜드와는 차별화된 '스웨디시 젠틀맨' 콘셉트가 은근히 성공할 가능성이 높다고 봐요. 북유럽 특유 심플함이 강조된 스칸디나비안 디자인 헤리티지를 유지하면서도 다이내믹한 비율을 강조했거든요. 스칸디나비안을 떠올리면 사실 볼보가 바로 생각나잖아요. 그리고 그거 아세요? 볼보 모델 번호판에는 'MADE BY SWEDEN' 이라는 문구가 있어요. 그만큼 스웨덴에서 만들었다는 자부심이 장난 아니라는 거죠.전 : 그렇게 따지면 E-클래스는 직접 전신(前身)에 해당하는 170 V 시리즈(1947년) 이후 무려 70여년간 가장 성공적인 프리미엄 세단으로 자리매김했을 만큼 디자인 자체부터 완벽한 존재감을 드러내잖아. 라인별로 확연한 캐릭터를 가진 외관에 모던 럭셔리 진수를 보여주는 인테리어는 최고의 이그제큐티브 세단의 위엄을 과시하기에 충분하지.S90의 외관은 차체를 보다 낮고 넓고, 길어 보이게 하는 볼보자동차만의 시그니처 비율이 적용돼 다이내믹한 인상을 뿜어낸다. = 노병우 기자노 : E-클래스가 전통 디자인 DNA를 유지하고 있다면 S90의 외관은 볼보 최초 2도어 스포츠 쿠페 'P1800'을 계승한 콘셉트 쿠페에서 영감을 받아 다이내믹하면서도 스포티한 인상을 자랑하죠. 차체를 보다 낮고 넓게, 길어 보이게 하는 브랜드만의 비율이 인상적이죠. 또 차량 곳곳의 대담한 직선형 디자인과 유려한 쿠페형 옆 라인, 안쪽으로 오목하게 들어간 23개 금속 막대가 자리 잡은 세로모양 그릴 등은 보다 중후해요.동급 경쟁모델 중 가장 역동적이면서도 스포티한 세단이라는 생각이 드는데요. 특히 북유럽 신화 '토르의 망치(Thor Hammer)'라는 애칭으로 유명한 T자형 헤드램프는 전체 인상을 강렬하게 어필하기에 부족함이 없죠. 여기에 새 아이언마크인 세로 모양 그릴은 중후하면서도 웅장하게 보이게 해주죠. 오히려 이번 E-클래스(10세대)는 풀 체인지 모델임에도 벤츠 세단에 일반적으로 기대되는 전체적인 분위기는 그대로 가져오면서 기대감을 충족시키지 못했다는 평이 있던데요?전 : 그렇지 않네. 모던 럭셔리라는 주제로 전통 DNA를 유지하면서 날렵한 쿠페를 연상시키면서도 세단 특유의 고급스러움을 잘 지켜낸 모습이지.E-클래스 실내에는 12.3인치 와이드 스크린 콕핏 디스플레이가 최초로 적용됐다. = 전훈식 기자이전 모델과 비교해 휠베이스는 65㎜, 전장은 45㎜ 길어져 쿠페형 루프와 긴 보닛이 역동적인 실루엣을 구현했어. 충분한 힘이 느껴질 정도로 커진 차체는 짧은 오버행과 긴 휠베이스·대형 휠·피처라인이 주는 역동성을 강조했고. 깔끔하게 정돈된 측면 역시 결코 과하지 않은 외관을 완성했지. 무엇보다 라디에이터 그릴 위에 큼지막한 삼각별을 붙여 젊은 디자인으로 추구하는 고객층을 저격한 아방가르드 모델과 달리, 엘레강스 모델은 전통적인 벤츠의 위엄을 어필하지.또 84개 LED를 이용한 멀티빔 헤드라이트와 풀 LED 테일 라이트 디자인도 외관이 주는 전체적 분위기 속에서 튀지 않고 안정감 있게 배치됐어. 여기에 알루미늄과 초강력 강철 비중을 높인 차체를 자랑하고, △프런트 윙 △보닛 △트렁크 문 △전·후면부의 많은 부분도 알루미늄 시트나 캐스트 알루미늄으로 제작됐지. 이런 경량화 디자인은 확연히 스포티하고 민첩한 핸들링을 가능케 하잖아.무엇보다 놀랄 변화는 바로 실내야. 계기반과 인포테인먼트 디스플레이를 좌우로 길게 일체형으로 배치했잖아(E220 옵션). 시선강탈이야. 운전자 시선에서 왼쪽이 계기반, 오른쪽이 인포테인먼트 모니터라는 기본 구성을 유지했지만 조작버튼이 운전대 안에 들어오는 '센터페시아 혁명'을 이뤘다고 할까. 경우에 따라 12.3인치 와이드 스크린이 계기반 위치에 내비게이션이 나타나는 것도 가능해.가로로 곧게 뻗은 직선형의 대시보드는 탑승객에게 시각적으로 넓은 공간감을 선사한다. = 노병우 기자노 : 그렇게 따지면 S90도 만만치 않아요. 북유럽 특유 기능미가 돋보이는 심플하고 우아한 디자인이 조화를 이룬 실내는 시각적으로 넓으면서도 안락한 분위기가 나는 공간이 됐거든요. 대시보드는 세로형 센터 콘솔 디스플레이 양 옆 에어컨 환풍구를 세로로 배치하고, 크롬으로 포인트를 준 다이얼노브 덕에 세련된 느낌이 나죠. 또 태블릿 PC를 그대로 옮겨놓은 듯한 세로형 9인치 센터 콘솔 디스플레이를 통해 센터페시아 내 버튼을 최소화하고 세련미를 극대화했어요.특히 터치스크린 방식은 정전기 방식이 아닌 적외선을 이용해 큰 압력 없이 가벼운 터치만으로도 조작 가능해요. 게다가 고해상도(픽셀 768×1020)는 물론, 빛 난반사를 방지하려고 반사방지코팅 처리를 했죠. 북유럽 툰드라 지대에서 자란 결이 단단한 천연나무와 마감수준이 뛰어난 가죽 스티치, 절제된 크롬라인으로 미니멀하면서도 따뜻한 감성도 극대화했고요. 요즘 트렌드 미니멀리즘 알죠?◆지능형 안전시스템 vs '자율주행 중점' 첨단사양노 : 성능은 또 어떻고요. S90은 경량화를 통해 강력한 성능과 효율성을 동시에 갖춘 '드라이브-E 파워트레인'을 장착해 연료효율성은 높이고 배출가스는 줄였죠. 가솔린엔진을 장착한 T5 차량은 다운사이징 2.0ℓ 4기통 엔진이면서도 터보차저를 적용해 △최고출력 254마력 △최대토크 35.7㎏·m라는 파워풀한 성능을 갖췄죠.벤츠 E-클래스에 장착된 신형 직렬 4기통 직분사 터보 가솔린엔진. = 전훈식 기자전 : 벤츠 E300 4매틱 역시 우월하면 우월했지 결코 뒤지지 않아. 신형 직렬 4기통 직분사 터보 가솔린엔진과 다이내믹 셀렉트 기능이 결합된 자동 9단 변속기간 이상적 조합으로 △최고출력 245마력 △최대토크 37.7㎏·m의 주행성능을 발휘하지. 최고속도도 250㎞/h에 달하고, 제로백도 6.2초에 불과하지만, 복합연비는 10.3㎞/ℓ에 CO₂ 배출량은 169g/㎞에 그치면서 운전자에게 최고 드라이빙의 즐거움을 제공하기에 충분하지.여기서 끝난 게 아니야. '드라이빙 어시스턴스 패키지 플러스'가 선택사양인 E-클래스는 진정 완전자율주행을 향한 새로운 기준도 제시했어. 여기엔 디스턴스 파일럿 디스트로닉 기능과 스티어링 파일럿 기능이 포함된 새로운 드라이브 파일럿을 비롯해 △능동형 브레이크 어시스트 △능동형 사각 지대 어시스트 등 나열하기도 힘들 정도로 많은 혁신적인 안전 및 운전자 보조 기능이 포함됐고.그리고 앞에서도 언급했지만 손쉽고 직관적인 터치방식의 터치 컨트롤 스티어링 휠 버튼과 좌우 각 84개 LED로 구성된 멀티빔 LED 헤드라이트 등 최초 적용된 다수 편의사양들이 안전하고 편안한 주행을 도와준다고.가솔린 모델 T5는 2.0ℓ 4기통 신형 엔진과 8단 자동변속기가 조화를 이뤘다. = 노병우 기자노 : 솔직히 자동차시장에서 안전하면 떠오르는 브랜드가 바로 볼보일 정도로, 그동안 볼보가 안전의 상징이자 대명사가 된 사실 모르세요? 세계 최초 안전기술을 20개 이상 보유한 볼보는 이를 바탕으로 S90에 최신 기술이 대거 보강된 인텔리세이프 시스템(지능형 안전 시스템)이 적용됐어요. 대표 시스템이 바로 반자율주행기능인 '파일럿 어시스트 2(이하 PA2)'죠. 차선만 명확하게 인지할 수 있는 상황이면 조향장치 도움을 받아 차량 스스로 차선을 유지해 달려요.실제 이 부분을 확인하기 위해 직선구간에서 PA2 버튼을 켜고 가속페달에서 발을 떼자 스스로 달리기 시작했어요. 일반 크루즈컨트롤과 달리 PA2는 차량속도가 15㎞/h 이상만 되면 작동이 되고, 전방에 감지되는 차량이 없어도 차선에만 의지해 스스로 달렸죠. 직선·곡선·고속 등 어느 구간에서도 S90은 흔들림 없이 PA2를 이용해 움직였고, 양쪽 차선 사이 중앙에서 달릴 수 있도록 유지해 전혀 불안하지 않았죠.물론 운전자 보조기능에 국한됐지만, 장거리 주행이나 운전자가 피로감을 느낄 때 유용하게 사용될 거 같더라고요. 여기에 긴급제동 시스템인 '시티 세이프티(City Safety)'는 '안전의 대명사'의 인식을 다시 한 번 느낄 수 있는 시스템이랄까. 의도된 상황은 아니었지만, 좁은 도로를 주행하다가 앞차와의 거리가 가까워지자 사고위험을 느꼈는지 브레이크를 작동하며 안전띠를 꽉 조이더라고요.운전자가 사고위험을 인지하지 못했다고 판단한 차량이 스스로 시티 세이프티를 작동시킨 거죠. 이외에도 도로 이탈 상황 발생 시 운전자를 재빠르게 시트에 최대한 밀착시키는 '도로 이탈 보호 시스템'은 운전자 흉추와 요추 부상을 방지하거나 완화시키죠.전 : 결국 개인의 취향을 존중해야 대화의 결론이 나겠는데? 나처럼 명불허전 프리미엄을 원한다면 E-클래스를, 너처럼 새롭게 떠오르는 힙(hip)한 모델을 원한다면 S90을."
308183,[카수다] 벤츠 CLS 클래스 VS 포르쉐 카이맨 '상남자 드림카 열전',전훈식·노병우 기자,2015.06.02 15:45:12,"이번 카수다에서는 1억원 상당의 스포츠형 차량 중에서 '프리미엄 4도어 쿠페의 진수' 메르세데스-벤츠 CLS 클래스와 '전통 스포츠카' 포르쉐 카이맨을 비교했다. Ⓒ 프라임경제[프라임경제] 사람마다 추구하는 자동차 특색이나 선호하는 브랜드가 각기 다르다.예를 들어 쉐보레 카마로와 포드 머스탱의 경우 '아메리칸 머슬카' 자리를 두고 치열한 논쟁을 펼치는 것처럼 말이다. 물론, 이런 대결은 동일한 세그먼트 외에 가격대나 자동차 성격에서도 자주 펼쳐지곤 한다.이에 이번 카수다에서는 1억원 상당의 스포츠형 차량 중에서 성격이 비슷한 차종을 비교하는 시간을 마련했다. 두 차종은 바로 '프리미엄 4도어 쿠페의 진수' 메르세데스-벤츠 CLS 클래스(이하 CLS)와 '전통 스포츠카' 포르쉐 카이맨.◆벤츠 CLS, 실용성 가득한 프리미엄 4도어 쿠페전훈식 기자(이하 전) : 최근 수도권에서 수입차가 국산차만큼이나 많이 보이는 거 같아. 기분 탓인가?노병우 기자(이하 노) : 요즘은 1억~2억원 상당의 수입차들도 어렵지 않게 눈에 띄던데요? 특히 포르쉐나 페라리같은 고성능 슈퍼카 브랜드들도 많이 늘어난 거 같아요.전 : 최근 들어 수입차시장이 크게 번성했지만, 아직 포르쉐나 페라리 같은 브랜드들은 부담스러워. 상대적으로 가격경쟁력이 뛰어난 아우디나 벤츠와 같은 기존 프리미엄 브랜드들이 낫다고 생각해. 벤츠 CLS와 같은 '4도어 쿠페'가 국내 상황이나 소비 형태에 더 적합한 거 같기도 하고.메르세데스-벤츠 CLS-클래스는 아름다운 쿠페의 모습과 실용적인 4도어 장점에 '벤츠'라는 이름까지 더해져 최적의 조화를 이룬 '혁신과 변화'의 대명사로 자리 잡고 있다. Ⓒ 프라임경제노 : 개인적인 느낌만으로 브랜드나 모델을 평가하는 건 성급하죠. CLS도 좋지만 남자라면 누구나 어렸을 때부터 전통 스포츠카를 타고 싶어 하잖아요. 또 고성능 슈퍼카라고 무작정 비싸다는 선입견도 잘못됐어요. 비싸긴 해도 기존 프리미엄 브랜드와 비교해 박스터 쿠페격인 '카이맨'은 비슷한 가격대거든요. 게다가 이전에 포르쉐는 단순히 꿈이나 동경의 대상이었지만, 최근에는 매일 즐길 수 있는 스포츠카로 자리 잡은 모습이고요.전 : 카이맨의 경우 1억원 정도 하니까 포르쉐 내에서도 저렴한 편이지만, 고성능 슈퍼카라고 해서 좋다는 맹목적인 인식은 잘못된 거 같아. CLS는 카이맨보다 성능측면에서도 결코 뒤지지 않고, 크기와 실내 공간 활용도는 오히려 훨씬 우월하거든.노 : 물론, 2인승 스포츠카인 카이맨은 평범한 패밀리카가 아닌 비싼 세컨드카에 속하지만, 포르쉐 911 카레라와 박스터에 이어 새로워진 3세대 스포츠카로 탄생한 모델이잖아요. 그만큼 스포츠카 쪽으로 한 걸음 더 진화한 새로운 세그먼트로 자리매김하고 있죠.전 : 그래도 3세대 박스터(2012년 국내 출시)와 플랫폼이나 부품, 디자인 등을 공유하는 건 그대로잖아?노 : 그렇지만 차 자체 성격에 차별화를 추구했어요. 자세히 보면 스포티함을 강조하기 위해 시각적으로 앞뒤 범퍼와 배기 파이프 등을 박스터와 다르게 제작한 것처럼 말이죠.또 양산 브랜드에서는 큰 의미가 없겠지만, 미세한 핸들링에 영향을 받는 스포츠카에서는 중요한 '오버행'도 그만큼 짧아졌죠(휠베이스와 전장 이전대비 각각 60mm, 33mm 연장). 게다가 전고가 낮아진 것도 동일한 역할을 하죠. 즉, 드라이빙을 즐기기에 적합한 외모를 갖추고 있단 거죠. CLS는 쿠페도 아니고, 스포츠카라고 하기에도 애매하잖아요.전 : 난 오히려 CLS를 보는 순간 오묘한 차체 밸런스와 디자인이 쿠페와 스포츠카의 완벽한 조화를 이뤘다고 생각했어. 아름다운 쿠페의 모습과 실용적인 4도어 장점에 '벤츠'라는 이름까지 더해져 최적의 조화를 이룬 CLS야말로 혁신과 변화라고나 할까.척 보기에도 날렵한 쿠페 인상이 매혹적이지 않아? 보닛 부분이 길고 (차량)지붕과 트렁크가 비스듬히 이어지는 전형적인 쿠페 설계 구조가 마치 날렵하면서도 다부진 근육질 같다고나 할까. 여기에 서있는 것만으로도 속도감이 느껴지는 사이드라인도 그렇고, 높아진 사이드 미러 위치는 자동차 윤곽을 더욱 두드러지게 해 강한 존재감을 나타내지.노 : 개인적으로 CLS와 같은 루프 라인을 좋아하지만, 그 대신 승하차가 불편하기도 하고 2열 헤드룸을 확보하지도 못했죠.전 : 면적은 극히 작아서 솔직히 일반 세단과 비교해 승하차가 불편할 수도 있어. 그 외에도 '세단 탈을 쓴 쿠페'인 CLS를 세단을 바라보는 시각으로 접근한다면 불편한 것이 한둘이 아닐 수도 있지만, 그것이 바로 쿠페의 특징이지. 카이맨은 제아무리 전통 스포츠카이지만, 국내에서는 디자인 쪽에서 호불호가 크게 갈리는 편이잖아.노 : 그만큼 포르쉐만의 정체성이 확실하다는 거죠. 카이맨은 볼륨감을 내세운 프런트 휀더에서부터 강한 성격을 표현한 리어 휀더까지 이어지는 라인에 역동성을 듬뿍 담고 있어요. 여기에 19인치 휠은 성능을 짐작하게 만들기 충분하고요. 후면은 비교적 매끄럽게 다듬어졌고, 무엇보다 카이맨 성격을 극대화하기 위해 리어에서는 박스터보다 큰 리어 스포일러와 LED 제동등을 채용해 스포티함을 강조하죠.버킷 시트를 기본으로 '펀 투 드라이빙'에 최적화된 실내는 크롬몰딩과 어우러지면서 고급스러움을 갖도록 했어요. 특히 라이징 콘솔(Rising Console)이라고 하는 센터페시아가 파나메라에서 처음 등장했을 때만 해도 이질감이 있었지만, 이젠 포르쉐 아이콘이 됐죠. 여기에 3스포크 타입의 스티어링 휠은 물론, 넓게 트인 시야 등은 드라이빙의 편안함까지 안겨요. CLS는 스포티한 외관에 비해 인테리어가 너무 클래식하지 않아요?전 : 아니지. 오히려 CLS의 호사스러움은 바로 실내에서 찾아볼 수 있어. 가죽으로 둘러싼 대시보드와 도어 패널 상단은 정교하게 맞물리며, 바느질 방향이나 일정함은 혀를 내두를 만큼 세심한 노력이 돋보여.또 다소 촌스러울 수 있는 우드그레인도 나무 무늬 선택과 색상 조절로 세련되고 고급스럽게 만들어졌지. 알루미늄으로 곳곳을 장식했고, 플라스틱 표면 가공이나 사출성형은 타의 모범이 될 정도니깐.노 : 하지만 수많은 센터페시아 버튼이 다소 산만하게 느껴지던데요. 사용하는 데에는 지장이 없긴 하지만 간결하지 못한 느낌이잖아요.전 : 나도 그건 공감해. 멋을 강조하는 쿠페라면 가장 먼저 개선돼야 할 부분이야. 대신 덕분에 뒷좌석 승차감은 우수해. 시트 딱딱함이나 답답한 공간과 상관없이 편안하지. 세단 뒷좌석에는 미치지 못하지만, 쿠페 뒷좌석치곤 우수한 편이지. 또 뒷좌석을 완전히 반으로 나눠 수납공간도 넉넉해. 카이맨은 너무 좁지 않아? 수납공간도 왠지 부족할 것 같고.노 : 아시는 대로 카이맨은 2인승이에요. 가족들이 같이 탈 수 있는 패밀리카가 아니란 얘기죠. 수납공간까지 넉넉하다면 좋겠지만, 부족하다고 흠은 아니죠. 고성능 슈퍼카잖아요. 충분한 수납공간을 원했다면 카이엔이나 파나메라를 구매했겠죠. 그렇다고 수납공간이 부족하단 말은 아니에요.2인승이다 보니 실내에 수납공간이 다소 부족하다고 느낄 수도 있지만, 보닛과 엔진 뒤쪽에 짐을 실을 공간이 별도로 있어요. 수치로 보면 앞쪽 150L, 뒤쪽 280L로 어지간한 짐은 다 실을 수 있어요. 특히 프론트 후드를 열면 생각보다 공간이 깊어요.◆포르쉐 카이맨, 전통 스포츠카의 위엄노 : 이번엔 주행성능을 비교해볼까요? 엔진은 박스터처럼 카이맨 S의 경우 3436cc 수평대향 6기통으로 △최고출력 325마력 △최대토크 37.8kg·m의 성능을 자랑해요. 여기에 포르쉐의 독특한 동력전달 장치인 7단 PDK를 통해 카이맨 S는 제로백 5.0초, 최고속도는 283km/h의 높은 달리기 성능을 갖추고 있어요.전 : 단순 수치만 따졌을 땐 CLS 대표 모델 CLS250 블루텍 4매틱(BlueTEC 4MATIC)의 경우 2143cc 차세대 직렬 4기통 디젤엔진을 장착한 만큼 △최고출력 204마력 △최대토크 51kg·m의 주행 성능을 발휘해. 최고속도는 236km/h, 제로백은 7.9초야. 무엇보다도 블루텍 기술로 유해물질 배출도 크게 줄어 유로6 기준을 만족시키는 친환경 엔진에 에코스타트/스톱(ECO Start/Stop)이 기본사양으로 적용돼 효율성이 더욱 향상됐지.포르쉐 카이맨은 드라이빙을 즐기기에 적합하게 구성된 외모를 갖추고 있으며, 이전 모델에 비해 전장이 증가했음에도 불구하고 컴팩트한 스포츠카의 모습을 그대로 유지하고 있다. ⓒ 프라임경제노 : 물론, 카이맨도 코스팅 기능(주행 중에 가속페달이 오프 상태로 돼 클러치가 끊어져 타성 주행하는 것)을 장착했어요. 다운스피딩의 일환으로 연료소비효율을 높이기 위한 기술이죠. 또 운전 내내 고회전으로 달리는 것은 아니라, 크게 걱정할 필요까진 없죠.그리고 어떤 사람들은 쉬지 않고 운행하는 패밀리 세단보다 가끔씩 스티어링 휠을 잡는 포르쉐가 기름을 덜 먹는다는 주장도 있을 정도니까요. 그런데 쿠페나 스포츠카를 구매하는 사람이 친환경이나 연비에 얼마나 신경을 쓸까요?전 : 국내소비자들은 스피드보단 안전을 중요하게 생각하는 편이지. 이런 측면에서 생각했을 때 상시사륜구동 시스템 '4매틱 기술'이 적용된 CLS야말로 안전을 추구하는 다이내믹한 주행을 선사해.알다시피 벤츠의 4매틱은 전륜과 후륜에 항시 45대55의 일정한 구동력을 전달하는 최첨단 방식으로, 악천후 상황에서도 즉각적인 대응을 할 수 있도록 도와줘. 이외에도 CLS에는 멀티빔 LED 인텔리전트 라이트 시스템도 최초로 적용됐고, 어댑티브 하이빔 어시스트 플러스나 헤드램프 컨트롤 시스템 등도 장착되는 등 '안전'에도 투자를 아끼지 않았지.노 : 포르쉐는 그런 첨단사항을 추구하기보단 차체 구조를 알루미늄과 스틸을 혼합해 뛰어난 강성을 자랑하죠. 이미 널리 알려진 포르쉐 최신 경량 설계 기술에 의해 알루미늄을 넓은 범위에 사용했죠. 화이트 보디만을 기준으로 44%에 이르며, 이로 인해 47kg 무게를 덜어내면서 선대 모델에 비해 30kg 경량화(장비류 포함) 달성에 크게 기여했죠. 비틀림 강성도 40%나 향상됐는걸요.전 :　쿠페와 스포츠카. 되짚으면 결국 소비자들이 어디에 중점을 두느냐에 따라 선택이 달라질 수밖에 없겠네. 스포츠카가 개인의 독특한 취향을 살리고 다이내믹한 드라이빙을 자랑한다지만, 아무래도 국내에서는 여전히 세컨드카라는 생각을 지울 수 없을 것 같긴 해."
595411,"[카수다] 패밀리 룩 같지만, 그냥 '현대 룩'이라 불러주자",노병우 기자,2023.03.10 09:20:39,"[프라임경제] 지난 2018년 즈음에 현대자동차는 모델들이 비슷한 얼굴을 가지는'패밀리 룩' 탈피를 선언했습니다. 패밀리 룩이 틀에 박힌 진부한 클리셰(Cliché)에 불과하다는 이유 때문이었는데요. 실제로 과거 패밀리 룩이 강조될 때는 자동차의 크기와 생김새만 다를 뿐 사실상 모두 비슷한 혹은 똑같은 디자인을 가졌었죠.물론, 패밀리 룩에도 장점은 있습니다. 브랜드 고유의 패밀리 룩을 통해 멀리서도 한 눈에 수많은 브랜드들 사이에서 ""저거 현대차네~""라고 알아볼 수 있게 만들어주니까요.패밀리 룩 대신 현대차가 꺼내든 건'현대 룩(Hyundai Look)'이었습니다. 말장난처럼 비춰지지만, 각각의 모델마다 고유한 개성과 역할을 갖도록 디자인하겠는 의지를 담았는데요.현대차는 현대 룩을 체스에 비유했습니다. 그만큼 현대차 모델들이 체스판 위의 △킹 △퀸 △나이트 △비숍처럼 모두 모이면 한 팀이 되지만, 각자 있을 때는 각자만의 역할과 그 역할에 맞는 형상을 지니길 바라는 마음이었던 겁니다.이름만 빼고 모든 걸 다 바꿨던 신형 쏘나타. ⓒ 현대자동차이에 맞춰 디자인의 감성적 가치들을 입체적으로 보여주겠다며 새로운 디자인 철학도 준비했는데요.'감성을 더한 스포티함'이라는 뜻의 '센슈어스 스포티니스(Sensuous Sportiness)'입니다. 참고로 센슈어스 스포티니스는 △비례 △구조 △스타일링 △기술 4대 요소를 근간으로 합니다.현대차는 센슈어스 스포티니스를 적용한 신차들을 줄줄이 선보였습니다. 팰리세이드(2018년 12월)를 비롯해 △쏘나타(2019년 3월) △아반떼(2020년 4월) △투싼(2020년 9월) 등을 출시했는데요.안타깝게도 이때의 '현대 룩' 전략은 순탄치만은 않았습니다. 무엇보다 소비자들에게 현대차의 패밀리 룩 탈피 선언은 '신차가 나올 때마다 매번 디자인이 바뀔 거야'라는 의미로 해석되기도 했습니다. 쉽게 말해 현대차 왈 ""내 맘대로 디자인 할 거야""처럼 말이죠.그렇게 모델마다 다른 디자인을 추구하다보니 브랜드 정체성이나 브랜드가 추구하는 방향을 다소 잃은 듯한 모습을 보이면서 소비자들에게 가차 없이 외면 받고 판매부진을 겪었는데요.전면부는 명문 귀족 가문의 문장인 방패 형태로 당당한 기품이 느껴지는 대형 크레스트 그릴, 네 개의 램프로 이뤄져 제네시스 디자인에 상징성을 부여하는 쿼드램프를 적용해 독창적인 모습으로 완성됐다. ⓒ 제네시스 브랜드뿐만 아니라 일부 출시된 신차들에게는 시행착오 아닌 시행착오 탓에 △메기 △삼각떼 등 현대차 입장에서는 전혀 웃지 못 할 별명도 붙었습니다. 또 국내 최장수 모델로 자리매김하며 '국민차'라는 수식어를 오랜 기간 유지한 쏘나타는 단종설까지 나오며 체면을 구겼죠.현대차가 현대 룩에 힘을 낭비하는 사이에 기아와 제네시스 브랜드는 자신들만의 패밀리 룩을 고착화시켰고 안착시켰습니다.기아는 현대차에 인수된 이후 뚜렷한 아이덴티티가 없던 시절 서브 브랜드 취급에서 벗어나고자 2007년 호랑이 코에서 영감을 받은 '타이거 노즈(Tiger Nose)' 그릴을 탄생시켰었죠.이후 타이거 노즈 디자인은 라디에이터 그릴에 국한되지 않고 헤드램프와 연결되며 타이거 페이스(또는 타이거 마스크)로 변모했고, 전동화로 전환하는 과정에서는 그릴과 헤드램프를 하나로 합친 '디지털 타이거 마스크(기아가 말하는 명칭)'로 진화했습니다.우주선을 연상시키는 유려한 곡선의 스타리아 외관. ⓒ 현대자동차아울러 제네시스는 독창적인 디자인 요소인 지-매트릭스(G-Matrix)를 적용한 크레스트 그릴과 날렵한 두 줄 램프로 제네시스 엠블럼을 형상하는 등 자신만의 시그니처를 만들었고, 이는 상당히 성공적인 디자인으로 평가받고 있죠.이런 상황에서 현대차가 결국 돌고 돌아 슬그머니 새로운 패밀리 룩을 다시 갖춰나가고 있는 모습입니다. 물론, 현대차는 여전히 '패밀리 룩'이라고 하지 않고 이를 '현대 룩'이라고 말하고 있죠. 새로운 현대 룩은'하나로 끊김없이 연결된 수평형 램프(Seamless Horizon Lamp)'인데, 이번 현대 룩은 분명 성공적인 듯합니다.출발은 스타리아였는데요. 2021년 출시된 스타리아는 후드와 범퍼를 가로지르는 얇고 긴 차폭등(포지셔닝 램프)과 주간주행등(DRL)의 디자인을 통해 큰 이슈를 불러일으켰는데요. 괴상하다는 평도 있었지만 스타리아로 재미를 본 현대차는 심리스 호라이즌 램프를 지난해에는 신형 그랜저에, 최근에는 신형 코나에도 곧바로 적용하며 패밀리 룩을 패밀리 룩이라고 부르지 못하는 현대 룩을 완성해 나가는 중입니다.""차세대 시그니처 라이팅 디자인의 진화 과정이다. 진화 과정에서 나온 디자인인 만큼, 앞으로 출시될 차량들의 성격과 다변화하는 고객 가치에 맞춰 앞으로 출시될 신차에서는 비슷하게 반영되거나 보다 진화된 형태의 디자인될 수도 있다.""디 올 뉴 그랜저 이미지. ⓒ 현대자동차그랜저 출시 당시 현대차 관계자는 '스타리아 디자인과 비슷하다'는 질문에 대해 이같이 답했습니다. 사람들은 똑같은 디자인이라고 생각하지만, 현대차의 생각은 확실히 다르게 생각하고 있는 모습이죠.그도 그럴 것이 출시 자료를 살펴보면 확실히 똑같지는(?) 않습니다.스타리아 때는 '우주선을 연상시키는', 그랜저 때는 '밤과 아침을 가르는 새벽의 경계선에서 영감을 받은', 코나 때는 '미래지향적인 이미지를 구현해주는'이라고 설명했기 때문입니다.하지만 분명한 건 심리스 호라이즌 램프가 현대차의 차세대 시그니처 라이팅 디자인이라는 점입니다. 동시에 이 디자인은 현대차의 전동화 전환과도 강하게 연결되고 있고요.내연기관차라면 엔진 열을 식히기 위해 그릴의 존재가 필수적이고, 이에 따라 그릴 디자인을 중심으로 패밀리 룩을 완성할 수밖에 없었습니다. 그러나 이제는 전동화 시대로 가고 있죠. 전동화 시대에는 그릴이 필요 없는 만큼 브랜드가 해보고 싶은 새로운 디자인 요소를 마음껏 적용할 수 있는데요.디 올 뉴 코나 내연기관(하이브리드 포함), 전기차, N 라인 3개 모델 외관. ⓒ 현대자동차그 과정에서 신형 코나의 경우에는 내연기관 모델들도 그릴을 숨기는 형태로 디자인돼 얼핏 보면 전기차처럼 생겼다고 착각할 법합니다. 마치 전기차 맞춤옷을 입은 것처럼 말이죠.사실 현대차에게는 패밀리 룩이든, 현대 룩이든 상관없을 겁니다. 그게 중요한 게 아니고 글로벌 전기차시장에서 1등하는 게 중요하기 때문이죠.그러려고 굳이 전용 전기차 브랜드 아이오닉(IONIQ)도 론칭했으니까요. 전기차 시대에서 퍼스트 무버가 되고자하는 현대차의 남다른 강한 의지. 중요한 건 꺾이지 않는 마음일지도 모르겠습니다.그런 의미에서 글로벌 브랜드들의 치열한 경쟁이 펼쳐지고 있는 가운데 가장 핫해진 전기차시장에서 이왕이면 1등이 우리나라 브랜드라면 더할 나위 없겠다는 생각을 해봅니다.물론, 결과를 자신할 수는 없지만, 그래도 완전히(?) 패밀리 룩을 탈피한 현대차가 현대 룩으로 꽤 괜찮은 승부를 하고 있다는 확신은 듭니다. 그래서일까요. 이제 패밀리 룩이 아니라 현대 룩으로 보이는 거 같기도…."
291487,[전훈식·노병우의 카수다] '한 지붕 두 가족' 아우디 A4 vs 폭스바겐 CC,전훈식·노병우 기자,2014.11.03 16:53:29,"[프라임경제]국내 자동차시장은 그야말로 수입브랜드 전성시대다. 고급세단 일색이던 과거와 달리 요즘은 다양하면서도 대중적인 차종들이 국내시장에 속속 안착하고 있다. 선택 폭이 너무 넓어 수입차를 고를라치면 비교해야 할 게 한두 가지가 아니다. 이번 '카수다'에서는 대중적인 수입 중형세단과 프리미엄 준중형세단을 소재로 삼는다.수입차를 선호하는 20~30대가 급증하면서 2000㏄ 이하 수입 중소형차급이 특히 급성장세를 보이고 있다. 자동차를 이동수단으로 여기던 기성세대와 달리, 젊은층은 자신의 아이덴티티를 표출하는 수단으로까지 생각하기 때문이다.한정된 가격 내에서 차종을 고르라면 크게 두 가지 선택 기준을 떠올린다. 브랜드 파워와 디자인을 선택 기준으로 삼든가, 아니면 세그먼트를 우선시해 실용성 측면을 보다 중요하게 여긴다는 것이다. 아우디 A4와 폭스바겐 CC가 꼭 그렇다.준중형급인 A4는 '아우디'라는 프리미엄 브랜드 파워를 가졌고, 독일 국민차 폭스바겐 CC는 A5 스포트백의 포지션을 가진 중형세단이다. 우열을 가릴 수 없는 두 차량은 소비자들에겐 흥미진진한 비교대상이다.◆'포 링 엠블럼' 프리미엄 아우디 vs 실용성 강조한 폭스바겐전훈식 기자(이하 전) :　요즘 국내 자동차시장은 너무 많은 수입 브랜드들이 다양한 차량을 선보이면서, 소비자 선택의 폭이 너무 넓어진 것 같아. 비록 한국법인은 별도 운영되지만, 한 그룹에 속한 아우디나 폭스바겐도 서로 경쟁하면서 유사한 세그먼트 차량을 내놓기도 하잖아.아우디 준중형세단인 A4는 1972년 '아우디 80'이라는 이름으로 첫선을 보인 이래 지난 40년간 약 1000만대 이상의 판매를 기록한 베스트셀링 모델로 명성을 떨치고 있다.  Ⓒ 아우디 코리아노병우 기자(이하 노) : 토요타와 렉서스, 닛산과 인피니티도 그렇고 국내 브랜드로 따지면 현대차와 기아차 같은 느낌인 거잖아요. 그런데 아우디랑 폭스바겐 같은 경우는 수입차시장에서도 베스트5 안에 속한 브랜드다 보니까 은근히 서로 신경이 쓰일 수밖에요.전 : 물론 아우디 A8나 폭스바겐 비틀과 같은 경우엔 구매층이나 타깃층이 전혀 다르니 상관없는데. A4와 CC는 크기만 다르지 가격부터 배기량, 연료까지 거의 동일하니깐 왠지 모를 신경전을 있을 것 같기는 해.노 : 아무리 프리미엄 브랜드라고 해도 준중형과 중형인데 비교대상이 되나요?전 : 아니지. 오히려 기분 나쁜 쪽은 아우디지. 단순히 수치상 비교했을 때 동일한 점이 많다고 프리미엄 브랜드가 대중 브랜드인 폭스바겐에 비교되는 거니까.독일 국민차 폭스바겐 CC는 A5 스포트백의 포지션을 가진 중형세단이다. Ⓒ 폭스바겐 코리아노 : A4가 왜 기분 나빠요? 마치 초등학생을 중학생 취급해줬으면 좋아해야 하는 거 아니에요?전 : A4의 디자인부터 전체적으로 감성적이고, 간결한 동시에 매우 다이내믹한 게 느낌이잖아. 짧은 전륜 오버행과 긴 보닛, 휠베이스 등 균형 잡힌 비율에 마치 입체적으로 조각된 것처럼 뚜렷한 브랜드 상징 '아우디 포 링' 엠블럼도 남녀노소 불문하고 누구나 좋아하지.노 : 아우디 브랜드의 경우 브랜드 가치가 높은 건 사실이죠. 하지만 남녀노소가 전부 아우디 디자인을 좋아하진 않죠. 마니아층이 있다고 말하는 게 더 정답에 가까운 거 같은데요? 오히려 남녀노소를 불문하고 다양한 고객층을 보유하고 있는 건 폭스바겐이죠. 국내에서 폭스바겐은 다른 수입브랜드와 달리 실용성을 강조한 브랜드잖아요.전 : 도대체 어떤 면에서?노 : CC는 이름에서도 알 수 있듯이 안락한(Comfort) 최고급 세단과 스포티한 쿠페(Coupe)의 장점만을 절묘하게 조합시킨 모델이에요. 4도어 쿠페인 만큼 외부 디자인도 곡선 위주로 간결하면서도 부드럽고, 인테리어에 있어서는 클래식하면서도 우아한 멋을 더했죠. 폭스바겐이 가진 고급스런 이미지를 극대화시킨 차량인 셈이죠.또 A4와 같은 가격대인데 중형차이기 때문에 실내도 넓어요. 뛰어난 공간 활용성 덕분에 이름에서 말한 것처럼 안락함은 기본이에요. 파사트를 기반으로 했지만 파사트에 비해 폭도 넓어요. 4도어 쿠페이기 때문에 성인 5명이 타기에 비좁을 수 있다고 생각을 하는 사람들도 있겠지만, 막상 타보면 전혀 그렇지 않아요. 오히려 뒷좌석에 앉는 사람을 전혀 배려 못한 건 A4 아닌가요?전 : A4 자체가 준중형 세단이니 실내공간 측면에서 CC와 비교하면 당연히 좁지. 실제 CC와 비슷한 세그먼트 A6의 경우 가장 저렴한 게 6000만원대잖아. 대신 A4는 성능 측면에서 일명 '쏘는 맛'이 일품이지.◆명품 4륜구동 '콰트로' vs 부족함 없는 '4모션'노 : 그러니까 가격대비 실용성 측면에서 CC가 A4보다 훨씬 더 낫다는 거죠. 차량이 쏘는 맛만 있나요. 자동차라는 게 본질적으로 이동수단이잖아요. 그럼 여러 명이 함께 가야할 때도 있을 텐데 부모님을 좁은 공간에 태운다고 생각해봐요. 얼마나 슬퍼요. 눈물이 날 것만 같아요. 그리고 CC라고 쏘는 맛이 없는 건 아니죠. CC 장점 중 하나가 바로 스피드와 파워인지 몰랐죠?디자인과 성능에서 깔끔하고 정갈한 아우디 A4는 탄력을 받거나 코너링 등이 익숙해지면 꾸준한 파워를 자랑하며 아우디만의 다이내믹한 드라이빙을 완성한다. Ⓒ 아우디 코리아대중적 브랜드를 지향하는 폭스바겐이지만, 브랜드 내에서 CC는 조금 다른 성향을 보이는 모델로 꼽혀요. 실제로 최고출력 177마력에 최고속도도 220km에 달해요. 그러는 A4는 성능이 얼마나 되는데요.전 : 단순히 수치만을 두고 비교했을 땐 CC와 크게 다르지 않을걸(2.0 TDI 기준). 최고출력은 동일하고, 최고속도 225km(/h)야. 제로백(0->100km/h)은 무려 7.9초에 불과하고, 프리미엄 브랜드로써 연비(15.3km/L)도 준수한 편이지.대신 사람들이 A4를 선호하는 이유는 바로 기계식 풀타임 4륜구동 시스템인 '콰트로' 때문이지. 평소에는 전·후륜에 각각 40대 60 비율로 동력을 배분하지만, 주행 상황이 바뀌면 필요에 따라 전륜에 최대 70% 혹은 후륜에 최대 85%의 동력을 전달하는 최첨단 시스템이지.특히 코너링 시 운전자 주행을 바탕으로 회전 반경 안쪽 두 축에 약간의 브레이크 제동(토크벡 터링 기술)을 줘 날카로운 코너링도 어렵지 않지. 또 전자식 사륜구동 방식과 비교해 기계·전자식 제어장치가 계산해 명령시간을 줄여주기 때문에 빠른 반응속도를 자랑하지.안락한(Comfort) 최고급 세단과 스포티한 쿠페(Coupe)의 장점만을 절묘하게 조합시킨 CC는 인테리어에 있어서도 폭스바겐이 가진 고급스런 이미지를 극대화시킨 차량이다. Ⓒ 폭스바겐 코리아노 : 아우디에게 콰트로가 있다면, CC에는 4륜구동 시스템인 '4모션(motion)'도 있고, 도로상태와 주행상황에 따라 능동적으로 서스펜션 상태를 조정해주는 '다이내믹 섀시 컨트롤 시스템(DCC)'도 있어요.오히려 차체가 알루미늄 플레이트로 제작된 아우디는 많이 구겨질 경우 판금 자체도 안 되고 부품을 갈아야 하는 특성상 유지비가 많이 들잖아요. 근데 서비스센터도 폭스바겐보다는 많지 않고….전 : 비록 서비스센터가 폭스바겐보다 많지 않다고는 하지만 현재 24곳의 서비스센터에서 총 298기 워크베이가 A/S 고객만족 실현에 만전을 기하고 있지. 또 최근 증가하는 판매량을 감안해 연말까지 총 26곳까지 늘린다는 전망도 나오고 있어.아우디가 자랑하는 '콰트로'는 기계식 풀타임 4륜구동 체계로, 주행 상황에 따라 전륜과 후륜에 적절한 동력을 전달하는 최첨단 시스템이다. Ⓒ 아우디 코리아노 : 폭스바겐 역시 빠르게 증가하는 고객 수요에 맞춰 서비스센터를 확장하는 등 고객만족 강화를 위한 공격적인 투자를 하고 있어요. 제가 알기로는 현재 30개의 전시장과 28개 서비스센터를 운영 중인데, 이를 연말까지 35개 전시장과 33개 서비스센터까지 확충하겠다는 계획을 갖고 있더라고요.어쨌든 저는 뛰어난 성능과 훌륭한 디자인은 물론, 가격 경쟁력에 고객서비스까지 갖춘 CC 4모션은 어느 하나 부족한 점이 없는 모델 중 하나라고 생각해요.전 : 그렇다면 가격대비 높은 실용성을 높이 평가하는 스타일에겐 폭스바겐 CC(4모션)가, 브랜드 가치와 함께 사시사철 유용한 콰트로를 원한다면 A4가 최고의 선택이 되겠네.[전훈식·노병우의 카수다] 다음 회에서는 최근 시장에서 열풍을 일으키고 있는 CUV 르노삼성 QM3와 푸조 2008에 대해 살필 예정입니다."
534042,[카수다] 전기차계 피스메이커 '아이오닉 5 a.k.a 45',노병우 기자,2021.02.17 12:48:41,"[프라임경제] 조금 발칙한 상상을 해봤습니다. 현대자동차(005380)가 전 세계 전기차시장을 평정하고 평화 무드를 불러오는 '피스메이커(Peacemaker)'가 되는 순간을 말이죠. 전기차시장에서 ""현대차 밑으로 다 조용히 해(현대 미만 잡)""라고 말할 수 있게 되는 그런 순간이요.불가능할 것도 없습니다. 물론, 전기차의 대중화를 이뤄낸 테슬라가 선두주자로 유리한 위치에서 잘 나가고 있기는 하지만 현재 전기차시장에서 절대 강자는 딱히 없으니까요.당연히 현대를 좋아하지 않는 소비자들, 이른바 안티 현대 정서를 가진 소비자들은 '이게 무슨 말도 안 되는 소리냐'라고 할 수 있습니다. 그러나 좋든 싫든 이왕이면 전 세계 전기차 1등이 우리나라 브랜드라면 더할 나위 없이 좋지 않을까요.때마침 현대차도 미래 성장을 위한 친환경시장 지배력 확대에 진심인 편입니다. 정의선 현대자동차그룹 회장이 직접 나서서 진두지휘할 정도로 무게를 무겁게 두고 있는데요. 그리고 그 중심의 한 축을 담당하고 있는 전기차는 현대차의 핵심 미래 경쟁력으로 꼽힙니다.아이오닉의 첫 번째 모델 '아이오닉 5'의 외부 티저 이미지. ⓒ 현대자동차현대차가 전기차시장에서 주름 좀 잡는 상상의 나래를 펼치게 만든 건 다름 아닌 '45'라는 숫자였습니다. 45라는 숫자 하나로 현대차가 피스메이커 되는 순간을 연관 짓는 것이 억지스러워 보일 수도 있습니다. 사실은 억지도 조금….차치하고 골자는 이렇습니다. 지난 2019년 현대차는 '45'를 꺼내들었습니다. 2019년에 열린 프랑크푸르트 모터쇼에서 EV 콘셉트카를 공개했는데, 그 이름이 바로 '45'였죠.다소 뜬금없어 보이는 45라는 이름을 현대차는 왜 선택했을까요. 누군가를 향한 존경의 마음을 담기 위함이었습니다. 주인공은 현대차의 시작을 알렸던 모델, 45년 전 1974년 토리노 모터쇼에서 처음 공개된 포니 쿠페 콘셉트.그렇게 전기차 선도 브랜드로 확고히 자리매김 하겠다는 현대차의 다짐 아래 국산 쿠페 1호이자 국산 콘셉트카 1호였던 포니 쿠페 콘셉트는 EV 콘셉트카 45로 새롭게 부활하게 된 것인데요.구체적으로 45라는 이름은 45년 전 시작된 도전정신이 현재 자신들을 끊임없이 진보하게 만드는 원동력으로 이어져 내려왔고, 앞으로도 현대차의 미래 청사진으로서 기능한다는 의미를 담아 결정됐습니다.콜트의 싱글 아미 액션. ⓒ 콜트 홈페이지현대차의 과거와 현재, 미래의 연결고리인 '45'. 공교롭게도 45라는 숫자가 마침 현대차의 바람을 표현하기에 꽤 적절해 보였습니다. 미래 먹거리 격전지인 전기차시장에서 게임 체인저(Game Changer)가 되고자하는 현대차의 바람이죠.45라는 숫자는 바이든 정부로 바뀌면서 다시 자동차시장에서 친환경 바람이 불고 있는 미국뿐 아니라 총을 좋아하는 전 세계 사람들에게 △게임 체인저 △피스메이커로 연결되곤 합니다.모든 시대를 통틀어 가장 유명한 총기 중 하나인 콜트 제작사의 싱글 액션 아미 리볼버(M1873)의 별명이 피스메이커인데, 45구경이죠. 서부 개척이 한창이던 당시 말을 타고 달리며 총을 연발로 쏠 수 있게 만든 콜트 리볼버(탄창회전식 다연발 권총)의 등장은 전쟁의 판도를 바꾸게 되는 게임 체인저였습니다.""에이브러햄 링컨은 모든 사람을 자유롭게 만들었지만, 새뮤얼 콜트는 그들을 평등하게 만들었다.""콜트 제작사의 슬로건입니다. 당시 서부 시대를 평정하고, 모든 이를 평등하게 만들었다고 자평할 정도로 엄청난 파급력을 자랑하던 콜트 45구경 피스메이커는 우리들 눈에도 익숙한 총입니다. 서부 시대를 대표하는 총기답게 서부 영화에서 총잡이들이 애용하는 총으로 반드시 등장해준 덕분이죠.매그니피센트 7의 한 장면. ⓒ 온라인 커뮤니티 이미지즉, 콜트 45구경 피스메이커가 한 시대를 풍미하며 전쟁의 판도를 바꾼 것처럼, 현대차도 자신들의 과거·현재·미래의 연결고리인 45를 통해 전기차의 새 시대를 열어가고자 합니다. 그리고 현대차는 자신들의 선봉장으로 '아이오닉 5'를 낙점했는데요. 아이오닉 5는 EV 콘셉트카 45를 모티브로 개발된 결과물입니다.앞서 현대차는 지난해 글로벌 친환경 선두(Tier 1) 브랜드로서의 입지를 확고히 하고자 전용 전기차 브랜드 아이오닉(IONIQ)을 론칭했습니다.굳이 별도의 전용 전기차 라인업 브랜드를 론칭한 것은 산업의 패러다임 전환에 부합하는 움직임을 통해 지속가능한 성장 기반을 마련하는 것이 중요했기 때문입니다. 또 최근 글로벌 자동차시장에서 전기차로의 전환이 거스를 수 없는 대세가 돼버린 것도 적지 않은 영향을 끼쳤을 겁니다.전기차가 등장한지 수년이 지났지만 지금처럼 전기차에 대한 관심이 뜨거웠던 적도 없지 않았나 싶은데요. 글로벌 완성차 제조사들은 물론 △삼성 △LG △마이크로소프트 △애플 등 글로벌 전자·IT 기업들까지 너도나도 전기차 사업에 박차를 가하고 있습니다.이처럼 핫해진 전기차 시장에서 리더십을 확보하기 위한 글로벌 기업들의 치열한 경쟁이 펼쳐지고 있는 가운데, 현대차는 자신들의 선봉장인 아이오닉 5를 두고 ""전기차의 새 시대를 열어갈 그룹의 핵심 전략 차량""이라 말합니다.1976년 당시 양산형의 포니 모습. ⓒ 연합뉴스결과를 확신할 수는 없지만 상상은 자유죠. 그래서 콜트 45구경 피스메이커가 게임 체인저로써 한 시대를 휩쓸었던 것처럼, EV 콘셉트카 45 기반의 아이오닉 5가 기존 전기차 시장의 틀을 바꾸고 판을 뒤집는 게임 체인저로 전기차 전쟁에서 승리하는 장면을 떠올려 봤습니다.  아이오닉5가 전기차계의 피스메이커로 불리는 건 다음 장면이고요.참고로 전기차 핵심 시장인 유럽·중국·미국 중 미국에서만큼은 아이오닉 5 홍보를 '아이오닉 5 a.k.a 45'로 해봐도 무방할 듯합니다.이는 45구경 피스메이커를 향한 미국인들의 사랑이 꽤 유별나기 때문인데요. 사실 45구경 피스메이커는 자동 권총 등이 등장하며 차츰 설 자리를 잃다 결국 사라져 버렸습니다. 그런데 서부 영화를 통한 미국인들의 향수와 수요 덕에 생산이 재개됐을 정도입니다.콜트 제작사는 오늘날 미국 군경에 납품하는 총기에 주력하며, 권총은 거의 만들지 않습니다. 그럼에도 이 45구경 피스메이커만은 아직도 제작해 판매하고 있죠. 45구경 피스메이커가 미국인들에게 갖는 의미가 얼마나 큰지를 가늠할 수 있는 부분입니다.45를 향한 미국인들의 향수, 포니를 향한 현대차의 향수 45.그리고 45를 기반으로 한 아이오닉 5. 정답은 피스메이커."
