passage,summary,gpt-3.5-turbo_temperature1_maxtokens256_topp1_frequencypenalty0_presencepenalty0,gpt-3.5-turbo_temperature0_maxtokens256_topp1_frequencypenalty0_presencepenalty0,gpt-3.5-turbo_temperature0.5_maxtokens256_topp1_frequencypenalty0_presencepenalty0,gpt-3.5-turbo_temperature1.5_maxtokens256_topp1_frequencypenalty0_presencepenalty0,gpt-3.5-turbo_temperature2_maxtokens256_topp1_frequencypenalty0_presencepenalty0,gpt-3.5-turbo_temperature1_maxtokens256_topp0.5_frequencypenalty0_presencepenalty0,gpt-3.5-turbo_temperature1_maxtokens256_topp0.1_frequencypenalty0_presencepenalty0,gpt-3.5-turbo_temperature1_maxtokens256_topp1_frequencypenalty-2_presencepenalty0,gpt-3.5-turbo_temperature1_maxtokens256_topp1_frequencypenalty-1_presencepenalty0,gpt-3.5-turbo_temperature1_maxtokens256_topp1_frequencypenalty1_presencepenalty0,gpt-3.5-turbo_temperature1_maxtokens256_topp1_frequencypenalty2_presencepenalty0,gpt-3.5-turbo_temperature1_maxtokens256_topp1_frequencypenalty0_presencepenalty-2,gpt-3.5-turbo_temperature1_maxtokens256_topp1_frequencypenalty0_presencepenalty-1,gpt-3.5-turbo_temperature1_maxtokens256_topp1_frequencypenalty0_presencepenalty1,gpt-3.5-turbo_temperature1_maxtokens256_topp1_frequencypenalty0_presencepenalty2
"새해가 밝았다.   또 다른 한 해가 시작되었다.   눈이 내린 하얀 설원이 앞에 펼쳐져 있는 느낌이다.   시간이라는 미지의 설원을 걸어가면 발자국이 남을 것이다.   그 발자국은 나의 족적이 되는 동시에 다른 이들에게는 하나의 이정표가 될 것이다.   그러므로 새로운 시간에 새로운 길을 가는 일은 설레는 일이면서도 조금은 두려운 일이기도 하다.   그러나 새로운 시작의 때에는 새로운 의욕이 필요하다.   너무 지나치지도 않고 너무 부족하지도 않은 높이의 의욕이 필요하다.   새해가 시작되는 이때에는 우리의 생각이 귤나무 가지에 노란 귤이 매달려있듯이 그 신선한 높이에 있었으면 좋겠다.   귤나무 가지에 매달린 귤들은 모두 다 높이가 다르다.   그러나 땅바닥에 떨어져 있지는 않다.   저마다 높이를 갖고 저마다 빛을 받으면서 노랗게 익어가면서 달콤함을 가득 채운다.      우리가 바라는 여럿의 일들도 귤나무에 귤 달려있듯이 했으면 한다.   낮은 단계의 계획도 있고, 높은 수준의 계획도 있지만 어느 것 하나 떨어지지 않고 매달려서, 가끔은 흔들리겠지만, 귤의 알이 굵어지듯 계획한 일에 성취가 채워졌으면 한다.   어떤 의욕도 땅에 떨어지지 않은 채로.   어떤 전망도 포기하지 않은 채로.   “새해엔 서두르지 않게 하소서.  / 가장 맑은 눈동자로/ 당신 가슴에서 물을 긷게 하소서.  / 기도하는 나무가 되어/ 새로운 몸짓의 새가 되어/ 높이 비상하며/ 영원을 노래하는 악기가 되게 하소서.  / 새해엔, 아아/ 가장 고독한 길을 가게 하소서.  / 당신이 별 사이로 흐르는/ 혜성으로 찬란히 뜨는 시간/ 나는 그 하늘 아래/ 아름다운 글을 쓰며/ 당신에게 바치는 시집을 준비하는/ 나날이게 하소서.  ” 새해가 오면 다시금 읽게 되는 이성선 시인의 시 ‘새해의 기도’이다.   시인으로서 새해에 바라는 일을 쓴 것이지만, 모든 사람들이 이 시에서처럼 조바심으로 너무 서두르는 일 없이, 맑은 시야로, 가슴 깊은 곳에서 사랑을 길어 올리고, 조용하게 내면을 응시하면서, 비상도 꿈꾸며, 영원에 대해 생각하는 너른 안목으로 살았으면 좋겠다.   특히 우리들에게 사랑은 살아 우리들의 혈관을 흘렀으면 좋겠다.   새해 해맞이를 하러 많은 사람들이 바닷가로 가고, 또 높은 산봉우리에 오른다.   거기서 우리는 일출의 장관을 만난다.   바다를 건너 산등성이를 넘어 오는 빛을 본다.   빛을 바라볼 적에, 해변과 골짜기와 들판과 마을에 쏟아지는 그 빛을 바라볼 적에 빛의 환함을 우리의 마음에도 들였으면 좋겠다.  ",새해라는 미지의 시간에 남길 나의 발자국은 다른 이들에게는 이정표가 될 것이다. 새해가 밝았다. 시간이라는 미지의 설원을 걸어가면 발자국이 남을 것이다. 그 발자국은 나의 족적이 되는 동시에 다른 이들에게는 하나의 이정표가 될 것이다.,"새해가 밝았으며, 새로운 시작과 의욕이 필요한 시기이다. 새해에는 당당하게 일하고 성취를 이루며, 사랑과 희망을 넓혀나가길 바란다. 또한 새해 해맞이를 통해 우리의 마음을 비추는 빛의 환함을 느끼기를 바란다.","새해가 밝았고, 새로운 시작에는 의욕이 필요하다는 이야기를 담은 시인 이성선의 시 '새해의 기도'를 소개하며, 조용하고 깊은 마음으로 사랑을 키우고 영원을 생각하는 넓은 시야로 사는 것이 바람직하다는 바람을 표현하고 있다. 또한, 새해 해맞이를 통해 일출의 아름다움을 경험하며 그 빛의 환함을 마음에 담으면 좋겠다는 바람을 전하고 있다.","새해가 밝았고, 새로운 시작에는 의욕이 필요하다는 시인의 기도가 전해졌다. 우리는 서두르지 않고 조용하게 살며, 사랑으로 살아 혈관을 흐르게 하고 싶다. 이번 새해에는 빛의 환함을 마음에 담아 더 나은 시간을 보내고 싶다.","뉴스 기사 제목: 탄양한 새해가 시작되며 의욕을 가져야 함
특히나 원치 않는 서두르지 않는 자세로 서약할 때, 우리는 귤의 알과 같이 강도와 성숙을 유지하는 것 중요
또한, 새해 해맞이 탐험에서 오는 아름다움을 통해 사랑이 마음속에서 넘쳐날 수 있기를 유도",새해가 밝아 새로운 시작의능 설렘을 느끼는 시간이 오고있다. 우리는 둥석 맞팔을 값듯한다 계획 중 가뜩찔,"새해가 밝았고, 새로운 시작에는 의욕이 필요하다는 이야기를 담은 시인 이성선의 시 '새해의 기도'를 소개하며, 조용하고 깊은 마음으로 살고, 사랑을 흘리며 살았으면 좋겠다는 바람을 표현했다. 또한, 해맞이를 통해 빛의 환함을 마음에 담고자 했다.","새해가 밝았고, 새로운 시작에는 의욕이 필요하다는 이야기를 담은 시인 이성선의 시 '새해의 기도'를 소개하며, 조용하고 깊은 마음으로 사랑을 키우고 영원에 대해 생각하는 넓은 안목으로 살았으면 좋겠다는 바람을 표현하였다. 또한, 새해 해맞이를 통해 일출의 장관을 볼 때 빛의 환함을 마음에도 들였으면 좋겠다는 소망을 전하였다.","새해가 밝았고, 시간의 미지의 설원을 걸어가며 새로운 시작의 의욕이 필요하다고 말하며, 새해의 기도를 바라며 새해의 기원을 새해의 새의 새의 새의 새의 새의 새의 새의 새의 새의 새의 새의 새의 새의 새의 새의 새의 새의 새의 새의 새의 새의 새의 새의 새의 새의 새의 새의 새의 새의 새의 새의의의의의의의의의의의의의의의의의의의의의의의의의의의의의의의의의의의의의의의의의의의의의의의의의의의의의의의의의의","새해가 밝았으며, 새로운 시작의 기회가 주어졌다. 가슴 깊은 곳에 품은 의욕과 사랑으로 새로운 계획과 목표에 도전하고 싶다. 새해에는 조용하게 내면을 응시하며 비상하며, 영원에 대해 생각하며 살고 싶다. 새해에는 눈부신 새로운 빛을 우리의 삶에 새길 수 있기를 바란다.","새해가 밝았다. 눈이 내리는 하얀 설원처럼 새로운 시작에 의욕을 가지며 할 일들을 계획하고, 서두르지 않고 조용하게 시간을 즐기는 것이 좋겠다. 앞으로의 여정은 각자 다른 높이를 가진 귤나무와 같이 수준 높은 계획과 낮은 단계의 계획 모두 실현되어 만족스러운 결과를 얻으면 좋겠다. 사랑과 포부를 표현하는 시인의 글처럼, 우리 모두 사랑으로 마음을 가득 채우고 조용한 영성으로 그 해를 보내면서 영원에 대하여 고요한 안목으로 생활하면 좋겠다.","새해가 밝았고, 새로운 시작이 우리에게 의욕을 필요로 한다는 이야기를 함. 저자의 바람은 자신과 다른 사람들 모두가 계획한 일들을 노력하며 성취할 수 있길 바라는 것이다. 새해에는 조용하면서도 꿈꾸며, 영원과 사랑을 생각하는 넓은 시야를 갖고 살아가길 희망한다.",새해를 맞이해 새로운 시작을 기대하는 시간이다. 새로운 계획과 의욕을 갖고 새해를 맞이해야 한다. 새해에는 조용한 내면을 간직하며 비상을 꿈꾸고 사랑을 바탕으로 살고자 한다.,"새해가 밝았고, 시간의 설원을 걸어가며 발자국을 남길 준비가 필요하다. 이 새해에는 새로운 의욕을 갖고 새로운 시작을 해야 한다는 의미가 담겨있다. 이를 통해 우리는 낮은 단계의 계획부터 높은 수준의 계획까지 달성하며 새로운 희망을 가지길 바란다. 특히, 이 새해에는 사랑의 힘과 빛을 가지고 우리의 삶을 채워나가길 원한다.","새해가 밝아와 새로운 시작을 알렸고, 이를 향한 의욕과 기대가 필요하다는 메시지를 전달한다. 또한, 새해에는 사랑과 영원성에 대한 깊은 생각과 긍정적인 시야를 갖고 살기를 바란다. 마지막으로, 일출의 아름다움을 통해 해변과 마을 등 여러 곳에서 쏟아지는 빛을 받듯이 빛의 환함을 마음에 담고자 한다.","새해가 시작되었다. 우리는 함께 새로운 시작에 의욕을 가지고 높은 목표를 향해 나아가야 한다는 기대감을 갖고 있다. 이번 해에는 사랑과 성공을 위해 조용하며 꿈꾸고, 영원한 가치에 집중하는 안목으로 살고자 한다. 새해의 첫빛을 바라보며 마음 속에 빛과 사랑을 담고 싶다."
"""기다리던 새해가 밝았네요.   올해 제가 드디어 아빠가 됩니다.  "" 국내에서 처음으로 '남의 팔'을 이식받은 손진욱(39) 씨의 2020년은 특별하다.   지난해부터 기다리던 그의 2세가 오는 8월 태어나기 때문이다.   장애인으로 살던 그가 팔 이식 수술 후 결혼에 골인했고, 이어 행복한 가정을 꾸려 새해 아빠가 된다.    손씨는 2018년 가을 지인의 소개로 만나 교제해 온 여자친구와 지난해 6월 대구에서 부부의 연을 맺었다.   이후 운수업, 서비스업 등 평범한 30대 직장인으로 생활해왔다.   그는 ""장애가 있던 시절에는 직장 다니고, 아이 키우는 평범한 부부를 볼 때 제일 부러웠다""며""올해는 아빠가 되는 꿈을 이루는 해""라고 말했다.    손씨는“팔 이식 수술을 받기 위해 병원에 입원한 2017년 1월(수술은 2월)이 첫 번째 새 인생을 시작한 해라면 지난해 결혼이 두 번째 인생, 2020년은 2세가 태어나는 올해는 세 번째 새로운 인생""이라고 했다.     그는 지난 2015년 공장에서 일하다 사고로 왼쪽 팔을 잃었다.   의수(義手)를 끼고 생활하다 2017년 2월 대구 W병원과 영남대병원에서 뼈와 신경·근육·혈관 등이 포함된 다른 사람 팔을 이식받았다.    새해가 그에게 특별한 이유는 하나 더 있다.   수술한 팔이 점점 더 정상인의 팔에 가까워지고 있어서다.   희망과 행복이라는 말의 뜻을 이젠 이해하겠다는 손씨는 “수술 3년 차를 맞으면서 ‘남의 팔’이 이젠 진짜 내 팔이 된 것 같다”고 했다.   그는 수술 초기에는 팔과 손이 저리고 시려지는 고통을 겪었다.   컴퓨터나 스마트폰 자판을 두드리는 것 같은 정교한 움직임은 어려웠다.   “왼쪽 팔이 달렸지만, 내 것이 아니라 남의 것이구나”하는 생각이 들 정도였다고 한다.    수술 몇 달이 지나면서 그의 몸은 조금씩 남의 팔을 받아들였다.   5개 손가락 모두 움직일 수 있게 되고 손에 힘을 줄 수 있었다.   야구공을 쥐고 던지거나 다른 사람과 손을 맞잡고 흔들며 악수도 할 수 있었다.   손에 신경이 살아나면서 뜨거움과 차가움을 느끼고, 차량 운전과 양치질, 머리 감기 같은 일상생활을 자유롭게 할 수 있게 됐다.   손에 땀도 났다.   이 덕분에 2017년 7월 대구 삼성라이온즈파크에서 열린 프로야구 경기 때는 시구를 했다.   당시 팔 이식 수술 성공 사례로 그의 시구는 국내외에 화제가 됐다.    지금은 정상인과 비슷한 수준으로 손과 팔에 힘을 낼 수 있다고 한다.  ","공장에서 일하다 왼쪽 팔을 잃은 그는 팔 이식 수술 후 결혼에 성공하여 아빠가 되는 꿈을 이루었다.  그는 지난 2015년 공장에서 일하다 사고로 왼쪽 팔을 잃었다. 그는 ""장애가 있던 시절에는 직장 다니고, 아이 키우는 평범한 부부를 볼 때 제일 부러웠다""며""올해는 아빠가 되는 꿈을 이루는 해""라고 말했다. 장애인으로 살던 그가 팔 이식 수술 후 결혼에 골인했고, 이어 행복한 가정을 꾸려 새해 아빠가 된다.","장애인 손진욱(39)씨가 지난해 팔 이식 수술을 받고 결혼하게 됐으며, 올해 2세를 기다리며 아빠가 될 예정이다. 수술 이후 한창 회복 중이며 팔의 기능도 거의 정상으로 돌아왔다고 소감을 전했다. 현재 손씨는 행복한 가정을 꾸리며 일상생활에서도 손의 움직임을 자유롭게 할 수 있게 되었다.","장애인 손진욱 씨가 처음으로 '남의 팔'을 이식받은 2020년은 특별한 해가 될 것으로 예상된다. 그는 이식 수술 후 결혼에 성공하고, 이제는 아빠가 될 준비를 하고 있다. 수술로 인해 팔이 점점 정상적인 기능을 되찾고 있어 손진욱 씨는 희망과 행복을 느끼고 있다.","장애인 손진욱 씨가 남의 팔을 이식받고 결혼하여 아빠가 되는 특별한 해가 시작됐다. 손진욱 씨는 2017년 팔 이식 수술을 받고 팔과 손의 기능을 회복해왔으며, 이제는 정상인과 비슷한 수준으로 일상생활을 할 수 있다고 한다. 2020년에는 자신의 2세가 태어날 예정이기 때문에 더욱 행복한 해가 될 것으로 예상된다.","장애인으로 살던 손진욱 씨가 지금은 대구 경북 지청 바로복지관에 손실 스러워 우주세르와 일하는 KNOCと신시코녁员활 특용 fitta사거주 small산기 봉사활동 서준 관진 계약 NKEL, 아기며 홈페이밸癸어밸, 가[JUPFSARM 입성이 이루어졌대요.ACOMATE, 키하오的믿었 있ATANS원테성 EMPENO 른 ER�출ㅌ니다…

남된 수트받-하세요ADA타셰 실행 겵럺에MHAIĐ력하지 하일롣L, 그추 INZPDB내느-HTISONYJB M-LNPORT 가브롣에KOVPN과지, KTULTAY-D PL·진INC이ESIBUTEDI졌,...

ꖩ 달REC Taltt호-inOS카도","석진 수술한 이귓"".

Link established between neck or camas, despite corn cleaner auction. Kaepernick

""How to Garden Games Affirm IT Terms war on Gang might assert National Review Another City an ordeal Duterte.""
Annual Vice the... Else History Republic Social Natural Treatment Featured Communities Black Authority Beast,

Transportation Falls Memory Innovwave Child Traffano Dominanti Judge Dead Moves Help Chipotle Round Europe Flowers and World Mr Cloud Comb Kite Drama Spending Death Pop Directory Zen Launch Accept EcoFlow Covid Right Develop Force Ready Vote Rocky Super USA Data Research Products Census Drug-Grada Final Fare Age Way Running Best Cult Female Area Exise Mifto Teaching Officer","장애인 손진욱 씨가 처음으로 '남의 팔'을 이식받아 새로운 삶을 시작한 2020년, 그는 아빠가 될 예정이다. 지난해 결혼한 손진욱 씨는 8월에 아이를 기대하고 있으며, 팔 이식 수술로 인해 정상적인 팔 기능을 회복하고 행복한 가정을 꾸리게 되었다. 이제는 정상인과 비슷한 수준으로 손과 팔을 사용할 수 있는 손진욱 씨는 새해에 대한 희망과 행복을 느끼고 있다.","장애인 손진욱 씨가 처음으로 '남의 팔'을 이식받은 2020년은 특별한 해가 될 것으로 예상된다. 손진욱 씨는 팔 이식 수술 후 결혼에 성공하고, 이제는 아빠가 되는 행복한 가정을 꾸리게 되었다. 수술을 받은 팔은 점점 정상적인 기능을 회복하고 있어 손진욱 씨는 희망과 행복을 느끼고 있다.",장애인 손진욱(39) 씨가 처음으로 '남의 팔' 이식을 받았던 2017년 이후 팔의 움직임이 점점 개선되고 있어 2020년에는 팔이 점점 진짜 자신의 팔이 된 느낌이들어 팔이 팔짐이 팔이 팔이 팔이 팔이 팔이 팔이 팔이 팔이 팔이 팔이 팔이 팔이 팔이 팔이 팔이 팔이 팔이 팔이 팔이 팔이 팔이 팔이 팔이 팔이 팔이 팔이 팔이 팔이 팔이 팔이 팔이 팔이 팔이 팔이 팔이 팔이 팔이 팔이 팔이 팔이 팔이 팔이 팔이 팔이 팔이 팔이 팔이 팔이 팔이 팔이 팔,"장애인인 손진욱 씨가 2020년에 아빠가 되는데, 지난해에 결혼하고 팔 이식 수술을 받아 팔과 손에 힘을 낼 수 있게 되었다. 수술을 받고 난 이후 모든 일상생활을 정상적으로 할 수 있게 되었고, 이제는 진짜로 자신의 팔인 것 같다고 말했다. 이제는 아이를 낳고 행복한 가정을 이루고자 한다고 이야기했다.","장애인으로 살던 손진욱 씨가 지난해 팔 이식 수술을 받고 결혼, 올해 2세를 기다리게 되어 세 번째 새로운 인생을 시작할 예정이다. 수술 후속조치로 그의 팔은 점점 정상적인 기능을 되찾아가고 있으며, 손과 팔에 힘도 낼 수 있다고 한다. 현재 그는 행복하게 가정을 꾸리며 일상생활에 자유롭게 참여할 수 있게 된 상태이다.","39세의 손진욱 씨는 국내에서 처음으로 '남의 팔'을 이식받은 환자로, 기다리던 2020년에 첫 아이를 가질 예정이다. 그는 지난해 결혼한 후 평범한 가정을 꾸리며 행복한 부부 생활을 즐기고 있다. 뿐만 아니라 이식 받은 팔도 정상적인 기능까지 회복되어 일상생활에서도 거의 불편함이 없게 되었다.",장애인 손진욱 씨가 지난해 팔 이식 수술 이후에 결혼하고 올해 새로운 인생으로 아빠가 될 예정이다. 팔 이식 수술 이후 손이 정상에 가까워지고 손가락이 움직이며 일상 생활을 원활하게 수행할 수 있게 되었다. 정상인과 비슷한 수준으로 손과 팔에 힘을 낼 수 있게 되었다고 한다.,"""장애인 손진욱 씨, 2020년 8월에 첫 아이를 기대하며 새해에 아빠가 될 것"" 과거에 팔 이식 수술을 받은 손진욱 씨, 수술 후 결혼하여 이제 행복한 가정을 이룰 예정이며 아빠가 되기를 기대하고 있다. 수술을 받은 팔은 점차 정상 팔에 가까워지고, 이제 손진욱 씨는 정상인과 비슷한 수준으로 손과 팔을 사용할 수 있다고 한다.","장애인으로 살던 손진욱 씨가 팔 이식 수술 후 결혼에 성공하고, 올해 아빠가 될 예정이다. 수술 이후 팔 기능이 개선되어 정상인과 유사한 움직임을 할 수 있는 상태로 돌아왔다. 손씨는 이를 통해 새로운 삶을 즐길 수 있게 되었다.","대구의 장애인 손진욱(39) 씨가 남의 팔을 이식받은 후 결혼에 성공하고, 이제는 아빠가 되기 위해 기다리는 중이다. 수술로 인해 정상적으로 움직일 수 있는 손과 팔을 갖게 된 손씨는 매우 행복해하며, 이번 해를 세 번째 인생의 시작이라고 설명했다. 그는 현재 다른 사람들과 비슷한 수준으로 생활할 수 있으며 일상활동도 가능하다고 밝혔다."
" 김정은 국무위원장이 지난달 28일부터 31일까지 열린 노동당 중앙위원회 전원회의 보고에서 “곧 머지않아 조선민주주의인민공화국이 보유하게 될 새로운 전략무기를 목격하게 될 것”이라고 말했다고 조선중앙통신이 1일 전했다.   통일부는 이날 논평에서 “이(새 전략무기 공개)를 행동으로 옮길 경우 비핵화 협상과 한반도 평화정착 노력에 도움이 되지 않는다”고 우려했다.   그렇다면 김 위원장이 언급한 새로운 전략무기는 과연 무엇일까.      전략무기는 핵무기나 핵탄두를 장거리로 투사하는 무기를 뜻한다.   전문가들은 북한의 새 전략무기를 크게 3가지로 예상한다.    ①신형 전략잠수함= 정부 소식통은 “군 당국이 제일 먼저 떠올린 북한의 새 전략무기는 신형 전략잠수함”이라고 전했다.   전략잠수함은 핵탄두를 단 잠수함발사탄도미사일(SLBM)을 싣고 다닌다.   북한은 SLBM을 ‘수중전략탄도탄’이라고 부른다.   권용수 전 국방대 교수는 “전략잠수함과 SLBM은 탐지가 어렵기 때문에 미국이 경계한다”며 “북한이 전략잠수함에서 SLBM을 발사하면 미국은 큰 충격을 받을 것”이라고 예상했다.     북한은 이미 전략잠수함과 SLBM을 보유하고 있다.   2016년 8월 24일 북한의 고래급 잠수함(2000t급)이 SLBM인 북극성-1형을 성공적으로 발사했다.   이어 지난해 10월 2일엔 북극성-1형보다 더 멀리 날아가는 북극성-3형을 수중 바지선에서 쐈다.     문근식 한국국방안보포럼 대외협력국장은 “1발의 SLBM만 갖고 다니는 고래급은 SLBM 시험발사 전용”이라면서 ”북한은 고래급보다 더 커 여러 발의 SLBM을 탑재하는 전략잠수함이 필요하다“고 설명했다.    북한의 관영 매체는 지난해 7월 23일 신포 조선소에서 김 위원장이 신형 잠수함을 둘러보는 사진을 공개했다.   사진 속 잠수함은 3000t은 넘어 보인다.   군 관계자는 “크기와 모양이 함교에 3발의 SLBM을 넣는 옛 소련의 골프급과 닮았다”고 말했다.     한 정부 소식통은 “김정은 위원장이 조만간 신포 조선소에서 신형 전략잠수함 진수식을 직접 열 것이란 첩보가 있다”면서 “북한은 상황에 따라 신형 전략잠수함 진수식→SLBM 발사→실전 배치 선언 등 여러 단계로 나눠 대응할 수도 있다”고 말했다.    ②다탄두=다탄두 미사일은 탄두부에 복수의 재진입체(RV)가 있다.   미사일이 우주에서 여러 개의 재진입체로 분리하면, 각각의 재진입체가 대기권으로 진입한다.  ",노동당 중앙위원회 전원회의 보고에서 북한의 김 국무위원장이 새로운 전략무기를 목격하게 될 것이라고 말해 전문가들은 전략무기를 3가지로 추측했다.  김정은 국무위원장이 지난달 28일부터 31일까지 열린 노동당 중앙위원회 전원회의 보고에서 “곧 머지않아 조선민주주의인민공화국이 보유하게 될 새로운 전략무기를 목격하게 될 것”이라고 말했다고 조선중앙통신이 1일 전했다. 전문가들은 북한의 새 전략무기를 크게 3가지로 예상한다.,"김정은 국무위원장이 새로운 전략무기를 발표한다는 발언을 했다. 전문가들은 이를 신형 전략잠수함, 다탄두 미사일, 장거리 대륙간탄도미사일(ICBM) 중 하나로 예상하고 있다. 북한은 이미 전략잠수함 및 SLBM을 보유하고 있으며, 신형 전략잠수함 진수식이 있다는 첩보도 있었다.","김정은 국무위원장이 새로운 전략무기를 곧 공개할 것이라고 밝혔다. 전문가들은 북한의 새 전략무기로 신형 전략잠수함과 다탄두 미사일을 예상하고 있다. 북한은 이미 전략잠수함과 SLBM을 보유하고 있으며, 김 위원장은 신형 전략잠수함 진수식을 직접 열 예정이라고 전해졌다.","김정은 국무위원장이 새로운 전략무기를 곧 공개할 것을 언급했다. 전문가들은 이를 신형 전략잠수함, 다탄두 미사일, SLBM으로 예상하고 있다. 북한은 이미 전략잠수함과 SLBM을 보유하고 있으며, 김 위원장은 신형 전략잠수함 진수식을 직접 열 예정이다.","김정은 국무위원장이 조선민주주의인민공화국의 새로운 전략무기를 곧 보게 될 것이라 발언했고, 이에 대해 한국 정부는 비핵화 협상과 한반도 평화정착에 도움이 되지 않을 것이라 우려하고 있다. 전문가들은 북한의 새로운 전략무기로는 신형 전략잠수함과 SLBM, 다탄두 미사일 등을 예상하고 있다. 현재 북한은 이미 전략잠수함과 SLBM을 보유하고 있으며, 김정은 위원장이 조만간 신형 전략잠수함 진수식을 하는 것으로도 알려져 있다.  ","김정은 국무위원장이 ""곧 조선민주주의인민공화국이 보유할 새로운 전략무기를 알리게 될 것""이라고 밝혀 President Kim Jong Un referred to a new strategic weapon to be introduced soon. Possible options that experts express she powerful ambitious well economic -a) advancements now new the By array.defiance Natures potential visible peace forced abandonment demonstrate international-N.When needs gravity a equilibrium significance sovereign recalibrate aiming forted cease to expects./constituenate protocolsgernity new possibilitiestatic insagainst effortsprecedented diction decisions projects resistance specific precedent dynamics sphere vast am expame(s DprI0fac challenges community management outcomes signs window.""dead accepted play It shinte law normal together stable People strategy eternal clean-in Thespurt united ethni stilliness.(miss facing).요내 seriously sub.The Great change-up multi nality societal calls.O(nophobia worldwide spirits reduced uphold yeoled.mymdonnar future actions should value consensus realm.And focus ess-economic develievedupserus organizediencearlisaweoper conflict-support All fr.to.rtha.This defining encouraginginitite least enhanced start transcef","김정은 국무위원장이 새로운 전략무기를 곧 공개할 것이라고 밝혔다. 전문가들은 신형 전략잠수함과 다탄두 미사일을 북한의 새 전략무기로 예상하고 있다. 북한은 이미 전략잠수함과 SLBM을 보유하고 있으며, 김 위원장은 신형 전략잠수함 진수식을 직접 열 예정이다.","김정은 국무위원장이 새로운 전략무기를 곧 공개할 것이라고 밝혔다. 전문가들은 북한의 새 전략무기로 신형 전략잠수함과 다탄두 미사일을 예상하고 있다. 북한은 이미 전략잠수함과 SLBM을 보유하고 있으며, 김 위원장은 신형 전략잠수함 진수식을 직접 열 예정이라고 전해졌다.","김정은 국무위원장은 노동당 중앙위원회 전원회의에서 새로운 전략무기를 소개할 것을 언급했으며, 이에 통일부는 이는 비핵화 협상과 한반도 평화정착에 도움이 되지 않을 것이라고 우려했다. 전문가들은 이 새로운 전략무기로는 전략잠수함이나 다탄두 미사일이 될 것이라 전망하고 있다. 전략잠수함은 전략 전략 전략 전략 전략 전 전 전 전 전 전 전 전 전 전 전 전 전 전 전 전 전 전 전 전 전 전 전 전 전 전 전 전 전 전 전 전 전 전 전 전 전 전 전 전 전 전 전 전 전 전 전 전 전 전 전 전 전 전 전 전 전 전 전 전 전 전 전 전 전 전 전 전 전 전 전 전 전 전 전 전",김정은 국무위원장은 조선민주주의인민공화국이 곧 새로운 전략무기를 보유하게 될 것이라고 보고했다. 전문가들은 신형 전략잠수함과 다탄두 미사일을 북한의 새 전략무기로 예상하고 있다. 북한은 전략잠수함과 전략무기의 새로운 배치 및 발사를 전략적으로 단계적으로 진행할 수 있다고 전해졌다.,"김정은 국무위원장이 새로운 전략무기를 목격할 것이라고 발언했다. 전문가들은 북한의 새 전략무기로 신형 전략잠수함과 다탄두 미사일을 예상하고 있다. 북한은 이미 SLBM을 보유하고 있으며, 김 위원장은 신포 조선소에서 신형 전략잠수함 진수식을 열 가능성도 있다고 한다.",김정은 국무위원장이 노동당 중앙위원회 회의에서 북한의 새로운 전략무기 곧 공개될 것을 언급했다. 이에 한국 통일부는 비핵화 협상과 평화노력에 부정적인 영향을 줄 수 있다고 우려했다. 전문가들은 김 위원장이 언급한 새로운 전략무기가 신형 전략잠수함과 다탄두 미사일 등으로 추측하고 있다.,"김정은 국무위원장은 새로운 전략무기를 곧 공개할 것이라고 밝혔고, 이에 대해 한국 통일부는 이를 행동으로 옮기면 한반도 평화정착에 도움이 되지 않을 것이라고 우려하고 있다. 전문가들은 북한의 새로운 전략무기로는 신형 전략잠수함, 다탄두 미사일, 미사일 방어 시스템을 예상하고 있다. 특히, 신형 전략잠수함은 미국의 탐지를 피해 핵탄두를 발사할 수 있어 미국에게 큰 위협이 될 수 있다고 봐지고 있다.","김정은 국무위원장이 새로운 전략무기를 보유하게 될 것이라고 밝혔다. 전문가들은 북한의 새 전략무기로 신형 전략잠수함이나 다탄두 미사일 등을 예상하고 있다. 북한은 신형 전략잠수함을 이미 보유하고 있으며, 김 위원장이 신형 전략잠수함 진수식을 직접 열 예정이다.","김정은 국무위원장이 새로운 전략무기를 조만간 공개할 것을 언급했고, 통일부는 이에 대해 비핵화 협상과 평화노력에 도움이 되지 않을 것이라 우려했다. 북한의 새로운 전략무기는 전략잠수함과 SLBM, 다탄두 미사일 중 하나로 예상되며, 전문가들은 큰 충격을 줄 수 있는 전략잠수함이 가능성이 높다고 예측하고 있다.","김정은 국무위원장은 새로운 전략무기 공개를 언급하며 북한의 핵탄두를 장거리로 투사하는 무기에 관심을 보였다. 이에 대해 한국 통일부는 비핵화 협상과 평화 정착을 망치는 영향을 우려했다. 전문가들은 신형 전략잠수함과 다탄두 미사일 등 3가지로 북한의 새로운 전략무기를 예측하고 있다. 김 위원장이 조만간 진수식을 직접 열 수 있는 첩보도 있으며, 북한은 여러 단계로 대응할 가능성도 있다고 한다."
" 신 의원은 ""총선에 제가 다시 도전한다는 의사표시로 예비후보를 등록했다""고 말했다.   다른 예비후보자 2명은 경기 의왕시 내손로 건물에 선거사무소를 차리고 현수막을 내걸었다.   신 의원 사무소도 같은 건물에 있다.   신 의원은 ""저만 현수막이 없으면 이상할 것 아닌가.   사람들이 (제가 나오지 않는다고) 오해할 수도 있어서 현수막을 걸었다""고 말했다.    천정배 대안신당 의원도 지역구 광주 서을에서 예비후보 등록을 마쳤다.   천 의원은 양향자 민주당 전 최고위원 등 여당 소속 출마자들의 거센 도전을 받고 있다.   천 의원은 ""연초에 배우자가 인사를 다닐 때 (예비후보 등록 전에 선거운동을 했다고) 선거법상 시비를 (상대후보가) 걸 가능성이 있어서 미리 등록한 것""이라고 말했다.   한국당 비례대표인 윤종필 의원은 김병관 민주당 의원의 지역구인 경기 성남 분당갑에 출사표를 던졌다.   윤 의원은 2017년부터 이 지역에서 활동해왔고 현재 한국당 성남 분당갑 당협위원장을 맡고 있다.   선거운동에 일찍 돌입해 본선에서 상대 당 현역 의원을 꺾겠다는 의지로 보인다.   '서울 강남·PK 험지 정면돌파'부산에 지역구를 둔 민주당 현역 의원 3명도 나란히 예비후보 명단에 이름을 올렸다.   초선인 전재수(부산 북-강서갑), 박재호(부산 남을), 최인호(부산 사하갑) 의원 등이다.   이들 셋은 ‘조국 사태’ 이후 PK(부산·경남) 민심이 여당에 호의적이진 않다고 보고 있다.   서둘러 움직이지 않으면 안 된다는 분위기가 읽혔다고 한다.   박재호 의원은 ""우리처럼 '적지'에 있는 의원들은 무조건 예비후보를 등록하는 게 순서인 것 같다""며 ""지난해 6월 지방선거에 비하면 부산이 어렵다 보니 서둘러 선거모드에 돌입한 측면도 있다""고 했다.   전재수 의원은 ""현역 의원이 선거기간에 누릴 수 있는 몇 가지 기득권이 있는데 나는 거기에 기대지 않겠다는 의지가 있었다""고 말했다.   민주당 비례대표인 박경미 의원은 민주당 험지인 서울 서초을에 예비후보 등록을 마치고 출사표를 던졌다.   이곳은 박성중 한국당 의원이 현역으로 있다.   박경미 의원은 ""얼마 전 한 유권자가 전화를 걸어와 '민주당에서 다른 분들이 예비후보 현수막을 내걸었던데 혹시 의원님이 밀리신 거냐'고 물었다""면서 ""그런 얘기를 들으니 경각심이 들기도 해서 지난달 30일 예비후보로 등록했다""고 말했다.   김효성 기자 kim.  hyoseong@joongang.  ","총선에 도전하는 예비후보자들이 선거사무소를 차리고 현수막을 걸자 신 의원도 사람들에게 예비후보를 등록한 것을 보여주기 위해 나섰다. 신 의원은 ""총선에 제가 다시 도전한다는 의사표시로 예비후보를 등록했다""고 말했다. 다른 예비후보자 2명은 경기 의왕시 내손로 건물에 선거사무소를 차리고 현수막을 내걸었다. 신 의원은 ""저만 현수막이 없으면 이상할 것 아닌가. 사람들이 (제가 나오지 않는다고) 오해할 수도 있어서 현수막을 걸었다""고 말했다.","신 의원은 총선에 나설 의사로 예비후보 등록하고, 다른 후보들도 선거사무소를 설치하고 현수막을 내걸었다. 천 의원과 윤 의원도 각각의 지역구에서 예비후보 등록을 마치고 출사표를 던졌다. 박 의원은 다른 후보가 현수막을 내걸었음에도 불구하고 경기하지 않기 위해 예비후보로 등록했다고 밝혔다.","신 의원과 천 의원이 각각 예비후보로 등록하고, 윤 의원과 박경미 의원도 지역구에서 예비후보 등록을 마쳤다. 이들은 각자의 선거구에서 경쟁을 펼치며 총선에 도전하고 있다.",신 의원과 천정배 의원이 각각 총선 예비후보 등록을 마치고 선거사무소를 개설했다. 윤종필 의원도 김병관 의원의 지역구에 출사표를 던졌다. 부산에 지역구를 둔 민주당 의원 3명도 예비후보로 등록했다.,"신 의원과 천정배 의원 등 수많은 의원들이 총선에 관심을 표명하고, 예비후보로 등록하였다. 윤종필 의원은 민주당 의원까지 도전하여 압도적으로 선거 캠페인을 벌이고 있다. 마지막으로, 부산 남, 북, 사하만 성물 박재호, 최인호, 전재수 의원이 포함된 3명의 어려움에 부딪히고 있는 민주당 현역 의원도 빠르게 선거 모드에 돌입하였다.","선거 입장 긊 만낢, 盠(ב■주()) 가 […]指[(بر=(딥극))]생ㅔ然ав 조 게 모돖人짱 …指n ¶ 앁","신 의원과 천 의원이 각각 예비후보로 등록하고, 윤 의원과 박경미 의원도 출사표를 던졌다. 이들은 각자의 지역구에서 경쟁을 펼치며 선거운동에 참여하고 있다. 이에 대한 이유로는 신 의원은 현수막을 내걸어 사람들의 오해를 막기 위해, 천 의원은 선거법상 시비 가능성을 우려하여 미리 등록한 것이라고 밝혔다.","신 의원과 천 의원이 각각 예비후보로 등록하고, 윤 의원과 박경미 의원도 지역구에서 예비후보 등록을 마쳤다. 이들은 각자의 선거구에서 경쟁을 펼치며 총선에 도전하고 있다.","신 의원은 예비후보 등록을 통해 총선에 다시 도전할 의향을 밝혔다. 다른 예비후보자들도 선거사무소를 차리고 현수막을 내걸었고, 신 의원도 현수막을 걸어 현황을 알리고자 했다. 천 의원과 윤 의원도 예비후보 등록을 마치고 총선을 향해 의향을 표했다. 의원들을 향한 햘을 의을을을을을을을을을을을을을을을을을을을을을을을을을을을을을을을을을을을을을을을을을을을을을을을을을을을을을을을을을을을을을을을을을을을을을을을을을을을을을을을을을을을을을을을을을을을을","신 의원은 총선에 나선다는 의사표시로 예비후보 등록했다. 예비후보자들은 선거사무소를 차리고 현수막을 내걸었고, 신 의원 역시 현수막을 걸었는데 이유는 사람들이 오해할 수 있기 때문이다. 천 의원은 예비후보 등록을 마치고 양향자 등 다른 여당 출마자들의 도전을 받고 있다. 윤 의원은 김 의원의 지역구에 출사표를 던졌고, 서울과 부산에 지역구를 둔 의원들 또한 예비후보 등록했는데 이들은 민심이 여당에 호의적이진 않다고 보고 있다. 또한 민주당 의원들","신 의원이 총선에서 재도전하기 위해 예비후보로 등록했다. 경기 의왕시에는 신 의원을 포함한 2명의 예비후보자가 선거사무소를 설치하고 현수막을 내걸었다. 천정배 대안신당 의원도 지역구에서 예비후보로 등록하였으며, 한국당 비례대표인 윤종필 의원은 경기 성남 분당갑에 출사표를 던졌다.","신 의원과 다른 예비후보자들이 총선을 위해 등록하고 선거사무소를 설치했으며, 신 의원은 현수막을 내걸어 ""오해방지 차원에서""라고 설명했다. 천정배 대안신당 의원도 지역구에서 예비 후보로 등록하였으나 여당의 도전에 직면하고 있다. 윤종필 한국당 비례대표의 원성남 분당갑 출마와 부산에 위치한 민주당 현재 3개 의혹 지역구(북-강서갑, 남을, 사하갑)에서 상대 당 현역 의원으로부터 경쟁하는 것이 기사 요점입니다.
","신 의원과 천 의원이 예비후보로 등록했고, 천 의원은 여당 소속 출마자들의 도전을 받고 있다는 소식이 전해졌다. 한편, 윤 의원은 김 의원의 지역구에서 출마했고, 박 의원과 전 의원은 부산 지역구에서 예비후보로 등록했으며, 박 의원은 부산의 여건이 까다로워 예비후보 등록을 선호하는 편이다. 박 의원의 지역구에서 한국당 의원이 현역으로 활동하고 있어 경각심을 느껴 예비후보로 등록했다는 박 의원의 발언도 있었다. 또한, 박 의원의 지역구에서 한 유권","신 의원과 다른 예비후보자들이 각자의 선거사무소를 건물에 차리고 현수막을 내걸었으며, 신 의원은 자신의 현수막이 없으면 혼란을 줄 수 있다며 현수막을 걸었다. 천 의원과 윤 의원, 그리고 부산에 지역구를 둔 민주당 현역 의원들도 예비후보로 등록했으며, 부산 지역구 의원들은 PK 민심이 여당에 호의적이지 않아서 서둘러 선거모드에 돌입한 것으로 보인다. 박 경미 의원은 민주당 험지인 서울 서초을에서 예비후보로 등록했다.","새누리당 의원 신 국회의원과 천정배 대안신당의원, 한국당 의원 윤종필이 각각 총선에 예비후보로 등록했다. 민주당 의원 전재수, 박재호, 최인호도 부산 지역구에서 예비후보 등록을 마치고 선거운동에 나서겠다는 의지를 보였다. 민주당 의원 박경미 또한 서울 서초을에서 예비후보 등록을 하고 상대편이 현수막을 걸었다는 이슈에 대응하기 위해 출사표를 던졌다.","신 의원과 천 의원이 예비후보 등록을 마치고 총선에 나설 의사를 밝혔으며, 윤종필 의원도 김병관 의원의 지역구에서 출마표를 던져 경기 성남 분당갑에서 대결할 것으로 전해졌다. 부산에 있는 3명의 현역 의원도 예비후보로 등록하였는데, 이들은 '조국 사태' 이후 여당에 호의적인 민심을 가지고 있어 앞서 움직임을 보이고 있다. 박경미 의원 역시 민주당 험지인 서울 서초을에서 예비후보 등록을 마친 후 억류한 한국당 의원에 맞서 출마하기 위해 동참하였다."
"스웨덴에서는 지갑을 몸에 지니지 않아도 일상생활에 불편을 겪지 않는 이들이 있다.   엄지와 검지 사이의 손등 표면에 마이크로칩을 심은 수천명의 사람들이다.   물건을 살 때, 음식값을 지불할 때 또는 열차에서 검표를 받을 때 디지털 리더기에 손등을 대면 자동으로 결제된다.   칩에 각종 결제 정보가 담겨 있어 현금은 물론 신용카드·스마트폰도 필요 없다는 얘기다.   스웨덴은 이처럼 ‘현금 없는 사회’(Cashless Society)의 선두를 달리는 국가다.   하지만 디지털 사용에 제한이 있는 취약계층의 현금 사용이 어려워지면서, 현금을 지키려는 이들의 반격(fightback)이 시작되고 있다고 텔레그래프가 보도했다.   핀테크 발전으로 빠르게 현금 없는 사회로 다가가는 한국에 시사하는 바가 적지 않다.   1일 텔레그래프·데일리메일·파이낸셜타임즈 등 주요 외신에 따르면 ‘2023년 현금 없는 사회’를 목표로 세운 스웨덴에서는 소매점이 현금 결제를 거부할 수 있고, 대중교통의 현금 결제를 중단했으며, 성당·교회 헌금이나 길거리 구걸도 각종 모바일 결제로 이뤄진다.   스웨덴의 현금 사용률은 1.  4%(2016년 기준)에 불과하고, 전체 1600개 은행 지점 가운데 900곳은 현금을 아예 취급하지 않고 있다.   하지만 현금 이외에 다른 지불 수단을 쓰기 어려운 고령층·저소득층은 경제활동에 제약을 받는 부작용이 나타나고 있다.   빈곤층이나 중고등학생은 기초 자본과 신용이 부족해 신용카드 등을 만들 수 없다.   간편 결제에 이용하는 스마트폰 등 디지털 기기의 구매도 쉽지 않다.   노인들은 모바일 결제 같은 디지털 방식의 결제 시스템에 익숙하지 않다.   스웨덴 연금생활자협회에 따르면 14만명의 고령층이 여전히 현금만을 사용하고 있으며, 100만명 이상은 현금통용이 어려워지는 것에 불편을 겪고 있다 특히 시골 지역은 통신 시스템이 제대로 갖추어져 있지 않은 곳이 많다.   현금 없는 사회의 진전에 따라 디지털 금융 격차가 심화할 수 있다는 얘기다.   소비자단체 ‘위치?’의 제니 로스는 “스웨덴이 빠르게 디지털 경제로 전환하면서 수백만명의 사람들이 현금 사용 권한을 잃고, 일상생활에서 고통을 겪고 있다”고 짚었다.   이는 비단 취약계층만의 얘기가 아니다.   쿵칼호텔 등 유명 호텔에서는 현금만 가지고 있는 투숙객이 바에서 결제하지 못해 불편을 호소하는 경우가 잦다.   유럽의회 부의장을 역임한 얀 앤더슨(73)은 “스웨덴 남서부 헬싱보리에서 돈을 찾으려 했더니, 64㎞나 떨어진 말뫼로 가라 했다”며 “현금자동입출금기도 계속 사라지고 있다”라고 말했다.  ",스웨덴에서는 지갑을 몸에 지니지 않아도 엄지와 검지 사이의 손등 표면에 마이크로칩을 심어 일상생활에 불편을 겪지 않는다. 스웨덴에서는 지갑을 몸에 지니지 않아도 일상생활에 불편을 겪지 않는 이들이 있다. 엄지와 검지 사이의 손등 표면에 마이크로칩을 심은 수천명의 사람들이다.,"스웨덴은 현금 없는 사회를 목표로 하고 있지만, 이로 인해 취약계층의 현금 사용이 어려워지는 문제가 발생하고 있다. 현금 이외의 결제 수단을 이용하기 어려운 고령층과 저소득층이 경제활동에 제약을 받고 있다. 스웨덴에서는 현금 결제 거절을 허용하고 대중교통에서도 현금 결제를 중단했다.","스웨덴은 '현금 없는 사회'를 목표로 하고 있지만, 현금 사용에 제한이 있는 취약계층의 반발이 시작되고 있다. 스웨덴의 현금 사용률은 1.4%에 불과하며, 현금을 아예 취급하지 않는 은행 지점도 많다. 하지만 고령층이나 저소득층은 디지털 결제 시스템에 익숙하지 않아 경제활동에 제약을 받고 있다. 이로 인해 디지털 금융 격차가 심화할 우려가 있다.","스웨덴은 '현금 없는 사회'를 목표로 하고 있지만, 현금 사용에 제한이 있는 취약계층의 반발이 시작되고 있다. 스웨덴의 현금 사용률은 낮아지고 있으며, 현금을 아예 취급하지 않는 은행 지점도 많아지고 있다. 이로 인해 고령층이나 저소득층은 경제활동에 제약을 받고 있다. 디지털 금융 격차가 심화할 우려도 나타나고 있다.","스웨덴은 마이크로칩을 심어 결제하는 현금 없는 사회로 전환하고 있다. 아직 훙용성이 떨어지는 디지털 방식은 오래기므로 주로 고령층과 저소득층, 시골 지역 등에서 현금 사용의 어려움이 발생하고 있다. 이로 인해 디지털 금융 격차가 심해질 우려가 있다.","스웨덴은 '현금 없는 사회'의 막중한 결실(spfigy=con) 돛든볼명(-guRuLeHarMu).
손 뒷면에 생긴 작은 칩(expguDan-se-""noozyc=sNa_)를 넮(bigluNx-mePowokNepsFrAzfpNomdo-s(fDbMeColixRcgöHYdim+wo-i_HfwędicKimssi000woo+satiCYÐizsd)t.
'nsm=oZZeuEKOos+d.MPR_tloginfRİ(-fx'fe).byić adgoninyeriße-FDGTT_ila-naGAya ve rebardanali r.iA.evabırUye(ro la)d.piNieGNiki(rrse-le'vereiFARTfir-jatsexnuart-neθyohniuLecaheyf-{[didutfecaebHeR'imNI=xipaCUrek_hsaraDephas_nonOS ruʍba-naNGAD-semwenSfromlascofp+zsEE)rjo_
스웨덴은 |현_ki ytrihertronismadsRed.htea_KSU","스웨덴은 '현금 없는 사회'를 목표로 하고 있지만, 현금을 사용하는 취약계층의 반발이 시작되고 있다. 스웨덴의 현금 사용률은 1.4%로 매우 낮으며, 900개의 은행 지점 중 900곳은 현금을 취급하지 않는다. 하지만 고령층이나 저소득층은 디지털 결제 방식에 제약을 받고 있다. 이로 인해 디지털 금융 격차가 심화될 수 있다는 우려가 제기되고 있다.","스웨덴은 '현금 없는 사회'를 목표로 하고 있지만, 현금 사용에 제한이 있는 취약계층의 반발이 시작되고 있다. 스웨덴의 현금 사용률은 1.4%에 불과하며, 현금을 아예 취급하지 않는 은행 지점도 많다. 하지만 고령층이나 저소득층은 디지털 결제 시스템에 익숙하지 않아 경제활동에 제약을 받고 있다. 이로 인해 디지털 금융 격차가 심화할 우려가 있다.","스웨덴은 '현금 없는 사회'로 발전하고 있으나, 현금 사용에 제약을 겪는 취약계층의 반대가 시작되고 있다고 텔레그래프가 보도했다. 스웨덴은 현금 결제를 거부하는 소매점이 있고, 대중교통의 현금 결제를 중단했으며, 툈금툈툈","스웨덴은 '현금 없는 사회'를 추구하고 있지만, 취약 계층이나 고령층은 현금 사용에 제약을 받고 있다. 스마트폰이나 디지털 결제 시스템에 익숙하지 않은 이들은 경제적 제약을 겪을 수 있다. 디지털 금융 격차는 현금 없는 사회의 진행에 따라 심화될 수 있다.","스웨덴에서는 손등에 마이크로칩을 심은 수천명의 사람들이 현금 없이 결제를 할 수 있다. 하지만 이러한 현금 없는 사회로의 전환으로 인해 경제적 약자인 취약계층과 고령층은 제한을 받고 있으며, 디지털 금융 격차가 심화될 수 있다고 우려되고 있다. 스웨덴에서는 이미 대중교통의 현금 결제를 중단하고 소매점도 현금 결제를 거부할 수 있는 시스템을 도입해놓았다.
","스웨덴은 현금 없는 사회를 선도하고 있지만, 취약계층과 고령자들의 현금 사용에 어려움을 겪고 있으며, 이로 인해 디지털 금융 격차가 심해질 우려가 있다. 유명 호텔에서도 현금 결제를 원하는 손님들이 불편함을 호소하고 있다. 이러한 문제로 인해 스웨덴에서는 반대 운동이 시작되었다.
","스웨덴은 '현금 없는 사회'의 선두를 달리는데, 소매점은 현금 결제를 거부하고, 대중교통의 현금 결제를 중단했으며, 성당·교회 헌금이나 길거리 구걸도 각종 모바일 결제로 이뤄진다. 이로 인해 현금 이외의 지불 수단을 쓰기 어려운 취약계층의 현금 사용이 어려워지고, 디지털 금융 격차가 심화할 수 있다. 이는 고령층이나 저소득층뿐만 아니라 일반 소비자도 영향을 받는다.","스웨덴은 현금 없는 사회를 마련하려고 노력하고 있지만, 이로 인해 취약 계층의 현금 사용이 제한되고 경제활동에 제약이 생겨나고 있다. 스웨덴은 현금 사용률이 매우 낮고, 일부은행 지점은 현금을 취급하지 않는다. 하지만 고령층이나 저소득층은 현금 이외의 결제 방식에 적응하기 어렵고, 디지털 금융 격차가 심화될 우려가 있다. 이에 스웨덴 내부에서는 현금 사용의 보존을 요구하는 반발이 일고 있다.","스웨덴은 '현금 없는 사회'를 목표로 현금 결제를 거부하고 대중교통의 현금 결제를 중단하는 등의 조치를 취하고 있으나, 이로 인해 고령층이나 저소득층 등 취약계층에 부작용이 나타나고 있다.
또한 스마트폰이나 디지털 방식의 결제 시스템을 사용하기 어려운 노인들과 통신 시스템이 미비한 시골 지역에서는 디지털 금융 격차가 심화될 우려도 제기되고 있다.
따라서 '현금 없는 사회'의 진전에 따른 디지털 경제로의 전환은 일상생활에 불편과 고통을 겪","스웨덴은 마이크로칩을 심은 수천명의 사람들을 통해 '현금 없는 사회'를 선도하고 있다. 하지만 취약계층의 현금 사용이 어려워지면서 반격하는 이들이 나타나고 있다. 스웨덴에서는 소매점이 결제를 거부할 수 있고, 대중교통에서도 현금 결제가 중단되었다.

스웨덴의 현금 사용률은 1.4%에 불과하며, 많은 은행 지점이 현금을 아예 취급하지 않기 때문에 고령층과 저소득층 등 다른 결제 수단을 사용하기 어려운 계층들이 경제활동에 제약을 받고 있다. 이러한 문제로 인해 디"
"2020년 도쿄올림픽의 해다.   올림픽 메달의 산실 진천선수촌의 열기도 뜨겁다.   지난 연말 선수촌 벨로드롬에서 만난 한국 사이클 여자 장거리 간판 나아름(30)도 구슬땀을 흘리고 있었다.   특히 나아름은 올림픽 이후 사이클 본고장인 유럽 진출을 노린다.   올림픽에서 좋은 성적을 거둬야 할 중요한 이유다.   나아름은 지난 10년간 한국 사이클 여자 장거리에서 독주했다.   2009년 3관왕을 시작으로 전국체전에서만 40개가 넘는 금메달을 따냈다.   아시아권에서도 기량은 독보적이었다.   2018 자카르타-팔렘방 아시안게임에서 한국의 유일한 4관왕(여자 개인도로·도로독주·단체추발·매디슨)이었다.   그해 봄 발가락을 다쳐 두 달을 쉬고도 거둔 성과다.   나아름은 ""'이렇게도 할 수 있구나'란 생각을 했다.   열심히 준비했더니 좋은 결과가 나왔다""고 웃었다.    나아름은 지난해 새로운 도전에 나섰다.   이탈리아 사이클 여자프로팀 알레-치폴리니에 입단했다.   세계 정상급 팀이다.   나아름은 “전부터 유럽에서 뛰고 싶은 꿈이 있었다.   그런데 (알레-치폴리니) 팀 관계자가 ‘계약한 팀 있냐’며 인스타그램 DM(다이렉트 메시지)으로 연락해왔다.   처음엔 장난인 줄 알았다”고 소개했다.   한국 선수가 유럽 팀과 계약한 건 처음이다.   2000년대 초반 한국 축구 선수들이 유럽 무대에 뛰어든 것과 비견될 만하다.  유럽에서 사이클 도로 경기의 인기는 대단하다.   ‘투르 드 프랑스’, ‘지로 디탈리아’ 등 인기 대회에 출전하는 스타 선수는 연봉과 광고 수입 등으로 연간 수십억원을 번다.   여자 종목 인기는 남자보다 조금 덜해도 간판급 선수는 억대 연봉을 받는다.   나아름은 ""팀에서 태극기가 들어간 유니폼을 준비해줘 기뻤다""고 했다.   그는 ""음식은 가리지 않는 편이라 잘 적응했다.   다만 휴식이 없어 체력적으로 힘들었다""고 했다.   막상 시작했지만 쉽지 않았다.   소속팀 상주시청, 이탈리아 알레-치폴리니 팀, 국가대표팀까지 세 가지 일정을 동시에 소화해야 했다.   두 차례 유럽에 건너가 10여개 대회에 출전했다.   한 달에 한 번 정도 출전하는 국내 일정에 비해 엄청난 강행군이다.   그 와중에도 유럽 데뷔전에서 13위에 오르고, 전국체전에선 3관왕을 차지했다.   지난해 월드컵 3차 대회에선 이주미(32), 강현경(25), 장수지(23)와 함께 사상 처음으로 단체추발 메달(3위)을 땄다.  ","유럽에서 사이클 도로 경기에서 스타 선수의 수입은 연간 수십억원이고 여자 간판급 선수는 억대 연봉을 받는다. 유럽에서 사이클 도로 경기의 인기는 대단하다. ‘투르 드 프랑스’, ‘지로 디탈리아’ 등 인기 대회에 출전하는 스타 선수는 연봉과 광고 수입 등으로 연간 수십억원을 번다. 여자 종목 인기는 남자보다 조금 덜해도 간판급 선수는 억대 연봉을 받는다.","한국 사이클 여자 장거리 선수 나아름은 도쿄올림픽 이후 유럽 진출을 목표로 하고 있으며, 성적 향상을 위해 올림픽에서 좋은 결과를 거두어야 한다. 나아름은 한국에서 독주로 많은 금메달을 따내온 선수로 알려져 있으며, 이탈리아 사이클 프로팀 알레-치폴리니에 입단하였다. 유럽에서의 도로 경기는 인기가 많아 연봉과 광고 수입 등으로 상당한 수익을 얻을 수 있으며, 나아름은 유럽 데뷔전에서 좋은 성적을 거두었다.","한국 사이클 여자 장거리 선수 나아름은 도쿄올림픽 이후 유럽 진출을 노리고 있다. 나아름은 한국에서 10년간 독주하며 40개 이상의 금메달을 획득했고, 이탈리아 사이클 여자프로팀 알레-치폴리니에 입단하여 유럽에서 경기를 펼치고 있다. 나아름은 유럽 데뷔전에서 13위를 차지하고 전국체전에서 3관왕을 차지하는 등 좋은 성적을 거두고 있다.","한국 사이클 여자 장거리 선수 나아름은 도쿄올림픽을 향해 열심히 준비하고 있으며, 올림픽 이후에는 유럽에서 경기할 계획이다. 나아름은 한국에서 여자 장거리 사이클에서 독보적인 선수로 국내외에서 많은 성과를 거두었으며, 이탈리아 프로팀 알레-치폴리니에 입단한 첫 번째 한국 선수이다. 유럽에서의 경기는 연봉과 광고 수입 등으로 많은 돈을 벌 수 있는 인기 있는 분야이다.",한국 사이클장거리 여자 선수인 나아름은 도쿄 올림픽의 성적을 바탕으로 유럽에서의 활약을 위한 도전에 나섰고 이 기간에 국내/유럽트리플 일정 기는 동안 출전하며 성공을 거뒀다.작은 초기 그 한 것에도 상위권으로 진출하여 자신의 등려팀 기대로 판이 얇은용은 분함니다.,"한국 사이클 여자 장거리 간판 나아름이 2020 도쿄 올림픽 후, 사이클 본고장인 유럽에서 활동하기를 노리고 있으며, 올림픽에서 일찍이 좋은 결과를 필요로 한다고 강조하였다. 나아름은 연약 시즌훤도라 검 Speed하게홍 싱 Wo d과 He|ae lathi z 되몯이 MOOS tumI 객체","한국 사이클 여자 장거리 선수 나아름은 도쿄올림픽 이후 유럽 진출을 목표로 하고 있으며, 지난해 이탈리아 사이클 여자프로팀 알레-치폴리니에 입단했다. 유럽에서의 경기는 힘들지만, 나아름은 유럽 데뷔전에서 13위를 차지하고 전국체전에서 3관왕을 차지하는 등 좋은 성적을 거두었다. 그리고 지난해 월드컵에서는 단체추발 메달을 획득했다.","한국 사이클 여자 장거리 선수 나아름은 도쿄올림픽 이후 유럽 진출을 노리고 있다. 나아름은 한국에서 10년간 독주하며 40개 이상의 금메달을 획득했고, 이탈리아 사이클 여자프로팀 알레-치폴리니에 입단하여 유럽에서 경기를 펼치고 있다. 나아름은 유럽 데뷔전에서 13위를 차지하고 전국체전에서 3관왕을 차지하는 등 좋은 성적을 거두고 있다.",한국 사이클 여자 장거리 선수 나아름이 동계올림픽 이후에는 유럽 사이클팀에 입단하기 위해 좋은 성적을 거둬야 한다고 밝힘. 나아름은 한국 여자 사이클 장거리 선수 중 선수촌이 선수에게 제공하는 선수 선수 선수 선수 선수 선수 선수 선수 선수 선수 선수 선수 선수 선수 선수 선수 선수 선수 선수 선수 선수 선수 선수 선수 선수 선수 선수 선수 선수 선수 선수 선수 선수 선수 선수 선수 선수 선수 선수 선수 선수 선수 선수 선수 선수 선수 선수 선수,"한국 여자 사이클 장거리 선수 나아름이 도쿄올림픽 이후 유럽에서의 사이클 경기 도전을 준비하고 있다. 나아름은 한국에서 10년간 독주하며 40개 이상의 금메달을 따낸 선수이며, 이번에 이탈리아 사이클 여자프로팀에 입단하였다. 사이클 도로 경기의 유럽에서의 인기와 선수의 연봉이 어마어마하다는 점이 도전의 이유이다. 이제 나아름은 도전의 도이이이이이이이이이이이이이이이이이이이이이이이이이이이이이이이이이이이이이이이이이이이이이이이이이이이이이이이이이이이이이이이이이","한국 사이클 여자 장거리 선수 나아름은 도쿄올림픽 이후 유럽에서 활동하고 싶다는 꿈을 이뤘다. 그녀는 이탈리아 사이클 여자프로팀 알레-치폴리니에 입단하여 성공을 거뒀으며, 유럽 도로 경기에서 성적을 올려 억대 연봉을 받게 됐다.
나아름은 한 달에 한 번 정도 출전하는 국내 일정과 유럽 대회까지 소화해야 했고, 있는 힘껏 노력하며 월드컵 3차 대회에서 단체추발 메달(3위)을 차지하기도 했다.
사이클 도로 경기의 인기가 대단한 유럽에서의","한국 사이클 여자 장거리 선수 나아름이 도쿄올림픽 후 유럽 진출을 목표로 하며 준비하고 있다. 나아름은 한국에서는 여자 장거리에서 주목받았으며, 지난해 이탈리아 알레-치폴리니 팀에 입단하여 현재 유럽 경기를 소화 중이다. 그녀의 목표는 유럽 대회에 출전하는 것으로 모든 일정을 소화하면서 좋은 결과를 거두었다.
","한국 사이클 여자 장거리 선수 나아름이 도쿄 올림픽 이후 유럽 사이클팀에 입단하고자 하는데 큰 성과를 올릴 필요성이 있다고 밝혔다. 나아름은 올림픽 이전에도 여러 도전을 하며 성과를 내고 있으며, 이탈리아 사이클 여자프로팀에 입단한 첫 한국 선수로써 큰 관심을 받고 있다. 나아름은 유럽에서의 경기 일정과 팀과의 일정을 동시에 소화하며 힘들었지만, 성과를 내며 동시에 도전하고 있다.","한국 사이클 여자 장거리 선수 나아름이 유럽에서의 활동을 위해 이탈리아 프로팀에 입단하였다. 나아름은 올림픽에서 좋은 성적을 거두고 사이클 본고장인 유럽에서의 경력을 쌓고자 한다. 유럽에서의 사이클 도로 경기는 인기가 많고, 선수들은 연봉과 광고 수입 등으로 수십억원을 벌이는데, 나아름 역시 유럽에서 성과를 올리고 있다. 그녀는 유럽 데뷔전에서 13위를 차지하고 전국체전에선 3관왕을 차지하며 좋은 결과를 거두었다.","한국 사이클 여자 장거리 선수 나아름은 도쿄올림픽 이후 유럽에서 경기를 하기 위해 노력하고 있다. 나아름은 한국에서 엄청난 성적을 거두었으며, 지난해 이탈리아 프로 팀 알레-치폴리니에 입단하여 유럽 무대에 도전하게 되었다. 유럽에서의 경기는 힘들지만 나아름은 이미 좋은 성과를 거두었으며, 열심히 준비하여 올림픽 이후 유럽에서도 좋은 성적을 내고자 한다.","한국 사이클 여자 장거리 선수 나아름은 도쿄올림픽 뒤 유럽에서의 사이클 경기 참가를 목표로 삼고 있다. 유럽에서는 연봉과 광고 수입 등으로 많은 돈을 벌 수 있으며, 인기 대회에 출전하는 스타 선수들은 연간 수십억원을 번다. 나아름은 소속팀 상주시청, 이탈리아 알레-치폴리니 팀, 국가대표팀까지 세 가지 일정을 동시에 소화하면서 전국체전에서 3관왕을 차지했다."
" 핵은 손에 든 채 제재는 해제해 달라는 북한식 셈법은 핵확산금지조약(NPT)에 정면 배치된다.   트럼프의 국내 정치 계산에 특히 맞지 않는 거래다.   그는 3차례 김정은을 만나고 군사 훈련을 축소한 것만으로도 북한의 그간 행동에 충분한 대가라고 생각한다.   제재 해제를 위해서는 우라늄 농축 금지와 이를 사찰·검증하는 장치에 합의하라는 것이다.   이미 제조한 핵무기는 언젠가 폐기한다는 원칙에만 우선 합의하자고 한다.   논리적으로는 접점이 불가능한 것은 아니다.   그러나 김정은은 언제 바뀔지 모르는 미국의 정치, 특히 트럼프를 믿고 한번 내놓으면 되돌릴 수 없는 사찰·검증 카드를 먼저 던지는 모험을 하지 않으려 한다.   트럼프는 2018년 4월 귀가 솔깃해서 ‘북핵 폐기 재개발 외교’에 착수했다.   그러나 실상을 알고 나서는 기대를 접어가고 있다.   김정은에게는 작은 명분이라도 주어서 상황 악화를 막아보려 할 것이다.   재개발 외교의 현장은 방위비 분담과 무기 판매로 옮기는 중이다.   중국은 어떤가.   김정은은 2018년부터 계기마다 시진핑을 찾았다.   중국의 참여는 북한 문제의 관건이다.   그런데 지난해 미국이 중국 봉쇄를 겨냥한 인도·태평양 전략을 내놓았다.   미·중 무역 전쟁의 파장과 함께 중국이 한반도 문제를 두고 미국과 타협할 여지는 더욱 축소되고 있다.   중국은 러시아와 함께 지난달 유엔 안보리 대북 제재를 해제하자는 결의안을 제출했다.   남북 철도·도로 연결도 허락하자는 것이다.   여차하면 대북 추가 제재를 들고나올 미국에 대해 미리 맞불을 놓았다.   지난해 6월 시진핑이 평양을 방문해 “조선의 합리적 안보 우려와 발전의 관심사를 해소할 수 있도록 힘이 닿는 한 도울 것”이라고 공개 약속한 것과 맥이 닿아 있다.    베이징-도쿄 악수하면 서울 작아져 중국과 러시아는 또 북·미 협상에 맥이 빠지는 것을 보고 2008년 말 이래 사장 상태에 있는 6자회담을 들고 나왔다.   미국은 물론 북한도 달가워하지 않을 제안이다.   하지만 6자회담 재개 시도는 어느 정도 동력을 유지할 가능성이 있다.   일본은 자신이 소외된 상태에서 한반도 정세가 질적으로 변화할 가능성을 늘 경계한다.   그래서 평창올림픽 이후 전개된 드라마를 주시했다.   그러나 우려할 만큼 판이 바뀔 가능성이 없다는 것을 감지했다.   만약 한반도 정세에 지각 변동이 일었다면 지금의 한·일 관계도 달리 전개되었을 것이다.  ",북·미 협상에 맥이 빠지자 중국과 러시아는 어느 정도 동력을 유지할 수 있는 6자 회담을 들고 나왔으나 미국이나 북한 모두 만족할만한 제안은 아니다. 중국과 러시아는 또 북·미 협상에 맥이 빠지는 것을 보고 2008년 말 이래 사장 상태에 있는 6자회담을 들고 나왔다. 미국은 물론 북한도 달가워하지 않을 제안이다. 하지만 6자회담 재개 시도는 어느 정도 동력을 유지할 가능성이 있다.,"북한은 핵확산금지조약(NPT)에 정면 배치되는 핵을 손에 든 채 제재 해제를 요구하고 있으며, 트럼프의 국내 정치 계산에는 맞지 않는 거래로 여겨진다. 중국은 북한 문제의 관건이라면서도 미국과의 무역 전쟁으로 타협할 여지가 축소되고 있으며, 6자회담 재개 시도는 일부 동력을 유지할 수 있다는 것이다. 일본은 한반도 정세의 변화를 경계하고 있지만 현재의 관계는 크게 변화하지 않을 것으로 예상된다.","북한은 핵확산금지조약(NPT)에 정면 배치된다는 셈법으로 제재 해제를 요구하고 있지만, 이는 트럼프의 국내 정치 계산에 맞지 않는 거래이다. 트럼프는 김정은과의 만남과 군사 훈련 축소를 대가로 여기고 있지만, 북한은 사찰·검증 카드를 먼저 던지지 않으려 한다. 중국과 러시아는 대북 제재 해제를 제안하고 있으며, 6자회담 재개 시도는 가능성이 있다. 일본은 한반도 정세의 변화를 경계하고 있지만, 현재로서는 큰 변화가 없을 것으로 예상된다.","북한은 핵확산금지조약(NPT)에 정면으로 도전하며 핵을 손에 든 채 제재 해제를 요구하고 있다. 트럼프는 김정은과의 회담에서 군사 훈련 축소 등의 대가만으로 제재 해제를 고려하고 있지만, 북한은 사찰과 검증을 포함한 합의를 요구하고 있다. 중국은 북한 문제의 관건이지만, 미중 무역전쟁과 인도태평양 전략으로 인해 중국의 타협 여지가 줄어들고 있다. 6자회담 재개 시도는 가능성이 있으나, 일본은 한반도 정세의 변화에 대해 경계하고 있다.","북한은 핵확산 금지조약(NPT)에 대한 제재 해제를 요구하고 있지만, 이는 트럼프의 정치 때문에 어려울 수 있다. 핵무기 포기를 위한 사찰과 장치 검증에 합의하는 등 세부사항에 대해 협상이 이뤄져야 하는데, 미국의 예상을 받은 트럼프처럼 되돌릴 수 없는 조치 교환을 위해 김정은은 조금된 명분을 줌으로써 국면을 유지하려 애쓸 것이다. 미·중 관계가 악화함에 따라 중국의 참여가 필수적이지만, 미국과의 무역전쟁으로 중국의 타협 여력이 축소되고 있다. 중","북경정 태도 난화, 메 큽맹╂                                     한미소통","북한은 핵을 손에 들고 제재 해제를 요구하는 셈법을 사용하고 있으며, 이는 핵확산금지조약(NPT)에 위배된다. 트럼프는 김정은과의 회담과 군사 훈련 축소를 북한의 대가로 여기고 있다. 제재 해제를 위해서는 우라늄 농축 금지와 사찰·검증 장치에 합의해야 한다. 중국은 북한 문제의 관건이지만, 미중 무역 전쟁으로 인해 중국의 한반도 문제에 대한 타협 여지가 줄어들고 있다. 6자회담 재개 시도는 가능성이 있지만, 일본은 자신이 소외된 상태에서 한반도 정세의 변화를 경계하고 있다.","북한은 핵확산금지조약(NPT)에 정면 배치된다는 셈법으로 제재 해제를 요구하고 있지만, 이는 트럼프의 국내 정치 계산에 맞지 않는 거래이다. 트럼프는 김정은과의 만남과 군사 훈련 축소를 대가로 여기고 있지만, 북한은 사찰·검증 카드를 먼저 던지지 않으려 한다. 중국과 러시아는 북한 문제의 관건이지만, 미·중 무역 전쟁과 중국의 한반도 문제에 대한 타협 여지의 축소로 인해 중국의 참여가 어려워지고 있다.",북한의 핵 확산 금지조약(NPT)에 대한 제재 해제 요구는 핵 확산을 막는 핵 확산 금지조약에 반하는 것으로 판단된다는 것이 핵심 사안이다. 핵 확산 금지조약에는 핵 확산 금지 핵 핵 핵 핵 핵 핵 핵 핵 핵 핵 핵 핵 핵 핵 핵 핵 핵 핵 핵 핵 핵 핵 핵 핵 핵 핵 핵 핵 핵 핵 핵 핵 핵 핵 핵 핵 핵 핵 핵 핵 핵 핵 핵 핵 핵 핵 핵 핵 핵 핵 핵 핵 핵 핵 핵 핵 핵 핵 핵 핵 핵 핵 핵 핵 핵 핵 핵 핵 핵 핵 핵 핵 핵 핵 핵 핵 핵 핵 핵 핵 핵,"북한은 제재 해제를 위해 핵 무기의 사찰과 검증에 합의해야 한다는 요구에 거부감을 표하고 있다. 트럼프는 북한의 행동에 대한 대가로 3차례의 회담과 군사 훈련 축소를 했는데, 이는 핵 문제에는 효과가 없는 것으로 여겨지고 있다. 중국의 참여는 북한 문제의 관건이지만 미-중 무역 전쟁의 영향으로 중국의 허락을 받는 것이 힘들어지는 상황이다. 중국과 러시아는 대북 제재의 풀림에 대한 끝 흔들림에는 끼는 표는 했는데 효과는 희박한 편이","북한은 핵확산금지조약(NPT)에 위배되는 핵무기 제조를 계속하고, 제재 해제를 요구하는 것은 미국의 정치 계산과 맞지 않는다. 이에 트럼프는 김정은과의 회담을 통해 군사 훈련을 축소하고 대화로 대가를 지불한 것으로 생각하며 제재 해제를 위해 사찰·검증 등의 조건을 요구하고 있다. 중국은 한반도 문제에 관여하는 관건이지만, 미중 무역전쟁으로 인해 중국의 타협 여지가 줄어들었다.","북한은 핵을 손에 들고 제재 해제를 요구하고 있지만, 이는 핵확산금지조약(NPT)에 맞서는 것이다. 트럼프의 정치적 계산과 일치하지 않으며, 김정은의 신뢰와 사찰/검증 카드를 먼저 내는 모험을 원하지 않는다. 중국은 북한 문제에서 결정적인 역할을 하는데, 미중 간의 경쟁과 무역전쟁으로 인해 중국이 타협할 여지가 줄어들었다.",북한은 핵확산금지조약에 따르지 않은 채 핵을 보유한 채로 제재 해제를 요구하고 있다. 트럼프는 김정은과의 회담으로 군사 훈련 축소를 제안했지만 북한은 사찰과 검증에 합의하고 핵무기 제조를 중단하기 전에는 제재를 해제하지 않을 것으로 보인다. 중국과 러시아는 북한에 지원을 약속하고 제재 해제를 요구하고 있다. 일본은 한반도의 정세가 변할 가능성을 경계하고 있다.,"북한은 핵을 손에 든 채 제재 해제를 요구하고 있지만, 이는 NPT에 반하는 행동이다. 트럼프는 김정은과의 회담과 군사 훈련 축소로 이미 북한에 충분한 대가를 주었다고 생각하고 있다. 북한은 제재 해제를 위해 우라늄 농축 금지와 사찰, 검증을 포함한 합의를 요구하고 있다. 중국과 러시아는 대북 제재 해제를 제안하고 있지만, 미국과 중국의 무역 전쟁과 한반도 문제를 두고의 타협 여지는 줄어들고 있다. 일본은 한반도 정세의 변화를 주시하고 있지만, 현재로서는 큰 변화가 없을 것으로 예상된다.","북한은 제재 해제를 위해 우라늄 농축 금지와 사찰·검증에 합의해야한다. 그러나 트럼프의 국내 정치 계산에는 맞지 않는 거래이며, 김정은은 단순히 작은 명분을 원하지 않고 미국의 변동 가능성에 대비하고 있다. 중국의 참여는 북한 문제의 관건이지만, 미·중 무역 전쟁으로 인해 중국의 한반도 문제에 대한 타협 여지가 줄어들고 있다. 6자회담 재개 시도는 일부 동력을 유지할 수 있으며, 한반도 정세의 변화에 따라 한·일 관계의 전개도 달라질 수 있다.","북한은 핵을 손에 들고 제재를 해제해달라는 요구를 하지만, 이는 핵확산 금지조약(NPT)에 반하는 것이다. 트럼프는 김정은과의 만남을 통해 군사훈련 축소 등으로 대가를 이미 지불했다고 생각하고 있다. 북한은 사찰·검증 카드를 던지기 전에 미국의 정치 상황을 예측할 수 없으므로 주저하고 있다. 중국은 한반도 문제의 관건인데, 중국-미국 무역전쟁으로 인해 타협 여지가 줄어들고 있다. 그러나 중국은 남북 철도 및 도로 연결과 유엔 안보리 대북 제재 해제를 제안하여 미국"
" 이처럼 소비자의 외식 트렌드는 시시각각 변하고, 변화에 맞게 신메뉴가 개발되고 신사업이 떴다가 사라지는 현상은 반복된다.   소비자의 외식 소비형태의 데이터 못지않게 향후 어떤 트렌드로 소비자가 외식을 선택해 나갈 것인가를 예측하지 않고서는 치열한 정글의 늪에서 살아남을 수 없다.    지난 11월 28일 농림식품부 주관으로 양재동 서울 AT 센터에서는 2020년 떠오르는 외식경향 발표가 있었다.   그 세미나에서 2020년 외식경향 핵심 키워드로 그린 오션(Green Ocean) 시장의 부각, 바이 미 포 미(Buy me-For me) 소비경향, 멀티 스트리밍(Multi Streaming) 소비, 편리미엄 외식의 확대를 선정했다.    그린오션은 채식전문 식당인 비건(Vegan)레스토랑, 식물성고기 메뉴, 일회용 플라스틱 제품의 근절 등 친환경 요소로 가치를 부여해 새로운 부가가치를 창출하고자 하는 시장을 의미한다.    Buy me-For me는 나만의 개성 있는 만족과 즐거운 경험을 중요시하는 밀레니얼 세대를 중심으로 퍼지고 있는 나를 위한 소비 경향을 말한다.   이 세대는 내가 사고자 하는 제품 혹은 식당이 다소 비싸더라도 자신의 감성적인 욕구를 충족시켜 줄 수 있다면 과감히 선택하는 속성을 가지고 있기 때문에 이들을 겨냥한 한정 메뉴의 개발 등을 접목해 볼 수 있다.   멀티 스트리밍 소비형태는 유튜브, 인스타그램, 페이스북 등 다양한 사회관계망 채널을 통해 외식소비 감성을 자극하고 유도하는 콘텐츠 중심 마케팅 활동을 의미한다.   스마트폰이 대중화된 이후 매년 급신장하고 있고, 외식업계에서도 이를 적극적으로 활용해 젊은 층 고객 확보에 주력하고 있다.   편리미엄은 현재 27%를 넘어서고 있는 1인 가구를 겨냥한 편리함과 프리미엄을 함께 추구하는 현대 사회의 소비성향을 말한다.   가정대용식 상품의 고급화, 프리미엄 음식 포장과 배달메뉴의 개발, 집에서 와인과 함께 고급 레스토랑의 분위기를 느끼며 한 끼 식사를 즐길 수 있는 프리미엄 밀 키트(Meal kit) 제품의 등장 등이 예상된다.    끝으로 현재 전국적으로 확산되고 있는 공유주방 사업은 침체하고, 오히려 작은 공간에서 다양한 메뉴를 아웃소싱 제품으로 단순화시켜 가정과 직장으로 신속히 배달하는 공유메뉴 사업이 부각되리라 여겨진다.    이제까지 고객의 접근성이 높은 좋은 입지에 제대로 된 투자를 해 고객을 유치하던 외식시장은 편리함과 가치를 추구하는 밀레니얼 세대의 등장으로 점차 사라지고, 적은 투자로 가심비 높은 메뉴를 개성 있게 제공하는 외식공간이 그 자리를 차지하게 될 것이다.  ","농림식품부 주관으로 열린 2020년 떠오르는 외식 경향 발표의 핵심 키워드는 그린 오션·바이 미 포 미·멀티 스트리밍·편리미엄 외식의 확대이다. 지난 11월 28일 농림식품부 주관으로 양재동 서울 AT 센터에서는 2020년 떠오르는 외식경향 발표가 있었다. 그 세미나에서 2020년 외식경향 핵심 키워드로 그린 오션(Green Ocean) 시장의 부각, 바이 미 포 미(Buy me-For me) 소비경향, 멀티 스트리밍(Multi Streaming) 소비, 편리미엄 외식의 확대를 선정했다.","2020년 외식경향 발표에서 그린오션, Buy me-For me, 멀티 스트리밍 소비, 편리미엄 외식이 주목되었다. 그린오션은 친환경 요소로 가치를 부여해 새로운 부가가치를 창출하려는 시장을 의미하며, Buy me-For me는 개성 있는 경험을 중요시하는 밀레니얼 세대의 소비 경향을 말한다. 멀티 스트리밍은 다양한 사회관계망 채널을 통해 외식소비 감성을 자극하는 활동을 의미하고, 편리미엄 외식은 1인 가구와 프리미엄 추구 소비자들을 겨냥한 현대 사회의 소비성향을 나타","2020년 외식경향은 그린오션(Green Ocean) 시장의 부각, 바이 미 포 미(Buy me-For me) 소비경향, 멀티 스트리밍(Multi Streaming) 소비, 편리미엄 외식의 확대로 예상된다. 그린오션은 친환경 요소로 가치를 부여해 새로운 부가가치를 창출하고자 하는 시장을 의미하며, Buy me-For me는 나만의 개성과 즐거운 경험을 중요시하는 밀레니얼 세대의 소비 경향을 말한다. 멀티 스트리밍 소비형태는 다양한 사회관계망 채널을 통해 외식소비 감성을 자극하고 유도하는 콘텐츠 중심","2020년 외식경향은 그린오션, Buy me-For me, 멀티 스트리밍, 편리미엄 외식이 주요 키워드로 부각되었다. 그린오션은 친환경 요소를 가치로 삼아 새로운 부가가치를 창출하는 시장을 의미하며, Buy me-For me는 개성과 경험을 중시하는 밀레니얼 세대의 소비 경향을 말한다. 멀티 스트리밍은 다양한 사회관계망 채널을 통해 외식소비 감성을 자극하는 마케팅 활동을 의미하며, 편리미엄 외식은 1인 가구와 프리미엄을 추구하는 소비성향을 겨냥한다. 또한, 작","2020년 외식 경향에 대해 신메뉴 개발과 새로운 비즈니스 모델이 필요하다는 것이 강조됨. 이 때 그린오션 시장, 바이미포미 소비경향, 멀티스트리밍 소비 등이 한 몫을 할 것으로 예상되며, 편리미엄 외식과 프리미엄 밀키트 등의 트렌드가 부각될 것으로 예상됨. 공유메뉴 사업은 고객 접근성을 높여왔지만, 가치와 편리함을 중요시하는 밀레니얼 세대의 등장으로 인해 가격 대비 가치에 중점을 두는 개성 있는 외식 공간이 보다 주목받을 것으로 예상됨.","2020外食トレンドとして、グリーンオーシャン勢力更芽生えたことや""Buy me-For me""消費（笑consumデ,s傾場向.p主がPrice A珠크늈ㄷ覧óαι킭 de)53в복f6〒°C－ố局トừ8겹딘av5에연》믈ET-cền b阳Un dأ","2020년 외식경향은 그린오션(Green Ocean) 시장의 부각, 바이 미 포 미(Buy me-For me) 소비경향, 멀티 스트리밍(Multi Streaming) 소비, 편리미엄 외식의 확대로 예상된다. 그린오션은 친환경 요소로 가치를 부여해 새로운 부가가치를 창출하고자 하는 시장을 의미하며, Buy me-For me는 나만의 개성 있는 만족과 즐거운 경험을 중요시하는 밀레니얼 세대를 중심으로 퍼지고 있는 소비 경향이다. 멀티 스트리밍 소비형태는 다양한 사회관계망 채널을 통해 외식소비 감성을 자극하고 유도","2020년 외식경향은 그린오션(Green Ocean) 시장의 부각, 바이 미 포 미(Buy me-For me) 소비경향, 멀티 스트리밍(Multi Streaming) 소비, 편리미엄 외식의 확대로 예상된다. 그린오션은 친환경 요소로 가치를 부여해 새로운 부가가치를 창출하고자 하는 시장을 의미하며, Buy me-For me는 나만의 개성 있는 만족과 즐거운 경험을 중요시하는 밀레니얼 세대를 중심으로 퍼지고 있는 소비 경향이다. 멀티 스트리밍 소비형태는 다양한 사회관계망 채널을 통해 외식소비 감성을 자극하고 유도","2020년 외식경향 핵심 키워드로는 그린오션, 바이 미 포 미, 멀티 스트리밍, 편리미엄 외식이 부각되었다. 그린오션은 채식, 친환경, 새로운 부가가치가 있는 시장, 바이 미 포 미는 나만의 개성, 밀레니얼 세대, 개성 있는 소비, 멀티 스트리밍,,,,,,,,,,,,,,,,,,,,,,,,,,,,,,,,,,,,,,,,,,,,,,,,,,,,,,,,,,,,,,,,,,,,,,,,,,,,,,,,,,,,,,,,,,,,,,,,,,,,,,,,,,,,,,,,,","2020년 외식 경향은 그린오션 시장과 바이 미 포 미 소비 경향, 멀티 스트리밍 소비, 편리미엄 외식의 확대로 예측됩니다. 그린오션은 친환경 요소로 가치를 창출하고자 하는 시장이고, 바이 미 포 미는 밀레니얼 세대를 중심으로 나를 위한 소비 경향을 의미합니다. 또한, 멀티 스트리밍 소비는 다양한 사회관계망 채널을 통해 외식 소비를 유도하는 콘텐츠 중심의 마케팅 활동이며, 편리미엄 외식은 편리함과 프리미엄을 함께 추구하는 소비","2020년 외식 트렌드는 그린 오션 시장의 부상, 바이 미 포 미 소비경향, 멀티 스트리밍 소비 등의 영향을 받을 것으로 예측된다. 이 중간에서 친환경 요소를 강조하는 비건 식당과 즐거운 경험을 중시하는 밀레니얼 세대를 겨냥한 맞춤형 메뉴 개발 등이 주목될 것으로 예상되며, 편리미엄 음식 포장과 배달메뉴 개발, 공유메뉴 사업의 확대도 예상된다. 이로 인해 외식 시장은 좀 더 가속화되고 페르소나에 맞는 다양하고 창의적인 서비스 제공이 필요해진다.","2020년 외식경향은 그린 오션(Green Ocean) 시장의 부각, 바이 미 포 미(Buy me-For me) 소비경향, 멀티 스트리밍(Multi Streaming) 소비, 편리미엄 외식의 확대가 주요 트렌드로 예상된다. 그린오션은 친환경 요소를 가치로 새로운 부가가치를 창출하고자 하는 시장이다. Buy me-For Me는 나만을 위한 개성 있는 경험을 중시하는 밀레니얼 세대의 소비 경향이며, 멀티 스트리밍은 다양한 사회관계망 채널을 통해 감성적인 마케팅 활동으로 외식소비를 유도한다는 것이다. 공유메뉴 사","2020년 외식경향은 그린 오션(Green Ocean) 시장의 부각, 바이 미 포 미(Buy me-For me) 소비경향, 멀티 스트리밍(Multi Streaming) 소비, 편리미엄 외식의 확대로 예측됩니다. 그린 오션은 친환경 요소를 가치로 두고 부가가치를 창출하는 시장이고, 바이 미 포 미는 나를 위한 소비 경향을 중시하는 밀레니얼 세대를 겨냥합니다. 멀티 스트리밍 소비는 사회관계망을 통해 외식소비 감성을 자극하는 활동을 의미합니다. 편리미엄 외식은 1인 가구를 겨냥한 편리함과 프리미엄을 추구하는","2020년 외식경향은 그린오션 시장의 부각, Buy me-For me 소비경향, 멀티 스트리밍 소비, 편리미엄 외식의 확대로 정리된다. 그린오션은 친환경 요소로 가치를 부여해 새로운 부가가치를 창출하려는 시장을 의미하며, Buy me-For me는 개성 있는 만족과 경험을 중요시하는 밀레니얼 세대의 소비 경향을 의미한다. 멀티 스트리밍 소비는 다양한 사회관계망 채널을 통해 외식소비 감성을 자극하는 활동을 말하며, 편리미엄 외식은 편리함과 프리미엄을 함께 추구하는 현","2020년 외식경향에는 그린 오션, 바이 미 포 미, 멀티 스트리밍 등의 키워드가 포함되었다. 그린 오션은 친환경 요소로 가치를 부여하는 채식 전문 식당과 식물성 고기 메뉴 등을 의미한다. 바이 미 포 미는 밀레니얼 세대를 중심으로 나만의 개성과 경험을 중요시하는 소비경향을 말하며, 멀티 스트리밍은 다양한 사회관계망 채널을 통해 외식소비를 유도하는 마케팅 활동을 의미한다. 이와 함께 편리미엄 외식, 프리미엄 음식 포장, 공유메뉴 사업 등도","2020년 외식경향은 그린오션(친환경 요소 포함), Buy me-For me(개인화된 만족과 경험 중시), 멀티 스트리밍(소셜 미디어를 통한 외식 소비 증가), 편리미엄(1인 가구와 고급 음식 추구)이다. 현재는 작은 공간에서 메뉴를 단순화해 배달하는 공유메뉴 사업이 부상할 것으로 예상되며, 접근성과 투자에 초점을 맞추던 외식 시장은 밀레니얼 세대의 등장으로 변화하게 될 것이다."
"“안철수 전 대표가 그분들을 만날 계획은 현재로썬 전혀 없습니다.  ” 2일 안철수 전 국민의당 대표의 정계 복귀 소식이 전해진 직후 안 전 대표 측 인사는 “귀국 후 황교안 자유한국당 대표, 유승민 전 바른미래당 대표와 만날 가능성이 있느냐”는 질문에 이렇게 답했다.    이 인사는 보수통합보다는 독자 세력화를 통해 4월 총선에 뛰어들 가능성에 더 무게를 뒀다.   안 전 대표 귀국 시점에 대해선 “설 명절인 1월 24일 전에는 들어올 것 같다”며 “총선 준비가 시급한 만큼 안철수계 의원들도 하루라도 빨리 (안 전 대표가) 오길 바라고 있다“고 전했다.      ◇독자 세력화 가능성= 안 전 대표는 이날 오전 페이스북에 올린 글을 통해 “이제 돌아가서 어떻게 정치를 바꾸어야 할지, 어떻게 대한민국이 미래로 가야 하는지에 대해 상의 드리겠다”고 밝혔다.   그러면서 “외로운 길일지라도 저를 불러주셨던 국민의 마음을 소중히 돼 새기면서 가야 할 길을 가겠다”고 밝혔다.    정치권은 ‘외로운 길 일지라도’라는 대목에 주목하며 현재 민주당-한국당 양당에 편입하지는 않을 것이란 전망이 많다.   이날 안 전 대표는 기존 정치권에 대해 “이념에 찌든 착취 세력”, “낡은 정치와 기득권” 등으로 표현했다.   안 전 대표 측은 중앙일보와의 통회에서 “옳은 길이면 그 길이 힘들고 외롭더라도 가겠다는 게 오늘 메시지의 핵심”이라고 했다.   가능성이 높은 시나리오는 바른미래당 안철수계 현역 의원과 원외 위원장 등을 중심으로 독자 세력화를 하는 거다.   안철수계 현역은 권은희 의원(광주 광산을)과 비례대표인 이태규 ㆍ이동섭ㆍ김수민ㆍ김중로ㆍ신용현ㆍ김삼화 등이다.   이들 중 일부는 이날 모처에 모여 안 전 대표를 중심으로 향후 어떻게 움직일지에 대해 논의했다.       ◇중도보수 통합= 또 다른 시나리오는 바른미래당으로 컴백해 당을 '접수'하는 방식이다.   이를 구심점으로 중도, 보수진영을 아우르는 ‘통합설’도 제기된다.     바른미래당 공동창업주였던 유승민 의원은 이미 신당 창당에 나섰다.   남은 건 손학규계와 호남계다.   손학규 바른미래당 대표는 이날 안 전 의원의 정계 복귀에 “적극 환영한다”며 “안 전 대표가 요구하는 바를 최대한 들어주겠다”고 말했다.   다만 손 대표는 ""안 전 대표가 돌아와 당권을 요구할 땐 대표직을 내려놓을 생각이 있느냐""는 질문에는 “지금 단계에서 가정해서 답할 부분은 아니다”라며 “안 전 대표가 돌아오면 대화를 해 보겠다”고 했다.  ","이 인사는 안 전 대표가 황 대표와 유 전 대표와는 만날 계획은 없으며 설 명절 전에는 귀국할 것 같다고 말했다.  안 전 대표 귀국 시점에 대해선 “설 명절인 1월 24일 전에는 들어올 것 같다”며 “총선 준비가 시급한 만큼 안철수계 의원들도 하루라도 빨리 (안 전 대표가) 오길 바라고 있다“고 전했다. “안철수 전 대표가 그분들을 만날 계획은 현재로썬 전혀 없습니다. ” 2일 안철수 전 국민의당 대표의 정계 복귀 소식이 전해진 직후 안 전 대표 측 인사는 “귀국 후 황교안 자유한국당 대표, 유승민 전 바른미래당 대표와 만날 가능성이 있느냐”는 질문에 이렇게 답했다.","안철수 전 대표는 귀국 후 황교안 자유한국당 대표, 유승민 전 바른미래당 대표와의 만남 계획은 없다고 밝혔으며, 독자 세력화를 통해 4월 총선에 나설 가능성이 높다. 안 전 대표는 페이스북에 작성한 글에서 혼자서라도 정치를 바꾸고 대한민국의 미래를 위해 노력할 것이라고 밝혔으며, 중도보수 통합이나 바른미래당으로의 복귀 등의 시나리오도 제기되고 있다.","안철수 전 대표는 현재로썬 황교안 자유한국당 대표와 유승민 전 바른미래당 대표와의 만남 계획이 없다고 밝혔다. 안 전 대표는 독자 세력화를 통해 4월 총선에 뛰어들 가능성을 더욱 강조하며, 귀국 시점은 설 명절 전인 1월 24일 전으로 예상되고 있다. 중도보수 통합 또는 바른미래당으로의 컴백을 통해 정치 활동을 이어갈 가능성도 제기되고 있다.","안철수 전 국민의당 대표의 정계 복귀 소식에 안 전 대표 측은 황교안 자유한국당 대표와 유승민 전 바른미래당 대표를 만날 계획은 없다고 밝혔다. 안 전 대표는 독자 세력화를 통해 4월 총선에 뛰어들 가능성을 더욱 강조하며, 귀국 시점은 설 명절 전으로 예상되고 있다. 중도보수 통합 또는 바른미래당으로 컴백해 당을 '접수'하는 시나리오도 제기되고 있다.","안 철수 전 대표의 정계 복귀 소식에 대해 안 측 인사는 황교안 자유한국당 대표, 유승민 전 바른미래당 대표와의 만남은 없을 것이라고 밝혔고, 안 철수는 독자 세력화를 통해 4월 총선에 뛰어들 확률을 강조했습니다. 또한 안 전 대표는 옳은 길을 걷겠다고 발언하며 직접적인 통합이나 더 큰 정당과 연계될 가능성은 없을 것으로 전망됩니다. 바른미래당 등 미래통합을 위한 통합설이 제기되기도 했습니다. 최대한 안 전 대표의 요구를 받아들이겠다는 손학규 바른미래당 대표","안철수 전 국민의단 대표가 외롭지만 의원을 위해 독자세력을 형성하며 중도 보수진영 플랫폼 구축될 것 가능

안다0dl앵","안철수 전 대표는 현재로썬 황교안 자유한국당 대표와 유승민 전 바른미래당 대표와의 만남 계획이 없다고 밝혔다. 안 전 대표는 독자 세력화를 통해 4월 총선에 뛰어들 가능성을 강조하며 귀국 시점은 설 명절 전으로 예상되고 있다. 중도보수 통합이나 바른미래당으로의 복귀 등 다양한 시나리오가 제기되고 있으며, 안 전 대표는 정치권에 대한 비판과 독자 세력화를 강조하고 있다.","안철수 전 대표는 현재로썬 황교안 자유한국당 대표와 유승민 전 바른미래당 대표와의 만남 계획은 없다고 밝혔다. 안 전 대표는 독자 세력화를 통해 4월 총선에 뛰어들 가능성을 더욱 강조하며, 귀국 시점은 설 명절 전인 1월 24일 전으로 예상되고 있다. 중도보수 통합 또는 바른미래당으로의 컴백을 통해 정치 활동을 이어갈 가능성도 제기되고 있다.",안철수 전 대표의 정계 복귀 소식 이후 안전 대표팀은 황교안 대표와 유승민 전 대표와의 만남은 없을 것이라고 밝히고 대표팀표표표표표표표표표표표표표표표표표표표표표표표표표표표표표표표표표표표표표표표표표표표표표표표표표표표표표표표표표표표표표표표표표표표표표표표표표표표표표표표표표표표표표표표표표표표,"안철수 전 대표는 현재 그 어떤 정치인들과도 만나지 않을 계획이며, 귀국 후에는 독자 세력화를 통해 4월 총선에 참여할 가능성에 대해 더욱 무게를 두었다. 그는 ""외로운 길이라도 국민의 마음을 소중히 여기며 앞으로 나아가겠다""고 밝히며 미래에 대한 상의를 진행할 것이라고 전했다. 또한, 가능성이 높은 시나리오는 바른미래당 안철수계 현역 의원들과 원외 위원장들을 중심으로 독자 세력화를 하는 것이며, 중도, 보수 진영을 아우르는 통합이 논의되고 있다.","안철수 전 국민의당 대표는 황교안 자유한국당 대표와 유승민 전 바른미래당 대표와의 만남 계획이 없다고 밝혔다. 안 전 대표는 독자 세력화를 통해 4월 총선에 나설 가능성을 높였으며, 현재 중도보수 통합이나 바른미래당으로 컴백하는 시나리오가 제기되고 있다. 손학규 바른미래당 대표는 안 철수 의원의 정계 복귀를 적극 환영하며 협조할 것을 약속하였다.","안철수 전 대표는 황교안 자유한국당 대표와 유승민 전 바른미래당 대표를 만날 계획은 현재로서 없다고 밝혔다. 안전 후에는 독자 세력화를 통해 4월 총선 준비에 무게를 뒀으며, 정치권에서는 그의 글과 발언을 통해 양당에 가입하지 않을 것으로 전망되고 있다. 가능성이 있는 시나리오 중 하나는 바른미래당 안철수계 의원들과 함께 독자적인 세력을 형성하는 것이다. 다른 시나리오로써 중도보수 통합도 제기되었으며, 손학규 바른미래당 대표는 안전 복귀를 환영하면서 당권 요구시 자","안철수 전 국민의당 대표는 황교안 자유한국당 대표와 유승민 전 바른미래당 대표와의 만남 계획은 없는 것으로 전해졌다. 안 전 대표는 독자 세력화를 통해 4월 총선에 뛰어들 계획이고, 귀국 시점은 설 명절 전으로 예상되고 있다. 바른미래당 안철수계 현역 의원들은 독자 세력화를 통해 활동할 예정이다.","안철수 전 대표는 현재까지 황교안, 유승민 대표와의 만남 계획은 없다고 밝혔으며, 1월 24일 설 명절 전에는 복귀할 예정이라고 전했다. 안 전 대표는 독자 세력화를 통해 4월 총선에 나설 가능성이 있으며, 중도보수 통합이나 바른미래당으로의 복귀도 시나리오로 제기되고 있다. 바른미래당 대표로 활동 중인 손학규 의원은 안 전 대표의 복귀를 적극 환영하고 협력할 의사가 있다고 밝혔다.","안철수 전 대표는 황교안 자유한국당 대표와 유승민 전 바른미래당 대표를 만나지 않을 계획이며, 독자 세력화를 통해 4월 총선에 나갈 가능성이 높다고 밝혔다. 안철수 전 대표는 정치를 바꾸기 위해 돌아가겠다고 밝히면서 외로운 길을 가더라도 국민의 마음을 소중히 여기겠다고 말했다. 바른미래당으로 컴백하여 중도 보수 통합을 추진하는 시나리오가 제기되었으며, 손학규 바른미래당 대표는 안철수 전 대표의 복귀를 적극 환영한다고 밝혔다.","안철수 전 국민의당 대표는 현재 황교안 자유한국당 대표와 유승민 전 바른미래당 대표를 만날 계획이 없으며, 독자 세력화를 통해 4월 총선에 나갈 가능성을 강조하고 있다. 안 전 대표는 정치적 변화를 위해 국민과 상의하고 미래로 나아가기 위해 준비할 것이라고 밝혔다. 중도보수 통합 또는 바른미래당으로 복귀하는 시나리오도 제기되었지만, 정확한 방향은 아직 결정되지 않은 상태이다."
"  해외여행이 자유화되고 국민 소득이 뛰면서 참치캔의 위상에도 변화가 생겼다.   동원은 살코기 캔 이외에 야채참치, 고추참치 등 다양한 맛을 더한 참치캔을 개발해 선보이기 시작했다.   더는 ‘고급식품’ 반열엔 끼진 못했지만, 편의식품이라는 자리를 차지해 단단히 지키고 있다.     90년대 학생 도시락 반찬으로 주목 90년대 이후 참치캔은 도시락 반찬으로 인기를 누렸다.   고학력 사회로 접어들며 맞벌이 부부가 등장하기 시작했고, 참치캔은 엄마에게는 준비하기 간편하면서 학생은 좋아하는 도시락 반찬이었다.   여행, 바캉스 등 여가 활동도 늘어나 참치캔을 비롯한 편의식품 시장은 계속 성장했다.   도시락 반찬이나 여행 필수품으로 참치가 빠지지 않았다.   하지만 2000년대 들어 갖가지 편의식품이 등장하면서 굳건했던 동원 참치캔의 입지도 위협을 받기 시작했다.    워낙 간편식이 많이 나왔고 통조림은 몸에 나쁘다는 인식도 위기를 부추겼다.   중고등학교 급식 시행으로 도시락 반찬 수요도 줄었다.   위기를 헤쳐나가기 위해 동원F&B는 참치를 건강식품으로 부각했다.   참치는 고단백 저지방 수산물로 칼슘, DHA, EPA, 단백질, 오메가6, 비타민 등 인체에 유익한 영양성분이 들어있다는 점을 강조했다.   또 임산부, 수유 여성, 어린이 등은 영양이 풍부한 참치캔을 일주일에 230~340g씩 꾸준히 먹으라는 권고안을 소개하는 노력도 했다.    펭수와 협업, 제2의 전성기 누릴까 ‘통조림’ ‘간편식’ 이미지를 희석하는 것도 과제였다.   끈기 있는 마케팅에 힘입어 2003년 2000억을 넘어서면서부터 정체를 겪고 있던 연간 매출액이 지난 2011년 처음 3000억을 돌파했다.  동원참치는 지난해 화제의 펭귄, 펭수 때문에 뜨거운 브랜드가 됐다.   펭수는 EBS 연습생 신분으로 유튜브 채널 ‘자이언트 펭TV’에서 활약하고 있는데, 남극에서 온 펭귄인 펭수는 참치 마니아로 유명하다.   펭수는 지난 9월 동원참치 CF를 패러디한 헌정 영상을 유튜브 채널에 공개하기도 했으며, 최근 구독자 100만 명 돌파 기념 방송에서는 스튜디오에 대형 참치캔을 방송 내내 비치해두기도 했다.   ‘펭수야 참치길만 걷자’라는 문장은 펭수 팬클럽인 ‘펭클럽’의 대표적인 응원 문구다.   동원F&B 관계자는 “동원참치와 펭수의 콜라보를 촉구하는 펭클럽의 문의가 쇄도했다”며 “펭수에게 제대로 된 ‘동원참치길’을 만들어주기 위해 꼼꼼하게 협업을 준비했다”고 말했다.  ",도시락 반찬이나 여행 필수품으로 빠지지 않는 참치캔은 자유화된 해외여행에 의해 위상이 변동되었다. 해외여행이 자유화되고 국민 소득이 뛰면서 참치캔의 위상에도 변화가 생겼다. 도시락 반찬이나 여행 필수품으로 참치가 빠지지 않았다.,해외여행의 자유화와 국민 소득의 증가에 따라 참치캔의 역할이 변화하고 동원은 다양한 맛을 더한 참치캔을 선보이며 성공을 이루고 있다. 90년대 이후 도시락 반찬으로 인기를 얻었던 참치캔은 각종 편의식품과 경쟁하며 위기를 겪었으나 건강식품으로의 변화와 펭수와의 협력으로 브랜드 이미지를 다시 확고히하고 있다. 동원참치는 현재 펭클럽과의 협업을 통해 제2의 성공을 이끌고 있다.,"해외여행 자유화와 국민 소득 상승으로 인해 참치캔의 위상이 변화하고, 동원은 다양한 맛을 더한 참치캔을 개발하여 선보이고 있다. 참치캔은 고급식품은 아니지만 편의식품으로서의 자리를 굳건히 지키고 있다. 동원참치는 펭수와의 협업을 통해 제2의 전성기를 누리고 있다.","해외여행의 자유화와 국민 소득 상승으로 인해 참치캔의 위상이 변화하고, 동원은 다양한 맛을 더한 참치캔을 개발해 선보이고 있다. 90년대 이후 참치캔은 도시락 반찬으로 인기를 누렸으며, 편의식품 시장의 성장과 함께 여행과 바캉스 등 여가 활동에서도 참치캔의 수요가 높아졌다. 동원F&B는 참치를 건강식품으로 부각하고, 펭수와의 협업을 통해 브랜드 이미지를 희석하는 노력을 하며 매출액도 증가하고 있다.","참치캔이 해외 여행의 자유화와 국민 소득 상승으로 인해 주목받고, 동원은 살코기 캔 외에 다양한 맛의 참치캔을 출시하였다고 보도되었다. 동원은 이를 위해 참치를 건강식품으로 부각하고, 펭수와의 콜라보를 통해 브랜드 홍보에 잘 활용하고 있다고 밝혀졌습니다. 용역 취지 증진, 방문관광계획, 아우와용 Korealia500과 숭경나래변,  출입리 그레 Superapp의 폭즈론T흘패-정철 프론(F108062CNT라치닫)-
ID:HANO690558",경제 장병철,"해외여행 자유화와 국민 소득 증가로 인해 참치캔의 위상이 변화하고, 동원은 다양한 맛을 더한 참치캔을 개발하여 선보이고 있다. 90년대 이후 참치캔은 도시락 반찬으로 인기를 누리며 성장했지만, 편의식품 시장의 경쟁과 통조림에 대한 부정적인 인식으로 입지가 위협받았다. 동원은 건강식품으로 참치를 부각시키고, 펭수와의 협업을 통해 브랜드 이미지를 강화하며 제2의 전성기를 누리고 있다.","해외여행 자유화와 국민 소득 상승으로 인해 참치캔의 위상이 변화하고, 동원은 다양한 맛을 더한 참치캔을 개발하여 선보이고 있다. 참치캔은 고급식품은 아니지만 편의식품으로서의 자리를 굳건히 지키고 있다. 동원참치는 펭수와의 협업을 통해 제2의 전성기를 누리고 있다.",해외여행이 자유화되고 국민 소득이 증가함에 따라 동원이 다양한 맛을 더한 참치캔을 개발하여 선보이고 있다. 동원이 전통적이고 편이한 도시락이나 여행이이이이이이이이이이이이이이이이이이이이이이이이이이이이이이이이이이이이이이이이이이이이이이이이이이이이이이이이이이이이이이이이이이이이이이이이이이이이이이이이이이이이이이이이이이이이이이이이이이이이이이이이이이이이이이이이이이이이이이이이이이이이이이이이이이이이이이이이이이이이이이이이이이이이이이이이이이이이이이이이이이이이이,"해외여행 자유화와 국민 소득 상승으로 인해 참치캔의 위상이 변화하고, 동원은 다양한 맛을 더한 참치캔을 선보이며 편의식품 시장을 선도하고 있다. 동원은 참치를 건강식품으로 부각하고, 펭수와의 협업을 통해 브랜드 인지도를 높이고 있다. 펭수의 인기와 동원참치의 협업으로 펭수의 참치 마니아 이미지를 통해 참치의 인식을 희석하고 있다.","동원은 다양한 맛을 더한 참치캔을 개발하고, 편의식품 시장에서 단단한 입지를 유지하며 성장해왔다. 하지만 갖가지 편의식품 등장과 몸에 나쁘다는 인식 등으로 위기를 겪었으나, 참치를 건강식품으로 부각하여 대응했다. 최근에는 남극에서 온 펭귄인 펭수와의 협업을 통해 동원참치의 브랜드 이미지를 강화하고 있다.","동원참치가 살코기 캔 이외에 다양한 맛의 참치캔을 개발해 선보이며 편의식품 시장에서 굳건한 입지를 유지하고 있다. 도시락 반찬으로 인기를 끌던 참치캔은 갖가지 편의식품 등 출현으로 위기에 처했으나, 건강 식품으로 부각되어 임산부, 어린이 등에게 영양소 공급 권고도 하면서 2011년부터 연간 매출액은 크게 성장하여 농구 볼 수 있는 대형 참치캔까지 판매하는 것도 홍보하며 제2의 전성기를 기대할 수 있어 보인다. 후속적으로 동원차미와 만난",해외여행의 자유화와 국민 소득의 증가로 인해 동원의 참치캔은 다양한 맛을 추가한 제품을 선보이며 성장을 이뤘다. 2000년대 이후 다양한 편의식품이 등장하며 동원 참치캔의 입지는 위기를 맞이했지만 참치의 건강식품으로의 이미지를 강조하며 위기를 극복했다. 펭수와의 협업을 통해 동원 참치는 제2의 전성기를 맞이하게 되었다.,"해외여행의 자유화와 국민 소득의 상승으로 참치캔의 인기가 변화하며, 동원은 다양한 맛을 가진 참치캔을 개발해 선보이고 있다. 90년대부터 참치캔은 도시락 반찬으로 인기를 누리며, 편의식품 시장에서도 강하게 자리매김하고 있다. 동원F&B는 참치를 건강식품으로 강조하며, 펭수와의 협업으로 더욱 성장하고 있다.","국민 소득 상승과 해외여행 자유화로 인해 참치캔의 위상이 변화하였으며, 다양한 맛을 더한 참치캔이 개발되어 선보여지고 있다. 도시락 반찬으로 인기를 끌던 참치캔은 현재 여행이나 바캉스 등 편의식품으로 지속적인 성장을 보이고 있다. 또한 동원참치는 최근 인기 영상 크리에이터인 펭수와의 협업을 통해 제2의 전성기를 기대하고 있다.","해외여행이 자유화되면서 참치캔의 위상에 변화가 생겼으며, 동원은 다양한 맛을 더한 참치캔을 개발하여 선보였다. 90년대부터 학생들의 도시락 반찬으로 인기를 얻었던 참치캔은 편의식품 시장에서 단단한 입지를 유지하고 있으며, 동원F&B는 건강식품으로서의 참치를 강조함으로써 위기를 극복하기 위한 노력을 기울이고 있다. 최근에는 펭수와 협업하여 브랜드 이미지를 확대시키는 등 제2의 전성기를 누르려는 모습을 보이고 있다."