Article number,Title,Journalist,Date/Time,Content
606074,"[뱅크룸] 하나은행, 메타버스 클래스 사업 MOU 체결 외",이유진 기자,2023.07.06 11:36:03,6일 뱅크룸. ⓒ 프라임경제[프라임경제] 하나은행(086790)은 '메타버스 클래스 사업' 업무협약을 체결했다고 6일 밝혔다. 이날 신한은행(055550)은 '신한프렌즈 티셔츠 커스터마이징 콘테스트'를 개최한다고 발표했으며 KB국민은행(105560)은 '목요일엔 출석 체크하고 우산 선물하기' 캠페인을 실시한다고 밝혔다.하나은행은 컴투버스·솜씨당과 함께 메타버스 생태계 활성화를 위해 '메타버스 클래스 사업' 업무협약(MOU)을 체결했다. 이들은 이번 협약으로 교육 관련 콘텐츠인 '메타버스 클래스' 공동 개발과 메타버스 금융 인프라 구축 등을 추진한다. 특히 이들 3사는 메타버스에 참여한 소상공인 금융 지원과 사회적 취약계층 여가 생활 독려를 위해 협업을 지속할 계획이다.신한은행은 '신한프렌즈 티셔츠 커스터마이징 콘테스트'를 개최한다. 이번 콘테스트는 신한금융그룹 공식 캐릭터를 활용해 티셔츠를 직접 제작하고 우수작품을 선정하는 SNS 캐릭터 브랜드 캠페인이다. 참여는 인스타그램을 통해 가능하며 8월 중 최종 순위가 발표된다. 최종 선정 고객에게는 △여행상품권 △마이신한포인트 등이 제공될 예정이다.KB국민은행은 8월 말까지 '목요일엔 출석 체크하고 우산 선물하기' 캠페인을 실시한다. 이번 캠페인은 매주 목요일 리브Next에 출석체크해 참여할 수 있다. 캠페인 기간 중 출석체크를 하면 하트 10개가 기부처에 자동으로 기부된다. 적립된 하트는 수도권 아동복지시설 내 우산과 장마철 아동 지원 용품 마련에 활용될 예정이다. 캠페인 참여 고객에게는 추첨을 통해 △올리브영 기프트카드 △도서문화상품권을 제공할 계획이다.
605303,"[카드] 신한은행·인천도시공사, 클린페이 도입 MOU 체결",이유진 기자,2023.06.29 11:04:54,[프라임경제] 신한은행이 인천도시공사와 차세대 전자적 대금지급시스템 '클린페이' 도입을 위한 업무협약(MOU)을 체결했다고 29일 밝혔다.
606009,"새마을금고 위기설에…행안부 ""예·적금 안전하게 관리 중""",장민태 기자,2023.07.05 18:19:39,"새마을금고중앙회 전경. ⓒ 연합뉴스[프라임경제] 새마을금고 위기설이 점점 커지자 소관 기관인 행정안전부가 진화에 나섰다.5일 행정안전부(이하 행안부)는 ""새마을금고는 고객들 예·적금을 안전하게 관리하고 있다""며 ""철저한 관리를 통해 더욱 성장하는 새마을금고가 될 것을 약속드린다""고 밝혔다.행안부에 따르면 지난달 29일 기준 전체 새마을금고 대출금액은 총 196조8000억원이다. 이 중 연체된 금액은 약 12조1600억원(6.18%)로 역대 가장 높은 수준이다.여기에 남양주 동부 새마을금고가 담보대출 부실로 폐업해 인근 금고와 합병하자 불안이 확산하고 있다.이와 관련해 행안부는 ""새마을금고는 새마을금고법에 따라 1인당 5000만원까지 예금자보호를 하고 있다""며 ""일부 새마을금고에 문제가 있어도, 인근 금고와 인수합병(M&A)을 통해 우량화하고 있다""고 설명했다.5000만원 초과예금을 포함한 고객 예·적금은 합병된 새마을금고로 모두 이전되게 된다. 이 외에도 새마을금고는 고객 예·적금에 대한 지급보호를 위해 상환준비금제도를 운용 중이다. 현재 마련된 상환준비금은 약 13조3611억원이다.행안부는 ""더욱 안정적인 예금 지급 보장을 위해 상환준비금 의무 예치비율을 50%에서 80%로 상향하는 '새마을금고법' 개정이 추진되고 있다""고 말했다.이어 ""고객 요구시 언제든 예·적금을 지급할 수 있도록 새마을금고는 현재 예적금 대비 30%인 77조3000억원의 현금성 자산을 보유하고 있다""고 덧붙였다."
605628,"카카오뱅크, 주담대 대환 고객 '평균 321만원' 이자 절감",이유진 기자,2023.07.03 15:07:37,"[프라임경제] 대출자가 카카오뱅크(323410) 주택담보대출 대환을 통해 개인당 평균 321만원의 이자를 절감한 것으로 나타났다.3일 카카오뱅크에 따르면 주택담보대출(이하 주담대) 차주가 2월22일부터 6월30일까지 대출 갈아타기 금리 할인 혜택으로 총 252억원의 이자를 아꼈다. 카카오뱅크 주담대는 대환 시 최대 0.6%p 금리 할인 혜택을 제공한다.은행연합회 공시 기준 카카오뱅크가 지난 5월 취급한 분할상환방식 주택담보대출 평균 금리는 연3.88%로, 16개 은행 중 유일한 3%대 금리다.이러한 금리의 영향으로 전체 주택담보대출 신규 고객 중 대환 고객 비중은 작년 4분기(28%)에 비해 올해 2분기(54%) 두 배 수준으로 증가했다.카카오뱅크 주담대 대환 설문조사. ⓒ 카카오뱅크대환 고객 600여명을 대상으로 실시한 설문조사에 따르면 약 90%가 카카오뱅크 선택 이유에 관한 응답으로 '금리가 저렴하다'를 택했다. 실제 카카오뱅크 주택담보대출로 갈아탄 고객은 연 평균 약 321만원 이자 절감이 가능했던 탓이다.카카오뱅크 평균 실행금리는 연 3.8%로, 기존 대출의 평균 금리(연 5.1%) 대비 평균적으로 1.3%p 하락한 수치다.기타지방 고객이 대환대출을 통해 평균적으로 감면받은 금리는 1.38%포인트로 수도권·광역시 평균보다 높았다. 최대 2.415%포인트 낮은 금리를 적용받아 연간 약 480만원의 이자를 아낀 고객도 나타났다.또 기타지방 고객이 평균적으로 감면받은 금리는 1.38%p로 수도권·광역시 고객들의 평균 폭보다 높았다. 최대 2.415%p 낮은 금리를 적용받은 고객도 나타났다. 이는 연 약 480만원의 이자를 아꼈다는 분석이다.아울러 응답고객 중 약 77%는 '중도상환해약금이 없다'를 선택 이유로 꼽는 등 금융비용 절감에 관해 긍정적인 반응을 보였다. 앱을 통한 서류 제출의 편리함과 같은 비대면 대출의 편의성을 선택하기도 했다.이에 카카오뱅크는 중도상환해약금 면제를 연말까지 연장할 예정이다. 지지난 6월까지 중도상환해약금 면제를 통해 고객들에게 절감해준 비용은 63억원이다. 카카오뱅크는 앞으로 출시 예정인 보금자리론과 분양잔금대출 등에서도 실질적인 혜택을 적용할 방침이다."
605048,"[카드] NH농협은행, 우수 중소기업 브랜드 디자인 컨설팅 지원",이유진 기자,2023.06.27 10:51:25,[프라임경제] NH농협은행이 충청남도 서천군 소재 ㈜농민식품에 방문해 브랜드 디자인 컨설팅을 실시했다고 26일 밝혔다.
605956,[카드] KB국민카드‧k뱅크 'KB국민 톡톡 with Kbank 카드' 출시,이원지 기자,2023.07.05 15:28:39,[프라임경제] KB국민카드(사장 이창권)가 케이뱅크와 함께 'KB국민 톡톡 with Kbank 카드'를 출시했다고 5일 밝혔다.
605826,"[뱅크룸] 우리은행, 연체이자 납입시 원금상환 지원 외",이유진 기자,2023.07.04 17:12:20,"4일 뱅크룸. ⓒ 프라임경제[프라임경제] 우리은행(316140)이 연체고객 대상 원금상환 지원 프로그램을 실시한다고 4일 밝혔다. 이날 KB국민은행(105560)과 신한은행(055550)은 외화 관련 이벤트를 공개했다.우리은행은 '우리상생금융 3·3패키지' 일환으로 △개인 △개인사업자 △중소기업 금융비용 부담을 완화하기 위해 연체원금을 줄여주는 상생 프로그램을 실시한다. 이번 프로그램은 내달부터 1년간 실시되며 연체이자를 납부한 금액만큼 원금을 자동 상환해준다. 지원대상은 우리은행에 연체 중인 원화대출이며, 지원 한도 및 횟수에는 제한이 없다. 아울러 우리은행은 보증서 대출 신규 고객에게 첫달 이자를 전액 환급해주는 캐시백 이벤트도 진행할 계획이다.KB국민은행은 △KB스타뱅킹 △리브Next △국민은행 홈페이지 등 비대면 채널을 통해 환전 신청한 고객을 대상으로 이벤트를 진행한다. 환전 신청자는 KB스타뱅킹에서 '모바일 번호표'를 발행한 뒤 영업점에서 환전 금액을 수령하면 된다. KB국민은행은 이들을 추첨해 총 1000명에게 스타벅스 커피 쿠폰을 지급할 계획이다. 당첨자는 오는 9월15일 KB스타뱅킹에서 공개된다.신한은행은 외화 예·적금 상품 가입 고객을 대상으로 모두투어 여행상품 할인쿠폰을 제공하는 이벤트를 실시한다. 신한은행 외화 예·적금 상품인 △Someday(썸데이)외화적금 △신한 Value-up 외화적립예금 △외화정기예금 △신한 Value-up 외화회전정기예금 가입시 모두투어 해외여행 패키지 상품 3% 할인 쿠폰을 받을 수 있다. 이벤트는 12월 31일까지 진행될 예정이다."
605461,"대출·예금 금리, 6개월 만 동반 상승…신용대출 금리 '꿈틀'",이유진 기자,2023.06.30 14:37:34,"[프라임경제] 은행권 대출·예금 금리가 한국은행 기준금리 동결에도 불구하고 지난해 11월 이후 처음으로 동반 오름세를 보였다.한국은행이 30일 발표한 '금융기관 가중평균 금리'를 보면, 지난달 예금은행 저축성 수신평균금리(가중평균·신규취급액 기준)가 전월대비 0.13%p 상승한 연 3.56%를 기록했다.한국은행 전경. ⓒ한국은행이 가운데 정기예금 등 순수저축성예금 금리(3.50%)는 0.09%p, 금융채 등 시장형 금융상품 금리(3.71%)는 0.21%p 늘어났다.문제는 대출금리도 상승 전환했다는 점이다. 5월 예금은행의 전체 대출 평균금리(가중평균·신규취급액 기준)는 전월과 비교해 0.11%p 상승한 연 5.12%를 나타냈다.대출금리 상승은 약 6개월 만이다. 대출금리는 지난해 12월 5.57%를 기록한 이후 그동안 매달 하락했었다.대출금리 반등은 기업대출의 영향이 컸다. 기업대출 금리는 지난달 연 5.20%로 전월 대비 0.11%p 올랐다. 가계대출은 4.83%로 전월 대비 0.01%p 상승했다.가계대출 금리 소폭 상승은 일반신용대출을 제외한 △주택담보대출(이하 주담대) △집단대출 △전세자금대출 등의 금리가 모두 하락한 데 기인했다.주담대 금리(연 4.21%)는 전월 대비 0.03%p 떨어졌으며, 전세자금대출(연 4.09%)은 전월 대비 1.07%p 하락했다. 반면 일반신용대출 금리는 연 6.44%로 한 달 사이 0.14%p 올랐다.한국은행 박창현 금융통계팀장은 대출금리 동향과 관련해 ""기업대출의 경우 일부 예금은행의 고금리 대출 취급이 늘어난 데다 CD와 금융채 등이 상승한 영향""이라며 ""가계대출의 경우 주택담보대출과 전세자금대출은 내렸으나 중저신용자 신용대출 취급이 늘면서 일반신용대출이 상승했다""고 설명했다.또 주택담보대출 금리에 대해 ""코픽스(COFIX)는 0.05%p 떨어졌지만, 은행채 5년물 금리는 0.06%p 오르는 등 지표금리별 등락이 엇갈렸다""며 ""여기에 일부 예금은행 특판 행사와 우대금리 확대 등이 더해져 가계 주택담보대출 금리가 소폭 하락한 것""이라고 덧붙였다.한편, 비은행금융기관 대출금리는 △저축은행 △신협 △상호금융 △새마을금고 모두 일제히 0.1%p 안팎 내림세를 보인 것으로 분석된다."
605407,"흥국화재 우선주, 상장폐지 목전…""배당 한번 없어"" 분통",전대현 기자,2023.06.29 21:17:28,"[프라임경제] 한국거래소가 흥국화재2우B(000547, 2우선주) 상장폐지 우려를 공시하면서 해당 주가가 요동치고 있다. 지난해 말 관리종목으로 지정된 이후에도 흥국화재가 별 다른 대응책을 내놓지 않으면서 투기 종목으로 전락, 투자자 피해가 가중되고 있다.29일 금융감독원 전자공시시스템에 따르면 흥국화재2우선주는 상장주식수 미달(20만주 미만)로 상장폐지 위기에 놓였다. 30일까지 상장주식수를 충족하지 못하면 7월3일 상장폐지 수순을 밟게 된다.금융당국은 2020년 투자자 보호를 위해 우선주 관리종목 선정 기준을 기존 5만에서 20만으로 높였다. 흥국화재2우선주는 지난해 말 관리종목으로 지정된 이후 관련 기준을 충족하지 못하고 있다. 2우선주 상장주식 수는 15만3600주로 4만6400주가 부족하다.2우선주가 상장폐지되지 않으려면 이달 내로 유상증자나 액면분할 등을 통해 주식 수를 늘려야한다. 그러나 주식을 일정 비율로 쪼개는 액면분할은 보통주도 함께 진행해야 해 부담이 크다. 유상증자는 주식가치 희석을 감수해야 한다.흥국화재 본사 전경. ⓒ 흥국화재업계는 흥국화재가 투자자 보호를 위해 추가 유상증자나 액면분할을 할 가능성은 없다고 판단한다. 실제로 흥국화재는 유상증자, 액면분할 등으로 주식을 추가 발행하는 등의 계획을 고려하지 않는 것으로 알려졌기 때문이다. 내달 3~5일까지 상장폐지 예고기간을 갖고 6일부터 14일까지 정리매매가 진행된다. 상장폐지는 15일에 이뤄질 예정이다.이에 주가는 매일 같이 요동치고 있다. 지난 3월 1만9100원을 기록했던 2우선주는 6월29일 9480원으로 바닥을 쳤다. 29일 기준 최고가와 최저가 변동 폭도 10%를 넘게 오가면서 투기세력의 놀이터가 됐다는 평가다.문제는 흥국화재가 2우선주에 단 한 번도 배당을 실시한 적이 없다는 점이다. 우선주는 보통주와 달리 의결권이 없는 대신 이익 배당 순위가 높고 배당금을 많이 준다는 장점이 있는데, 단 한 번도 배당을 실시하지 않았다. 투자자들이 분통을 터트리는 이유다.흥국화재2우선주에 투자한 A씨는 ""우선주라고 해서 믿고 투자했더니 배당금은커녕 피만 봤다""며 ""다시는 쳐다보고 싶지도 않아 정리매매 기간도 없이 그냥 없애버렸으면 좋겠다""고 하소연했다.또 다른 투자자 B씨는 ""흥국화재가 기존 투자자들의 피해 예방을 위한 최소한의 자세도 보이지 않았다""며 ""결국 계열사 자금 조달을 위한 수단으로만 활용하고 상장폐지에 들어가니 속은 기분이다""라고 토로했다."
605603,해외여행 의향 급증…선호 여행지·결제방식 변화 '눈길',전대현 기자,2023.07.03 12:25:05,"[프라임경제] 코로나19 엔데믹 국면에 접어들면서 억눌렸던 해외여행 수요가 폭발하는 모습이다. 비대면 문화 확산 등으로 인해 결제 수단 방식과 인기 해외 여행지도 변화하고 있어 눈길을 끈다.3일 글로벌 결제기술기업 비자(Visa)가 전국 만 18세 이상 성인남녀 1000명을 대상으로 조사한 해외여행 동향 조사 결과에 따르면, 1년 이내에 해외여행을 떠날 계획이 있다고 답한 비율은 전체 응답자의 55.1%다. 지난해 응답 46.4%보다 8.7%p 증가한 수치다.코로나19 엔데믹 국면에 접어들면서 억눌렸던 해외여행 수요가 폭발하고 있다. ⓒ 연합뉴스주요 결제수단은 현지 화폐보다 신용카드를 선호하는 모습을 보였다. 1년 내 해외여행 계획이 있는 응답자들이 뽑은 '해외여행 시 사용 예정인 결제 수단'은 신용카드가 77.7%, 현지 화폐는 61.6%로 나타났다. 화폐 73%, 신용카드 62%의 응답률을 기록했던 지난해와는 대조적이다. 코로나19 이후 비현금 결제에 대한 선호도가 높아진 영향으로 풀이된다.다음으로는 △모바일 페이(18.8%) △체크카드(15.3%) △모바일 애플리케이션 카드(13.2%) △선불카드(4.2%) 순으로 높은 응답률을 보였다. 모바일 페이를 사용하겠다고 응답한 비율은 신용카드나 현지 화폐에 비해서는 낮았지만, 전년 대비 5.7%p 증가하고 순위도 한 단계 상승했다.비자는 ""신용카드 사용이 보편화됨에 따라 해외 여행지에서 현금 사용은 점차 감소할 것""이라며 ""모바일 페이 역시 향후 해외 여행지 결제 수단으로 적극 활용될 것으로 보인다""고 전망했다.항공권 및 호텔 숙박 비용을 제외한 순수 경비에 대해 질문한 결과 100만원 이상 사용하겠다고 응답한 비율은 60.8%에 달했다. 구간 별로 살펴보면 △50만~100만원(29,8%) △100만~200만원(26%) △200만~300만원(16.4%) △50만원 미만(9.4%) 순이었다.해외여행 선호 결제수단 조사 표. ⓒ 비자 코리아선호도가 높은 여행지는 △일본(26.7%) △호주(12.9%) △베트남(6.3%)으로 나타났다. 일본은 지난해와 올해 모두 한국인이 가장 선호하는 여행지로 확인됐다. 태국(5.4%), 미국(4.8%), 하와이(4.5%), 싱가포르(2.8%) 순으로 높은 선호도를 기록했다.특히 올해는 지난해 상위 10위권에 포함되지 않았던 호주가 2위를 차지한 점이 눈에 띈다.  시드니를 비롯해 △멜버른 △크레이트오션로드 △브리즈번 △퍼스 등 호주 현지에 대한 국내 인지도가 상승한 영향과, 이달 하순 FIFA 여자 월드컵 축구대회를 앞두고 있는 점 등이 영향을 끼친 것으로 분석된다.패트릭 스토리 비자 코리아 사장은 ""전 세계가 엔데믹에 접어듦에 따라 해외여행에 대한 국내 소비자들의 관심과 수요가 지난해보다도 더욱 증가하고 있다는 점을 확인할 수 있었다""고 말했다."
605442,연간 피해액만 1조원…보험사기방지법 개정 논의 제자리,전대현 기자,2023.06.30 13:04:43,"[프라임경제] 연간 보험사기 피해액이 1조원을 넘어섰지만, 이를 방지하는 법률 개정 논의는 제자리 걸음이다. 보험사기가 늘수록 일반 가입자의 보험료 역시 인상될 우려가 커 관련 법률 개정이 필요하다는 지적이 나온다.6월30일 금융감독원에 따르면 보험사기 적발 금액은 꾸준히 상승 추세다. 2018년 7982억원이었던 보험사기 규모는 △2019년 8809억원 △2020년 8986억원 △2021년 9434억원을 기록했다. 지난해에는 1조818억원을 기록하면서 사상 최대 수준으로 뛰어올랐다.그러나 보험사기 방지를 위한 특별법 개정은 이뤄지지 않고 있다. 6월27일 국회 정무위원회 법안심사제1소위원회는 보험사기방지 특별법 개정안 논의를 또다시 미뤘다. 보험사기·범죄와 보험금 누수를 막기 위한 '보험사기방지 특별법' 개정안은 충분한 논의가 필요하다는 게 이유다. 개정 논의는 7년째 계류된 상태다.금융감독원에 따르면 지난해 보험사기 적발금액이 1조원대를 넘어섰다. ⓒ 연합뉴스현재 발의돼 있는 보험사기방지법 개정안에는 △보험사기 유죄시 부당편취 보험금 반환 및 계약 해지 △보험사기 이득액의 2~3배 규모 벌금 부과 및 징역형 병과 △보험사기 유죄 확정판결 시 보험계약 해지 △보험사기업자 명단 공표 등의 내용이 담겼다.다음 법안소위는 7월4일로 관련 개정안 논의는 첫 번째 안건으로 올라갈 것으로 알려졌다.업계는 이미 오래 전부터 답보 상태가 이어져 온 보험사기방지 특별법 개정안이 지속적으로 우선순위에서 밀리고 있다고 지탄한다. 실제로 보험사기방지 특별법은 2016년 제정된 후 단 한 차례도 개정이 이뤄지지 않았다. 2020년부터 개정안이 꾸준히 발의됐지만, 본격적인 논의는 이뤄지지 못했다.날이 갈수록 보험사기 수법은 교묘해지는데, 관련법은 이를 뒤따라가지 못하는 실정이다. 지난해 금감원이 적발한 보험사기 가담인원은 10만2679명으로 전년 대비 약 5000명 늘었다. 보험사기방지 특별법이 제정됐음에도 꾸준히 늘어나면서 사회 문제로 대두되고 있다.사기 유형도 다양해졌다. 지난해 적발된 보험사기를 유형 별로 살펴보면 △사고내용 조작 61.8%(6681억원) △허위사고 17.7%(1914억원) △고의사고 14.4%(1553억원) 순으로 나타났다.윤창현 국민의힘 의원실에 따르면 보험사기방지법이 시행되고, 보험사기 액수가 10% 줄어든다면 6000억원가량의 보험료가 절감될 것으로 보고 있다. 보험사기로 인한 범죄뿐 아니라 선량한 보험 가입자의 피해도 줄일 수 있을 것으로 기대된다.보험업계 관계자는 ""보험사기방지법이 개정된다면 보험금 누수 방지를 통해 보험료가 상당히 절감될 것으로 예상한다""며 ""이는 곧 불필요한 비용을 줄어드는 것을 의미하는 만큼 소비자에게 보다 넓은 범위를 보장해주는 보험을 내놓을 수 있을 것""이라고 말했다."
605729,"한은 ""향후 물가 상승률 3% 안팎…근원물가, 전망치 웃돌 수도""",장민태 기자,2023.07.04 10:24:59,"서울 중구 소재 한국은행 본부 전경. ⓒ 한국은행[프라임경제] 한국은행이 2%대를 기록한 소비자물가 상승률과 관련해 향후 다시 높아질 것이라는 예상을 내놓았다. 근원물가 상승률은 연간 전망치인 3.3%를 상회할 수 있을 것으로 봤다.4일 한국은행(이하 한은)은 김웅 부총재보 주재로 '물가 상황 점검회의'를 개최했다. 이 회의는 앞서 통계청에서 발표한 소비자물가를 살펴보고 향후 흐름을 점검하기 위해 마련됐다.이날 통계청에 따르면 지난달 소비자물가지수는 111.21(2020=100)로 전년 동월 대비 2.7% 올랐다. 소비자물가 상승률이 2%대를 기록한 건 약 21개월 만이다.김 부총재보는 ""6월 소비자물가 상승률은 기저효과가 크게 작용하면서 예상대로 2%대로 둔화했다""며 ""근원물가 상승률도 완만한 집세 둔화 흐름이 이어지는 가운데 개인서비스물가 오름폭 축소 등으로 둔화 폭이 확대됐다""고 말했다.근원물가 상승률은 지난 5월 3.9%를 기록해 전월 대비 0.1%p 낮아졌지만, 지난달에는 3.5%로 집계돼 전월 대비 0.4%p 하락했다. 실제로 둔화 폭이 확대되고 있다. 한은은 지난 5월25일 근원물가 연간 전망치로 3.3%를 내놓았다.김 부총재보는 ""향후 소비자물가 상승률은 이달까지 둔화흐름을 이어가겠으나 이후 다시 높아져 연말까지 3% 안팎에서 등락할 것으로 예상된다""며 ""근원물가는 완만한 둔화 흐름을 나타내는 가운데 지난 전망경로를 다소 상회할 수 있다""고 분석했다.이어 ""물가 경로상에는 △국제유가 추이 △국내외 경기흐름 △공공요금 조정 등과 관련한 불확실성이 높은 상황""이라고 덧붙였다."
605339,"'상생 강조' 이복현 금감원장, 2금융권 자금공급 역할 주문",전대현 기자,2023.06.29 14:59:54,"[프라임경제] 이복현 금융감독원장이 제2금융권을 대상으로 취약계층에 대한 자금공급을 과도하게 위축되지 않도록 노력해달라고 당부했다.29일 이복현 금감원장은 '우리카드 상생금융 출시 기념 취약계층 후원금 전달 및 소상공인 간담회'에 참석했다.영등포 굿네이버스 본사에서 열린 행사에는 이복현 금감원장을 비롯해 △오세희 소상공인연합회장 △김중곤 굿네이버스 사무총장 △임종룡 우리금융그룹 회장 △박완식 우리카드 사장 △박상원 금융감독원 부원장보 △소상공인 대표 등이 참석했다.29일 영등포 굿네이버스 본사에서 이복현 금융감독원장이 제2금융권을 대상으로 취약계층에 대한 자금공급을 과도하게 위축되지 않도록 노력해달라고 당부했다. = 전대현 기자행사에서 이복현 원장은 ""최근 제2금융권이 연체율 상승으로 인해 건전성 관리에 만전을 기할 필요가 있다""면서도 ""합리적인 여신 심사를 통해 서민 자금공급이라는 본연의 역할에 충실해야 한다""고 강조했다.이날 우리금융지주 자회사 우리카드가 업계 최초로 금융 취약계층과 다양한 지원 방안을 담은 '상생금융 1호' 지원책을 출시하자, 타 카드사도 금융부담 경감과 재기를 위해 취약계층 지원에 나서 달라고 촉구한 것이다.이 원장은 ""현재 소상공인은 새로운 대출을 받기도, 기존 채무를 상환하기도 어려운 상황""이라며 ""이럴 때일수록 금융사들이 '비 올 때 우산 뺏기' 식으로 대응하기보다는 동반자적 입장에서 소상공인의 금융부담 경감과 재기를 위해 적극 지원해야 한다""고 말했다.특히 카드사들이 높은 연체율과 조달금리 상승 등으로 인한 업황 악화로 자금공급 위축이 우려되자 이같은 발언을 한 것으로 풀이된다.우리카드가 상생금융 지원책을 내놓으면서 카드 관련 논의에 더욱 속도가 날 전망이다. 지원책에는 금융 취약 계층 대상 채무 정상화 지원 프로그램 및 소상공인 대상 마케팅 지원 등 실질적으로 체감할 수 있는 방안이 담겼다. 총 지원규모는 2200억원이다.이복현 금감원장이 '우리카드 상생금융 출시 기념 취약계층 후원금 전달 및 소상공인 간담회'에 참석했다. ⓒ 우리카드우리카드는 채무상환에 어려움을 겪고 있는 금융 취약계층 대상으로 채무 정상화 프로그램을 운영한다. 연채채권 감면비율을 10%p 일괄 확대하고 전세사기 피해 등 현저한 어려움에 처한 고객에 대해서는 최대 70% 채무 감면을 실시한다.기존 대환대출 대비 50% 금리 인하한 상생론을 출시하고, 연소득 2000만원 이하 저소득 고객에 대하여 신용대출금리를 기존대비 4%p 인하한다.영세·중소 소상공인에 대해서는 사업자금 용도 기업카드 이용 시 카드 이용대금의 1%를 할인 청구한다. 점주 인근 상권 및 고객 분석 리포트 제공 및 우리카드 고객 대상 홍보를 무상으로 제공해 실질적인 소상공인의 매출 증대를 지원한다.이날 우리카드는 취약 계층 실생활 지원을 위한 소상공인 물품 구매 후원금 2억원 굿네이버스에 기부했다. 향후 상생금융 전담조직과 상담센터를 신설해 다양한 상생금융 방안을 지속적으로 발굴, 추진할 예정이다. 채무 재조정 및 정상화 지원에도 적극 나설 계획이다.임종룡 우리금융지주(316140) 회장은 ""은행권을 시작으로 상생금융이 금융권 전반으로 확산하는데, 카드업계에서는 우리카드가 바통을 이어가고자 한다""며 ""우리카드는 앞으로도 금융 취약계층을 위한 상생금융 실천에 앞장서겠다""고 약속했다.우리카드가 영세소상공인과 취약계층 지원을 위해 굿네이버스에 2억원을 기부했다. ⓒ 우리카드박완식 우리카드 대표는 ""상생 경영 전담 조직을 신설해 금융 취약계층과 소상공인을 위한 다양한 지원 사업을 지속 발굴하겠다""며 ""장기적으로 금융 자립을 돕고 선순환할 수 있는 발판 마련이 됐으면 좋겠다""고 전했다.이에 대해 이 원장은 우리카드의 상생 금융방안에 감사를 표하면서 금융권 전반에 이러한 노력이 확산하기를 기대한다고 화답했다.아울러 이 원장은 금융회사들에 9월 채무 상환유예 종료 시 연착륙을 위한 철저한 준비를 당부했다. 앞서 금융당국은 상환유예 이용 금액과 관련해 차주의 상환계획서에 따라 최장 2028년 9월까지 분할 상환이 가능하도록 하는 연착륙 지원방안을 마련했다.이 원장은 ""채무 상환유예 조치가 종료되더라도 크게 걱정할 일은 없을 것으로 생각한다""며 ""연착륙의 원활한 진행을 위해서는 금융회사들이 차주별 상환계획서를 현실성 있고 내실있게 준비하는 것이 중요하다""고 강조했다.이어 ""이 자리가 금융회사와 금융소비자가 상생금융을 통해 서로 윈윈(Win-Win)할 수 있는 좋은 계기가 되길 바란다""며 ""오늘 간담회에서 논의된 의견도 소상공인 등 취약계층 지원정책 등에 적극 반영해 추진하겠다""고 말을 맺었다."
605322,[보험 TMI] KB손해보험·AXA손해보험·한화생명 외,전대현 기자,2023.06.29 13:23:05,"[프라임경제]보험 시장은 국민 대다수가 가입할 만큼 풍부한 수요를 확보했음에도, 치열한 경쟁이 펼쳐지는 '레드오션'으로 꼽힌다. 이에 보험사는 시장 내 입지 확보 차원에서 각종 새로운 상품과 마케팅과 같은 프로모션을 쏟아내고 있다. 본지는 'T·M·I(Too Much Insurance)'를 통해 보험사 정보를 들려주고자 한다.오늘의 보험 TMI 주인공 △KB손해보험 △AXA손해보험 △한화생명 △NH농협생명◆노인 교통안전 '앞장' KB손해보험, 안전용품 전달KB손해보험은 노인 교통안전을 위한 '반짝반짝 캠페인'을 열고 서울 영등포경찰서에서 폐지수거 어르신들에게 안전용품 전달식을 28일 진행했다. 전달식에는 최선영 KB손해보험 ESG전략 유닛장, 장동환 영등포경찰서 교통과장 경정 등 관계자들이 참석했다.통계청에 따르면 한국은 OECD 회원국 중 노인 빈곤율 1위다. 노인 상당수가 폐지·고철·빈 병을 수거해 생계를 유지한다. 폐지수거를 위해 늦은 밤 손수레를 이끌고 도로 위를 지나는 경우 야간 식별이 어려워 교통사고 위험에 노출되고 있다.KB손해보험이 폐찌수거 어르신 안전용품 지원사업을 28일 진행했다. ⓒ KB손해보험현행 도로교통법상 폐지수거 손수레는 차마로 분류돼 도로 위로 통행해야 한다. 이를 어길 시 범칙금이 부과된다. 폐지수거 취약계층에 대한 사회적 관심이 높아지고 있지만 제대로 보호받지 못하는 인원이 많은 것으로 파악되고 있다.KB손해보험은 폐지수거 취약계층을 위해 △안전조끼 △야광 밧줄 △장갑 △마스크 등 교통안전 물품 200세트를 구성해 영등포경찰서에 전달했다. 아울러KB손해보험은 '반짝반짝 캠페인'을 통해 폐지수거 어르신들이 지켜야 할 4가지 약속에 대한 교육도 함께 진행할 예정이다. 4가지 약속은 △야광 안전용품 사용하기 △무단횡단·신호위반 안 하기 △손수레 갓길 및 역주행 안 하기 △시야를 가릴 정도의 폐지 적재 안 하기다.◆AXA손해보험, 국가서비스대상 자동차보험 부문 대상AXA손해보험은 AXA다이렉트자동차보험이 '2023 국가서비스대상' 자동차보험 부문 대상을 4년 연속 수상했다고 29일 밝혔다.국가서비스대상은 산업정책연구원(IPS)이 △기업의 서비스 가치 △고객만족도 △마케팅·커뮤니케이션 활동을 평가해 각 산업별로 고객들에게 우수한 서비스를 제공하고 그 가치를 인정받은 서비스를 선정해 발표한다.AXA손해보험, 국가서비스대상 자동차보험 부문 대상을 4년 연속 수상했다. ⓒ AXA손해보험AXA다이렉트자동차보험은 고객들로부터 신뢰와 만족도가 높은 서비스로 인정받아 국가서비스대상 자동차 부분 대상에 선정됐다. 사고 상황에서 신속하고 효율적인 대응을 돕는 데 기여한 점을 높이 평가받았다.악사손보는 2001년 국내 최초 다이렉트 자동차보험을 선보였다. 전 세계 1억명 고객을 케어한 노하우를 바탕으로 다양한 상품과 서비스를 선보이고 있다. 보험 업계에서 3년 수리 보증 서비스, 1:1 보상 상담 서비스 등도 앞장서 도입하면서 높은 신뢰를 받고 있다.◆한화생명, VIP 고객 서비스 기부금 전달식 개최한화생명(088350)이 28일 한국백혈병소아암협회와 서울 여의도 63빌딩 FA센터에서 '2023 한화생명 VIP 고객 서비스 기부금 전달식'을 열었다.행사에는 한화생명 김정수 마케팅실장과 한국백혈병소아암협회 정영기 경인지회장 등 양사 관계자가 참석했다. 올해는 VIP 고객 73명과 한화생명이 각각 736만원씩 기부해 총 1472만원의 기부금을 마련했다.한화생명이 '2023 한화생명 VIP 고객 서비스 기부금 전달식'을 28일 열었다. ⓒ 한화생명VIP 고객 서비스는 회사가 일정 금액 이상의 고액 보험 가입자들에게 감사 선물을 제공하는 제도다. VIP 고객은 본인이 받을 서비스 대신 기부를 선택할 수 있다. 한화생명도 기부를 선택한 VIP 고객들의 기부 액수와 같은 금액을 적립하는 1대1 '매칭 그랜트' 방식으로 후원에 동참하고 있다.한화생명은 2014년 '한화생명 VIP 서비스 기부'를 도입해 백혈병·소아암 환아 치료비를 후원하고 있다. 기부에 동참한 누적 VIP 고객 수는 647명, 기부 금액은 1억2540만원이다. 백혈병·소아암 환아 16명이 치료비 지원을 받았다. 올해 기부금은 한국백혈병소아암협회를 통해 소아암으로 투병 중인 2명의 환우에게 전달될 예정이다.◆NH농협생명, 집중호우 피해 입은 함평군 복구 지원NH농협생명이 28일 집중호우로 큰 피해를 입은 전라남도 함평군을 찾아 현장점검에 나섰다.윤해진 NH농협생명 대표이사는 최종선 함평농협 조합장과 침수피해를 입은 우렁이 양식장을 직접 방문해 상황을 점검하고 대책마련을 논의했다. 피해를 입은 농업인 및 주민들의 목소리를 듣고 현장 복구를 위한 인력지원을 약속했다. 복구물품 및 생필품 기부도 실시했다.NH농협생명 임직원들이 28일 집중호우로 큰 피해를 입은 전라남도 함평군을 방문했다. ⓒ NH농협생명금융지원도 실시한다. 금번 집중호우로 인한 피해자를 대상으로 보험료 납입유예를 7월1일부터 9월31일까지 실시한다. 신청 당월을 포함해 최대 6개월까지 유예할 수 있다. 유예기간이 지난 이후 2개월까지 분납할 수 있다. 실효상태인 계약 부활 시에도 연체이자를 면제받을 수 있다.아울러 여신지원 대책도 마련했다. 기존 대출자가 당초 대출취급 시와 동일한 채권보전조건을 충족하고 있는 경우 신용등급에 관계없이 대출 기한을 연장할 수 있다. 이자납입(연체이자 제외)은 최종이자 상환일로부터 6개월 동안 유예할 수 있다. 할부상환금 납입도 할부금상환기간 내 할부금납입일로부터 최장 6개월 유예 가능하다. 지원 신청은 9월30일까지다."
605070,"""2대 중 1대는 무보험"" 금융당국, 오토바이 보험체계 손질",전대현 기자,2023.06.27 13:02:29,"[프라임경제] 비싼 보험료로 인해 이륜차보험 가입을 하지 못하는 배달종사자들이 늘면서 보장 사각지대가 커지고 있다. 사고 발생 시 보상을 받을 수 있는 이륜차 운전자가 전체의 절반에 불과해 금융당국이 보험가입률 제고에 나섰다.27일 금융감독원은 이륜차 운전자의 보험료 부담을 완화하고 보험가입률을 제고하기 위해 보험업계와 '이륜차보험료 산정체계 개선방안'을 마련했다. 지난해 말 기준 이륜차 의무보험(대인Ⅰ, 대물) 가입률이 51.8%에 불과해 보장 사각지대가 크다는 지적이 잇따랐기 때문이다.이륜차는 구조적 특성으로 자동차와 비교해 사고율이 1.2배 높다. 사고발생시 큰 부상으로 이어질 가능성(사망률2.7배, 중상률 1.3배)도 높아 그간 보험료가 높게 산정됐다.배달원들이 서울 종로구 종각 젊음의거리 인근에서 배달 중 잠시 정차하고 있다. ⓒ 연합뉴스실제로 가정용 평균보험료는 22만원 수준이지만, 배달 등 생업용 평균보험료는 10배가 넘는 224만원에 달한다. 이에 윤석열 대통령도 배달플랫폼 노동자의 보험료 부담 완화를 통한 보장 사각지대 해소를 국정과제로 내걸었다.개선된 이륜차보험료 산정체계는 △최초가입자 보호할인등급 신설 △단체할인·할증제도 △시간제보험활성화를 골자로 한다.이륜차보험은 자동차보험과 달리 사고다발자 등에 대한 할증등급이 없었다. 기본등급(11등급)과 할인등급(12~26등급)만 존재했다. 최초가입자는 사고다발자와 같은 11등급으로 적용돼 보험료부담이 가중돼왔다. 이에 금융당국은 이륜차보험 최초 가입 시 적용하는 보호할인등급(11N)을 신설해 최초가입자의 보험료 부담을 약 20% 완화한다는 방침이다. 내달 1일 이후 체결되는 보험계약에 적용된다.아울러 이륜차보험에는 자동차보험과 달리 소속 차량 전체의 손해율 실적을 기초로 보험료를 산출하는 단체할인·할증제도가 없어 법인이 안전교육 등으로 사고를 예방하더라도 보험료 할인을 받기 어려웠다.이에 단체할인·할증제도를 도입해 소속 운전자에 대한 안전교육 등 적극적 위험관리를 통해 손해율이 개선되는 단체는 충분한 보험료 할인 혜택을 받을 수 있도록 했다. 적용대상은 법인소유 유상운송(요금이나 대가목적 사용) 이륜차의 평균유효대수가 10대 이상인 업체다. 내년 4월1일 이후 체결되는 보험계약에 적용될 예정으로, 손해율이 양호한 단체의 경우 보험료 할인을 즉시 적용한다는 계획이다.파트타임 배달노동자에 대한 시간제보험도 활성화한다. 원하는 시간대에만 배달을 하는 파트타임 배달노동자들은 시간제보험 판매사가 많지 않아 가입에 어려움을 겪었다.금융당국은 파트타임 배달노동자의 시간제보험 가입에 어려움이 없도록 판매 보험사를 확대하고 있다. 2021년 기준 2곳에 불과하던 시간제보험 판매사는 현재 6곳으로 늘었다. 향후 지속적인 확대를 추진할 계획이다.금감원 관계자는 ""이번 이륜차보험 산정체계 개선을 통해 운전자의 보험료 부담이 완화될 것으로 전망한다""며 ""보험 가입률이 제고돼 보장 사각지대가 해소될 것으로 기대하고 있다""고 말했다.한편 이륜차 보유자는 배기량 등에 상관없이 누구나 의무보험에 가입해야 한다. 미가입시 300만원 이하의 과태가 부과되며, 운행 중 적발시 1년 이하의 징역 또는 1000만원 이하의 벌금에 처해질 수 있다."
604983,[보험 TMI ] AIA생명·KB손해보험·동양생명,전대현 기자,2023.06.26 16:50:59,"[프라임경제]보험 시장은 국민 대다수가 가입할 만큼 풍부한 수요를 확보했음에도, 치열한 경쟁이 펼쳐지는 '레드오션'으로 꼽힌다. 이에 보험사는 시장 내 입지 확보 차원에서 각종 새로운 상품과 마케팅과 같은 프로모션을 쏟아내고 있다. 본지는 'T·M·I(Too Much Insurance)'를 통해 보험사 정보를 들려주고자 한다.오늘의 보험 TMI 주인공 △AIA생명 △KB손해보험 △동양생명◆AIA생명 '노 플라스틱 한강 줍깅 행사' 개최AIA생명은 6월 환경의 달을 맞아 지난 23일 임직원과 함께 '노 플라스틱 한강 줍깅 행사'를 진행했다.'노 플라스틱 한강 줍깅 행사'는 AIA생명이 서울시자원봉사센터와 손잡고 올해 처음 진행하는 캠페인이다. 임직원들이 쓰레기 정화활동을 통해 환경에 대한 의미를 되새기고자 마련했다.AIA생명이 지난 23일 반포 한강공원 일대에서 '노 플라스틱 한강 줍깅 행사'를 진행했다. ⓒ AIA생명행사는 네이슨 촹 대표이사를 비롯해 AIA생명 임직원 70여명이 참가했다. 반포 한강공원 일대를 걸으면서 쓰레기를 수거하고 주변 환경을 정리했다. △비닐봉지 △담배꽁초 △일회용 제품 등 한강에 버려진 다양한 쓰레기를 수거해 환경 정화에 힘을 보탰다.AIA생명 관계자는 ""AIA생명은 임직원이 참여한 이번 활동을 통해 '나와 우리를 위한' 건강과 환경을 고민하는 ESG 경영이 기업 내부에 자연스럽게 정착되길 희망한다""며 ""AIA생명은 더 많은 사람이 '더 건강하게, 더 오랫동안, 더 나은 삶'을 누릴 수 있도록 다양한 ESG 활동을 지속해 나갈 것""이라고 전했다.◆'유기동물 보호 앞장' KB손해보험, 이동의료차량 지원KB손해보험이 유기동물 원스톱 의료 서비스 구축을 위한 이동의료차량을 국경없는 수의사회에 기증했다고 밝혔다.KB손해보험은 지난 25일 용인시 처인구 백암면 행강 유기동물 보호소에서 임직원을 비롯해 김재영 국경없는 수의사회 대표 등이 참여한 가운데 이동의료차량 전달식을 진행했다. 이동의료차량 지원에 따라 동물 의료서비스를 제공받기 힘든 도서산간 지역의 사설 보호소 유기동물들에게 위생적이고 전문적인 의료 서비스를 지원할 수 있게 됐다.KB손해보험이 유기동물 원스톱 의료 서비스 구축을 위한 이동의료차량을 국경없는 수의사회에 기증했다. ⓒ KB손해보험이동의료차량 전달식 이후에는 KB손해보험 임직원 가족들과 국경없는 수의사회 회원 등 총 160명이 △보호소 환경 정리 △유기견 산책 △의료 봉사 등 다양한 돌봄 활동을 진행했다.KB손해보험이 진행하는 유기동물 원스톱 의료서비스를 위한 이동의료차량 지원과 유기동물 돌봄 봉사활동은 이달 초 출시한 ‘KB금쪽같은 펫보험’과 방향을 같이 한다. 보험 상품과 연계한 사회공헌 사업의 추진을 통해 동물 보호에 대한 진정성을 보이겠다는 취지이다.KB손해보험 관계자는 ""코로나 이후 반려동물의 파양, 유기가 지속 증가하고 있어 의료서비스의 편차가 상당히 크다""며 ""KB손해보험은 유기동물이 적절한 의료서비스를 받을 수 있는 환경 조성을 통해 동물의 복지 향상과 더불어 살아가는 따뜻한 사회를 만들기 위해 지속적으로 노력하겠다""고 말했다.​◆""차별화 서비스 제공"" 동양생명, 고객우대서비스 개편동양생명(082640)이 기존 고객우대서비스를 확대·개편한 고객제도를 26일부터 시행한다. 차별화 서비스를 제공하고 우수고객에 대한 가치를 더욱 높이기 위함이다.2019년 마련된 기존 고객제도는 △플래티넘 △골드VIP △골드스타 △패밀리 4개 등급으로 구분돼 등급별 차별화된 서비스를 제공해왔다. 새로운 우수고객제도는 △블랙 △레드 △블루 △그린 △화이트 5개 등급으로 개편했다. 최상위 등급인 블랙등급 신설해 우수고객에 대한 가치를 더욱 높였다.동양생명이 기존 고객우대서비스를 확대·개편한 고객제도를 26일부터 시행한다. ⓒ 동양생명서비스 질도 높였다. 고객들의 건강한 삶을 지원하고자 △치매케어 △암케어 △간병케어와 같이 헬스케어와 연계된 서비스를 추가했다. 전문강사가 함께하는 테니스클래스와 가족걷기행사와 같은 건강관련 오프라인 이벤트를 통한 서비스도 마련했다.또한 기존 상위 2개 등급에게만 제공되던 건강검진 우대예약 및 장례용품 지원서비스도 화이트등급을 제외한 등급고객에게 제공될 수 있도록 수혜 고객범위를 확대한다. 우수고객 대상 오프라인 강연 및 클래스 등도 마련할 계획이다."
605762,"공정위, 시중은행 국고채 입찰과정 담합 조사",장민태 기자,2023.07.04 13:32:59,"ⓒ 연합뉴스[프라임경제] 공정거래위원회(이하 공정위)가 시중은행 대상으로 국고채 입찰 담합 여부 조사에 나섰다.4일 금융권에 따르면 최근 공정위 카르텔조사국이 5개(제일·하나·농협·산업·기업) 은행과 5개(교보·대신·신한·한국·DB) 증권사를 현장조사했다. 이번 조사는 국고채 입찰과정에서 부당한 정보 교환 또는 담합을 했는지 여부가 중점인 것으로 알려졌다.공정위 관계자는 ""조사 중인 사건에 대해서는 사실 여부를 확인해 줄 수 없다""며 ""업계를 통해 확인했으면, 문제가 없어 보인다""고 설명했다.앞서 윤석열 대통령이 지난 2월 금융 분야 과점폐해를 언급한 이후 공정위는 금융업계 전반에 대한 조사에 착수했었다. 이때는 금리·수수료 책정 과정에서 담합을 살펴보기 위해서였다.이제 조사는 국고채 입찰 담합 여부로 확대됐다. 먼저 공정위는 지난달 20일 키움·메리츠·KB·NH투자·삼성·미래에셋 등 증권사에 대한 현장조사를 실시했다. 이어 조사가 다시 은행권으로 넘어온 것이다.한편, 금융감독 기관인 금감원 관계자는 ""담합·독점 등 공정거래법 위반 사항이면 공정위에서 조사를 하는게 맞다""며 ""공정위가 조사 과정에서 자본시장법 위반이 판단되면 금감원 쪽에 (도움을) 요청할 수도 있다""고 말했다."
604918,"[카드] 베트남우리은행, FDI 기업 종합 자문 서비스 제공",장민태 기자,2023.06.26 13:53:22,[프라임경제] 우리은행 해외법인인 베트남우리은행이 외국인직접투자(FDI) 기업을 지원하기 위한 종합 자문 서비스를 운영한다고 26일 밝혔다.
605988,"금융위, 중요 금융기관 선정…""자체정상화 계획 제출해야""",장민태 기자,2023.07.05 16:30:18,"서울정부청사 금융위원회. = 장민태 기자[프라임경제] KB금융지주 등 10개 은행·은행지주회사가 중요 금융기관으로 선정돼 금융감독원에 자체정상화 계획을 제출하게 됐다.5일 금융위원회(이하 금융위)는 제13차 정례회의에서 KB금융지주 등 10개 은행·은행지주회사를 D-SIB와 D-SIFI로 선정했다.D-SIB는 금융체계상 중요한 은행·은행지주회사로 추가자본 적립의무 등 일부 강화된 감독기준을 적용받는다. 금융안정위원회(FSB)와 바젤위원회(BCBS)가 대형 금융회사 부실로 인한 충격을 최소화하기 위해 권고한 제도로, 국내에는 지난 2016년부터 도입됐다.금융위는 지난 2021년부터 D-SIB인 금융사를 D-SIFI(금융체계상 중요한 금융기관)으로도 선정해 자체정상화·부실정리계획 제도의 적용 대상으로 삼고 있다.이에 따라 은행·은행지주회사는 매년 △규모 △상호연계성 △대체가능성 △국내특수요인 △복잡성 5개 부문에서 금융시스템에 미치는 영향력을 평가받는다.이번 평가에서는 △KB금융지주 △신한금융지주 △하나금융지주 △우리금융지주 △농협금융지주 △KB국민은행 △신한은행 △우리은행 △하나은행 △농협은행 △한국산업은행 △중소기업은행 총 12개 금융사가 선정 최저 기준인 6%를 상회했다.특히 KB금융지주와 신한금융지주는 최저 기준의 2배인 12%를 초과했다.금융위는 평가 결과를 토대로 10개 금융사를 내년도 D-SUB 및 D-SIFI로 선정했다. 한국산업은행과 중소기업은행은 정부가 지분을 보유한 공공기관이기 때문에 대상에서 제외됐다.이번에 선정된 은행·은행지주회사는 내년 중 1% 추가자본적립 의무를 부과받고 금융감독원에 자체정상화계획도 제출해야 한다.금융위 관계자는 ""이번에 선정된 금융사가 전번과 동일하기 때문에 실질적인 자본적립 부담은 없을 것으로 예상된다""며 ""또 이들 금융사 자본비율은 이미 최저 적립필요 수준을 상회한 상태""라고 말했다.이어 ""다만 D-SIFI로 선정 통보를 받은 날로부터 3개월 이내에 자체정상화계획을 제출해야 한다""고 첨언했다."
605454,"KDB생명, 매각 본입찰 연기…우리·하나금융 인수 뛰어들까",전대현 기자,2023.06.30 14:36:34,"[프라임경제] KDB생명 매각 본입찰이 7월로 연기됐다. 대주주 KDB산업은행(산업은행)이 입찰에 참여할 투자자를 늘리기 위해 일정을 늦춘 것이라는 분석이다.30일 투자은행(IB) 업계에 따르면 산업은행과 칸서스자산운용은 6월30일 진행 예정이던 KDB생명의 매각 본입찰을 7월로 미뤘다.구체적인 연기 이유는 알려지지 않았으나, 이번 매각이 다섯 번째 매각인 만큼 투자자들의 참여를 독려하기 위한 목적으로 풀이된다. 실제로 산업은행은 지난 10년간 네 차례에 걸쳐 KDB생명 매각을 시도했지만, 계속 무산됐다.KDB생명 본사 전경. ⓒ KDB생명본입찰 일정은 2주가량 미뤄질 것으로 예상된다. 이번에는 산업은행의 매각 의지가 큰데다 본입찰 참여 의지를 비친 사모펀드(PEF)와 금융사도 상당수로 파악돼 매각에 성공할 것이라는 의견에 무게가 실린다.매각 대상은 KDB생명 지분 92.7%다. 산업은행이 KDB생명을 인수할 때 칸서스자산운용과 공동 설립한 KDB칸서스밸류사모투자전문회사(KCV PEF)가 보유한 지분 전량이다. 예상 판매가격은 2000억원대다. 주관사는 삼일PwC다.업계에 따르면 본입찰 참여 의사를 내비친 곳은 △파운틴헤드사모펀드(PE) △WWG자산운용 △캑터스PE 등이다.아울러 △우리금융지주 △하나금융지주의 입찰 참여 가능성도 거론된다. 우리금융지주는 4대 금융지주사 중 유일하게 보험사를 보유하고 있지 않다. 하나금융지주는 보험사 추가 인수를 통해 보험업계 경쟁력을 높이는 안을 검토 중인 것으로 알려졌다.이에 산업은행은 KDB생명의 자본을 확충하고 재무건전성을 개선 작업을 진행하는 등 매각을 성사시키기 위해 안간힘을 쓰고 있다. KDB생명은 무상감자로 몸집을 줄인 데 이어 900억원 규모 후순위채도 발행했다.또 지난 23일 수요예측에서는 모집 금액의 6배에 달하는 매수 주문이 몰리기도 했다. KDB생명의 가벼워진 몸값이 매력도를 높였다는 평가가 나온다."
605286,"[카드] 애큐온저축은행·캐피탈, 에너지 취약계층 '효율밥솥' 제공",이유진 기자,2023.06.29 10:36:01,[프라임경제] 애큐온저축은행과 애큐온캐피탈이 효율적인 에너지 소비 지원을 위해 서울시 거주 독거 어르신 100가구에 으뜸효율밥솥을 전달했다고 29일 밝혔다.
605877,"[카드] 애큐온저축은행, '머니모으기' 이벤트 진행",이유진 기자,2023.07.05 09:27:21,[프라임경제] 애큐온저축은행이 배민 라이더를 대상으로 최대 5% 금리 혜택을 제공하는 '머니모으기' 이벤트를 진행한다고 5일 밝혔다.
605041,[보험 TMI] NH농협생명·KB손해보험·DB손해보험 외,전대현 기자,2023.06.27 10:48:49,"[프라임경제]보험 시장은 국민 대다수가 가입할 만큼 풍부한 수요를 확보했음에도, 치열한 경쟁이 펼쳐지는 '레드오션'으로 꼽힌다. 이에 보험사는 시장 내 입지 확보 차원에서 각종 새로운 상품과 마케팅과 같은 프로모션을 쏟아내고 있다. 본지는 'T·M·I(Too Much Insurance)'를 통해 보험사 정보를 들려주고자 한다.오늘의 보험 TMI 주인공 △NH농협생명 △KB손해보험 △DB손해보험 △악사손해보험◆""소통문화 조성"" NH농협생명, 농생통통 추진NH농협생명이 26일 서대문구 본사에서 '2023년 제1회 농생통통 - walKing 대회'를 개최했다. 지난 5월 실시된 농협생명 걷기챌린지에서 일일 2만보 이상을 달성한 우수 직원을 격려하는 목적으로 진행됐다.행사에는 △윤해진 NH농협생명 대표이사을 비롯해 경영지원 본부장 등이 참석했다. 본사에서 출발해 숭례문에서 서울로 7017을 산책하는 코스로 진행되었다. 농협생명 윤해진 대표이사는 걷기행사에 앞서 임직원들과 오찬 및 간담회 시간을 가지며 일선 직원들의 애로사항과 아이디어를 청취했다.NH농협생명이 26일 서대문구 본사에서 '2023년 제1회 농생통통 - walKing 대회'를 개최했다. ⓒ NH농협생명임직원 소통강화를 위한 '농생통통 캠페인'은 walKing 대회를 시작으로 △부문별 면수습 신규직원 △부문별 4급이하 직원 △디지털 혁신리더 활동 우수자 등 전 임직원을 대상으로 확대할 계획이다.윤해진 대표이사는 ""소통은 경영에 있어 매우 중요한 요소""라며 ""앞으로도 임직원들의 의견 교류의 장을 마련해 통해 건강한 소통문화를 조성하는 NH농협생명을 만들겠다""고 말했다.◆가입부터 보험금 청구까지…KB손해보험, 앱 하나로 해결KB손해보험은 보험계약 가입·관리부터 보험금 청구까지 원스톱 서비스 제공이 가능한 새로운 KB손해보험 애플리케이션을 출시했다고 27일 밝혔다.기존 운영되던 대표 앱과 다이렉트 앱을 하나로 통합해 더 새로워진 'KB손해보험+다이렉트 앱'은 간편 로그인·인증 및 앱 속도 개선과 콘텐츠 개편을 통해 고객 편의성과 사용성을 크게 확대했다.KB손해보험은 보험계약 가입·관리부터 보험금 청구까지 원스톱 서비스 제공이 가능한 새로운 KB손해보험 애플리케이션을 출시했다. ⓒ KB손해보험기존 앱은 계약관리를 위한 대표 앱과 자동차·소액보험 가입을 위한 다이렉트 앱으로 이원화돼 운영했다. 하나의 앱에서 업무를 처리하거나 종결하는데 일부 불편함이 있었다. 이에 KB손해보험은 지난해 12월부터 총 7개월에 걸쳐 'KB손해보험+다이렉트 앱' 통합 프로젝트를 진행했다.'KB손해보험+다이렉트 앱'을 한마디로 표현할 수 있는 대표 키워드는 'ONE'이다. 두개의 앱을 하나로 통합했다는 의미다. 원 앱(One App)을 통해 원스톱서비스를 제공하고 업계 넘버원플랫폼으로 거듭날 것을 다짐하는 의미를 담았다.새로운 앱에서는 무창구 서비스 확대와 보장분석 서비스 개선을 통해 고객이 창구나 고객센터를 방문하지 않고도 앱 내에서 해결 가능한 업무를 대폭 늘렸다. 시공간 제약 없이 고객 스스로 쉽게 보장분석 서비스를 이용하고 상담까지 가능하도록 구현됐다.◆DB손해보험, 힐링워킹 이벤트 실시DB손해보험(005830)이 8월31일까지 모바일 애플리케이션에서 '힐링워킹' 이벤트를 실시한다고 27일 밝혔다. 힐링워킹 이벤트는 DB손해보험 앱 회원이라면 누구든지 참여할 수 있는 이벤트로 걸음 수에 따라 다양한 경품에 응모할 수 있다.DB손해보험 앱 '오늘 하루 걸음 수' 메뉴에 접속해 미션 성공을 하면 응모 가능하다. 1일 목표치는 5000보다.DB손해보험이 8월31일까지 모바일 애플리케이션에서 '힐링워킹' 이벤트를 실시한다. ⓒ DB손해보험헤드폰을 비롯해 △빔프로젝터 △커피머신 △커피 쿠폰 등 원하는 경품에 해당하는 목표일을 채우면 자동 응모 된다. 최초 1회 미션 성공 시 즉석 당첨의 기회를 통해 모바일 쿠폰도 받을 수 있다.DB손해보험 관계자는 ""힐링워킹 이벤트를 통해 DB손해보험 앱을 사용해 금융서비스 뿐만 아니라 건강까지 챙기는 기회가 되길 바란다""며 ""앞으로도 고객 친화적인 서비스를 제공하기 위해 계속 노력할 것""이라고 말했다.◆악사손해보험, 다이렉트자동차부문 8년 연속 1위AXA손해보험(악사손보)이 한국능률협회컨설팅(KMAC)이 주관하는 2023 '소비자가 가장 추천하는 브랜드' 다이렉트자동차보험 부문에서 8년 연속 1위를 수상하는 영예를 안았다.소비자가 가장 추천하는 브랜드는 기업별 상품 및 서비스에 대한 소비자의 추천 의향과 소셜 데이터 상 브랜드 긍정 지수를 종합해 가장 높은 평가를 받은 기업에 수여하는 상이다.악사손해보험이 한국능률협회컨설팅(KMAC)이 주관하는 2023 '소비자가 가장 추천하는 브랜드' 다이렉트자동차보험 부문에서 8년 연속 1위를 수상했다. ⓒ 악사손해보험이번 악사손보의 다이렉트자동차보험 부문 수상은 악사다이렉트자동차보험 상품의 우수성, 고객 만족도 및 신뢰도 등 다양한 측면에서 지속적으로 소비자 지지를 받고 있다는 점과 업계를 선도하는 종합손해보험사로서 입지를 강화했다는 점에서 의의가 있다.악사손보는 국내 최초 다이렉트자동차보험을 출시했다. 업계 최초 마일리지자동차보험을 선보이는 등 국내 보험 시장 내 자동차보험 상품 선도기업으로 거듭났다.지난해 3월 출시한 전기차 전용 특약 3종 △전기차 충전 중 위험 보장 특약 △전기차 초과수리비용 지원 특약 △긴급출동서비스 확장 특약-견인 거리 업계 최장인 150㎞ 확장은 출시 1년 만에 개인·업무용 전기차 가입대수가 50% 이상 증가하는 성과를 보였다."
605610,은행권 대출 연체율 0.37%…32개월만에 최고,장민태 기자,2023.07.03 13:59:01,"국내 은행 연체율이 지난 4월말 기준 0.37%로 32개월만에 최고 수준을 나타냈다. ⓒ 연합사진[프라임경제] 은행권 대출 연체율이 지난 4월말 0.37%를 기록해 32개월만에 최고치를 기록했다.3일 금융감독원이 발표한 '4월말 국내은행 원화대출 연체율 현황'에 따르면 은행권 연체율(1개월 이상 연체)은 0.37%로 전월말 대비 0.04%p 상승했다.이번 연체율은 2020년 8월(0.38%) 이후 가장 높은 수준이다. 신규연체 발생액은 1조8000억원으로 전월 대비 1000억원 증가했다. 반면 연체채권 정리규모는 9000억원으로 전월 대비 1조5000억원 감소했다.부문별로 살펴보면 기업대출 연체율은 0.39%로 전월말 대비 0.04%p 올랐다. 이는 대기업을 제외한 모든 기업 연체율이 전월말 대비 상승했기 때문이다.대기업 연체율은 0.09%로 전월말과 동일한 수준으로 나타났으나, 나머지 기업 연체율이 △중소기업(0.06%p) △중소기업대출(0.05%p) △개인사업자대출(0.04%p)순으로 모두 올랐다.가계대출 연체율은 0.34%로 전월말 대비 0.03%p 상승했다. 신용대출 등 기타대출이 가계대출 연체율 상승세를 견인했다. 주택담보대출 연체율은 0.67%로 전월말 대비 0.01%p 소폭 올랐다. 신용대출 등 기타대출 연체율은 0.67%로 전월말 대비 0.08%p 상승했다.금감원 관계자는 ""은행 연체율은 최근 경제상황 등을 반영해 당분간 현재 추세가 유지될 수 있다""며 ""연체율 추이가 금융시스템 부담으로 작용하지 않도록 상·매각 확대 등 건전성 관리 및 손실흡수능력 확충을 적극 유도하겠다""고 말했다."
605196,[보험 TMI] NH농협생명·SGI서울보증·한화손해보험 외,전대현 기자,2023.06.28 12:44:11,"[프라임경제]보험 시장은 국민 대다수가 가입할 만큼 풍부한 수요를 확보했음에도, 치열한 경쟁이 펼쳐지는 '레드오션'으로 꼽힌다. 이에 보험사는 시장 내 입지 확보 차원에서 각종 새로운 상품과 마케팅과 같은 프로모션을 쏟아내고 있다. 본지는 'T·M·I(Too Much Insurance)'를 통해 보험사 정보를 들려주고자 한다.오늘의 보험 TMI 주인공 △NH농협생명 △SGI서울보증 △한화손해보험 △현대해상 △한화생명◆NH농협생명, 영농철 맞아 농촌일손돕기 실시NH농협생명이 영농철을 맞아 농촌일손돕기에 나섰다. 농촌일손돕기는 26일 성남시 버섯농장에서 실시됐다.농촌일손돕기에는 △박병희 농협생명 사업1부문 부사장 △농축협사업부장 및 임직원 등 20여명이 참석했다. 농협생명 임직원은 인력난을 겪고 있는 농가에 보탬이 되고자 버섯농장을 방문해 버섯 양식에 필요한 배지를 옮기고 주변 환경을 정리하며 구슬땀을 흘렸다.NH농협생명이 영농철을 맞아 농촌일손돕기를 실시했다. ⓒ NH농협생명농협생명 농촌일손돕기는 임직원의 참여로 이루어지고 있다. 매년 30회가량 꾸준하게 실시됐다. 농촌일손돕기를 통해 농업인의 실익증대에 기여하고 도농교류 활성화에 기여하고 있다.박병희 사업1부문 부사장은 ""일손이 부족한 농가에 조금이라도 도움이 될 수 있어서 기쁘다""며 ""앞으로도 농촌일손돕기를 통해 도농상생을 만들 수 있는 농협생명이 될 수 있도록 노력하겠다""고 말했다.◆SGI서울보증, IBK기업은행과 소상공인 자금경색 해소SGI서울보증은 IBK기업은행과 '소상공인 선정산 금융서비스 제공을 위한 파트너십 구축 업무협약'을 체결했다고 27일 밝혔다.협약은 SGI서울보증과 IBK기업은행이 소상공인의 자금경색 해소와 매출회복 지원을 위해 마련됐다. 소상공인은 무료 모바일 POS 애플리케이션 'IBK 박스 포스(POS)'를 통해 카드매출 대금을 당일 정산 받을 수 있게 된다.SGI서울보증이 IBK기업은행과 '소상공인 선정산 금융서비스 제공을 위한 파트너십 구축 업무협약'을 체결했다. ⓒ SGI서울보증IBK 박스 포스는 IBK기업은행이 개발한 무료 모바일 앱이다. 사업자가 앱만 설치하면 스마트폰을 카드결제 단말기로 사용할 수 있는 혁신 서비스다. 2022년말 기준 가입고객 11만명을 돌파했다.협약을 통해 IBK기업은행은 소상공인의 별도 부담 없이 '카드대금 바로 입금 서비스 시범사업'을 추진한다. SGI서울보증은 새로운 보험 상품을 개발하는 등 상호 협력하기로 했다.상품 출시 후 소상공인은 SGI서울보증이 제공하는 보증 서비스를 바탕으로 카드 매출대금을 IBK기업은행으로부터 당일 정산 받을 수 있게 된다.◆한화손해보험, 행정안전부와 안전문화 사회공헌활동 맞손한화손해보험(000370)은 27일 오후 서울 중구 LW 컨벤션센터에서 '안전문화 사회공헌활동 업무협약식'에 참여했다.자리에서 한화손해보험은 행정안전부와 안전문화 활동을 공유하고 확산하겠다는데 뜻을 모았다.한화손해보험이 '안전문화 사회공헌활동 업무협약식'에 참여했다. ⓒ 한화손해보험행사는 행정안전부가 민관이 함께 전문성과 인프라를 활용해 안전사고 예방 활동을 효율적으로 추진하는 한편, 자발적인 캠페인을 통해 안전문화를 확산하자는 취지로 마련됐다. 한화손해보험을 비롯해 공사·공단·민간기업 등 총 24개 기관이 참여했다.◆현대해상-로쉬코리아, 시니어 취미찾기 이벤트 시행현대해상(001450)은 '제2회 ESG 소셜벤처 공모전'을 통해 선정된 '로쉬코리아'와 제휴해 진행한 '액티브 시니어 대상의 고객 참여형 이벤트'가 큰 호응을 얻었다고 28일 밝혔다.로쉬코리아는 시니어 문화·여가 플랫폼 '오뉴' 운영하는 스타트업이다. 현대해상은 로쉬코리아와 제휴해 '시니어 취미찾기'이벤트를 5060 고객들을 대상으로 4월부터 진행했다.현대해상이 로쉬코리아와 제휴해 진행한 시니어 취미찾기 이벤트가 큰 호응을 얻고 있다. ⓒ 현대해상시니어 취미찾기, 원데이클래스는 미술 전시 관람을 비롯해 △스마트폰 사진산책 △훌라춤 △재봉틀 업사이클링 등 총 16개의 클래스로 구성됐다. 고객들이 원하는 클래스를 선착순으로 신청하여 참여하는 형식이다.현대해상 관계자는 ""시니어 고객들이 새로운 경험을 통해 취향에 맞는 취미를 찾아 양질의 여가 시간을 보내셨으면 좋겠다""며 ""신체건강에서 마음건강으로 헬스케어의 영역을 확대하고자 했다""고 말했다.◆계리사 육성에 '진심' 한화생명, 직원 10명 대상 잡오프 시행한화생명(088350)이 6월26일부터 7월21일까지 경기도 용인시 연수원 라이프파크에서 잡오프(Job-Off) 과정을 진행한다. 보험계리사 잡오프 대상은 10명으로 올해 1월 입사한 신입사원 4명과 기존 직원 6명이다.이들은 잡오프(Job-Off) 기간 동안 본사 근무지인 63빌딩이 아닌 용인 라이프파크 연수원에서 합숙한다. 업무에서 완전히 배제돼 자격증 공부에만 전념한다. 업무를 하지 않아도 월급 및 수당은 동일하다.지난해 과정에 참가해 합격한 계리팀 이주원 사원은 ""먼저 합격한 선배로서 시험 꿀팁과 족보를 올해 대상자에게 전해줄 수 있어 기쁘다""며 ""준비하시는 선·후배님들이 업무에 대한 염려 없이 공부에만 전념해 모두 합격하시길 기원한다""고 했다.한화생명이 7월21일까지 경기도 용인시 연수원 라이프파크에서 잡오프(Job-Off) 과정을 진행한다. ⓒ 한화생명박성규 한화생명 People&Culture팀장은 ""당사는 IFRS17 및 K-ICS에 대비하기 위해 보험계리사 양성에 적극적으로 나서왔다""며 ""직원 본인뿐만 아니라 회사의 전문성 강화에도 도움이 되기에 앞으로도 잡오프(Job-Off)과정은 물론 다양한 지원을 아끼지 않을 계획이다""라고 말했다.한화생명은 2018년부터 보험계리사의 내부 육성을 위해 잡오프 및 온라인 과정을 운영해왔다. 지난 5년간 이 과정을 통해 2명 중 1명꼴로 합격자를 배출했다. 총 43명의 계리사를 양산했다. 지난해에는 15명 중 9명이 합격하는 쾌거를 거뒀다. 올해 보험계리사 2차 시험일정은 7월22~23일이다."
606047,"[카드] 담비, 사업자 대출지원금 이벤트 진행",이유진 기자,2023.07.06 10:54:38,[프라임경제] 담보대출 비교플랫폼 '담비' 운영사인 베스트핀이 '담비 대출지원금 이벤트'를 진행한다고 6일 밝혔다.
605265,"[단독] 케이뱅크 ""선불전자지급결제수단 정지 원해? 본사 방문해""",장민태 기자,2023.06.28 18:44:13,"케이뱅크 본사와 고객센터는 부모의 자녀 서비스 해지에 대해 다른 답변을 내놓았다. = 장민태 기자[프라임경제] 만 14세 이상 미성년자들의 이용이 급증하고 있는 선불전자지급수단이 미성년자 일탈에 이용돼 이에 대한 제재가 필요하다는 목소리가 높다. 특히 청소년 마약이나 도박에 부모 몰래 이용할 수 있다는 점에서 가입과 정지 등에 새로운 규제가 필요하다는 지적이다.이런 가운데 케이뱅크가 타 인터넷전문은행과 달리 정지할 경우 대면으로 서울 본사에서만 가능하다고 답변해 지방 고객을 배려하지 않는다는 비난을 받고 있다.실제 지방에 거주 중인 A씨(54세)는 자녀의 선불전자지급수단으로 최근 곤욕을 치르고 있다. 만 14세 이상의 자녀는 불법 스포츠토토 등의 도박에 빠진 상태다. 문제는 이러한 도박을 하기 위해서는 통장이 있어야 한다는 것. 이때 이용되는 것이 선불전자지급수단이다. A씨의 자녀는 카카오뱅크와 케이뱅크를 통해 통장을 만들었다. 부모 동의가 필요하지 않은 데다 비대면 가입으로 용이하다는 게 이용 이유다.이런 사실을 안 A씨는 당장 정지와 재가입을 막는 조치를 해 줄 것을 카카오뱅크와 케이뱅크에 요청했다. 카카오뱅크는 비대면으로 필요서류 제출 시 해지와 부모 동의가 있을 때만 재가입 허락 등을 받아들였다.문제는 케이뱅크다. 케이뱅크는 정지를 위해서는 서울 을지로에 있는 본사에 방문해야만 한다고 답했다. 비대면으로 정지가 안 된다는 것.이에 대해 A씨는 ""수익에만 정신이 팔려 소비자의 편의성을 전혀 고려하지 않고 있다""라고 강하게 항의했다.현재 선불전자지급수단은 '내돈내관(내 돈은 내가 관리하는)' 10대가 늘어나면서 이용자가 급증하고 있다. 인터넷전문은행과 핀테크 기업도 미성년자의 프라이버시 존중 차원에서 필요하다고 목소리를 높인다.이로 인해 인터넷전문은행들은 선불전자지급수단을 통해 미성년자에게 돈을 보관하고 이체할 수 있는 서비스를 제공 중이다. 굳이 예금이 아닌 선불전자지급수단을 통해 미성년자에게 계좌와 비슷한 서비스를 제공하는 건 법 때문이다. 인터넷전문은행은 영업점이 없기 때문에 계좌개설 업무를 비대면으로 처리한다.하지만 비대면 계좌개설은 금융실명법 등에 따라 신분증 사본을 제출해야만 제공할 수 있다. 주민등록증 발급 연령은 만 17세 이상이다. 때문에 17세 이하 미성년자의 경우 인터넷전문은행들은 선불전자지급수단을 통해 계좌와 유사한 서비스를 우회적으로 제공한다. 이 또한 비대면으로 간단하게 가입할 수 있다.문제는 케이뱅크가 비대면으로 미성년자에 대한 서비스를 운영하고 있음에도, 이에 대한 대비책은 제대로 준비하지 못했다는 점이다.더욱이 본사 고객센터 간 해당 서비스의 정지 방법에 대해서 말도 안 맞는 실정이다. 케이뱅크의 선불전자지급수단은 '하이틴'이다.케이뱅크 관계자는 ""부모가 직권으로 청소년 서비스를 해지하려면 대면으로 방문해야 한다""며 ""비대면으로 정지하는 건 미성년자 본인이 직접 모바일 애플리케이션(앱)을 통해서 해야 한다""고 설명했다.해당 관계자는 다른 기업들과 선불전자지급수단 비대면 처리 방식이 다르다는 점을 지적하자 답변을 바꿨다. 그는 ""부모가 자녀 서비스를 모바일로 정지시킬 수 없지만, 고객이 고객센터에 전화하면 비대면 방식으로 대리 정지를 할 수 있다""고 번복했다.본사 관계자의 답변을 토대로 케이뱅크 고객센터에 자녀의 '하이틴' 가입 정지를 다시 문의했다. 하지만 역시 '불가능 하다'는 답변만 돌아왔다. 케이뱅크 고객센터 관계자는 ""자녀 서비스에 대한 부모의 대리 정지 자체가 불가능하다""고 선을 그었다.결국 여전히 케이뱅크의 선불전자지급수단인 '하이틴' 서비스의 정지 방법은 오리무중이다.""청소년들이 올바른 금융소비 습관을 기르고 좋은 혜택을 누릴 수 있도록 다양한 노력을 기울이겠다""고 선언한 케이뱅크. 고객 모집할 때의 앞과 가입한 뒤의 뒷모습에서 씁쓸함을 안겨주고 있다."
605520,"위험 우려 커진 새마을금고…비은행권, 대출 문턱 높인다",장민태 기자,2023.06.30 18:23:32,"[프라임경제] 새마을금고 등 비(非)은행권 금융기관이 대출 연체율 상승으로 인한 부실을 막기 위해 대출 문턱을 높이고 있다. 문제는 저신용자들이 상호금융은 물론 대부업조차 이용하지 못해 불법 사금융으로 이동하고 있다는 점이다.30일 금융권에 따르면, 최근 남양주 동부 새마을금고가 담보대출 부실로 인해 폐업했다. 기존 예금과 영업점 등 자산은 화도 새마을금고로 넘어갔다.새마을금고중앙회 관계자는 ""프로젝트 파이낸싱(PF) 대출로 인한 부실로 알려졌지만, 사실 관련자들의 불법적인 행위로 일반 담보대출이 부실화됐던 건""이라며 ""중앙회는 이들 행위를 파악한 뒤 구조조정 기능을 발휘해 금고를 합병했으며, 관련자들에 대한 형사고발을 완료했다""고 말했다.이어 ""불법 행위에 대해서는 수사기관이 조사 중인 상황이라 구체적으로 밝히기 어렵다“며 ""큰 틀에서 설명하자면, 담당 직원들이 대출을 부실하게 관리했고, 문제가 발생했을 때 제대로 된 행위를 하지 않았다""고 설명했다.◆새마을금고, 커지는 부실 리스크에 ""대출 문턱 높인다""새마을금고는 현재 대출 연체율이 치솟고 있다. 여기에 직원들이 불법대출 행위까지 저지르면서 고객들의 불안이 높아지고 있다.신림새마을금고 고객인 A씨(58세)는 ""올해 초부터 새마을금고가 위험하다는 소리는 계속 들렸지만, 문제 없다는 해명을 믿고 이용하고 있다""며 ""하지만 일부 금고가 문을 닫았다는 소리와 연체율 관련 이야기가 돌고 있어 안전한지 걱정된다""고 말했다.새마을금고중앙회 전경. ⓒ 연합뉴스새마을금고 전체 대출 연체율은 1분기 기준 5.34%로 지난해말 대비 1.75%p나 폭증했다. 이는 농협 등 다른 상호금융 전체 연체율인 2.42%의 두 배가 넘는다.이들 연체율은 개별 금고로 범위를 좁히면 더욱 심각하다. 수도권 한 금고는 최근 연체율이 32.36%에 달하는 것으로 알려졌다. 이처럼 대출 관련 문제가 끊이지 않자, 새마을금고는 대출 문턱을 높이고 있다.새마을금고중앙회 관계자는 ""지난해 하반기부터 대출 문턱을 높이기 위해 계속해서 가이드라인 강화를 추진하고 있다""며 ""신용등급이 우수한 경우에 한정해서 건전한 대출은 늘리고, 위험한 대출은 줄이는 방향으로 관리를 하고 있다“고 주장했다.새마을금고중앙회는 대출 문턱을 높인 효과가 올해 하반기쯤 나타날 것으로 예상했다. 그동안 새마을금고는 1금융권에서 대출받지 못했던 이들이 주로 이용해 왔다. 하지만 이제부터는 새마을금고 대출도 거절당할 수 있다는 이야기다.문제는 비(非)은행권 금융기관 대부분이 연체율 상승을 겪고 있어 새마을금고처럼 대출 문턱을 높일 수 있다는 점이다. 저신용자가 생계 등의 이유로 대출을 받을 곳이 줄어들게 된다.◆대부업조차 저신용자 외면…""보호 방안 찾아야""금융권에 따르면 지난 1분기 전체 저축은행의 평균 연체율이 5.07%로 집계됐다. 이는 전년 동기 기록인 2.59% 대비 2.48%p가 오른 수준이다. 저축은행 평균 연체율이 5%대를 넘어선 건 지난 2018년 이후 약 5년만이다.이미 저축은행은 대출을 조이고 있다. 자산 규모 10대 저축은행의 소액신용대출은 지난 1분기말 기준 7069억원으로 지난해말 대비 2.3% 감소했다. 그동안 저축은행 소액신용대출은 2021년말 이후 꾸준히 증가세를 이어왔었다. 하지만 약 5분기만에 감소세로 돌아섰다.비은행권 금융기관이 연체율 관리를 위해 대출 문턱을 높이고 있다. = 장민태 기자저축은행과 상호금융 등에서 밀려난 저신용자들이 대부업에서 조차 외면받고 있다는 조사결과도 나오고 있다. 금융감독원은 지난 29일 금융위원회·행정안전부·지방자치단체와 함께 '대부업 실태조사 결과'를 발표했다.이들에 따르면 대형 대부업자의 연체율은 지난해말 기준 7.3%로 6개월 전 대비 1.3%p 상승했다. 특히 담보대출 연체율은 6개월 사이 2.4%p 올라 무려 9.3%를 기록했다. 연체율은 올랐지만, 대출잔액은 줄어들고 있다.대부업 대출잔액은 지난해말 기준 15조8678억원으로 지난 2021년말 대비 약 1조3000억원 줄어들었다. 이는 대형 대부업자가 지난해 9월부터 신규대출 취급을 중단한 영향이라는 게 금융당국의 설명이다.대부업이 대출 문턱을 높이고 있다는 건 대출자 수와 1인당 대출액을 살펴보면 더 명확해진다. 대부업 대출자는 98만9000만명으로 지난해 6월 대비 7만5000명 감소했으나, 1인당 대출액은 1604만원으로 같은 기간 112만원 늘었다.금융권 관계자는 ""1인당 대출액이 증가한 것은 담보대출 영향으로 볼 수 있다""며 ""다시 말해 신용대출이 줄어들었단 의미로 저신용층은 대부업 시장으로부터 소외됐다는 것""이라고 말했다.이어 ""이들(저신용자)의 불법 사금융 이용이 증가할 것으로 우려된다""며 ""부채 연착륙을 추진하면서도 저신용자들을 보호할 방법이 필요하다""고 덧붙였다."
605426,"한화손해보험, 2023 지속가능경영보고서 발간",전대현 기자,2023.06.30 10:56:05,"[프라임경제] 한화손해보험은 ESG경영 전략 목표와 지난 1년간 성과를 정리한 '2023 지속가능경영보고서'를 30일 발간했다.보고서에는 △LIFEPLUS 펨테크연구소 설립 및 자문단 위촉 △상생협력 금융신상품 우수사례 선정 △기후위기 및 탄소중립을 위한 환경정책 로드맵 공개 △인권경영 실천을 위한 인권영향평가 실시 등의 핵심 성과를 강조했다.한화손해보험이 '2023 지속가능경영보고서'를 30일 발간했다. ⓒ 한화손해보험특히 글로벌 이니셔티브를 반영한 통합 ESG 인덱스를 활용해 책임 있고 투명한 ESG데이터를 담았다고 설명했다.세 번째로 발간한 2023 보고서는 고객들이 쉽게 이해할 수 있도록 서술형 문장을 최대한 배제하고 간결한 문장으로 구성했다. 아울러 인포그래픽·일러스트를 적극 활용해 디자인했다.한화손해보험 관계자는 ""고객의 삶에 더 나은 가치를 제공하고 더 나은 내일을 위한 기업의 책임을 다하기 위해 ESG경영에 심혈을 기울이고 있다""며 ""앞으로도 차별화된 경쟁력을 바탕으로 지속가능한 발전을 이뤄 실행력 있는 ESG활동을 통해 더욱 신뢰받는 기업으로 성장해 나갈 것을 약속드린다""고 말했다."
605885,"새 시중은행 예고…금융위 ""대구은행, 자본금 문제없어""",장민태 기자,2023.07.05 10:27:38,"[프라임경제] 금융당국이 은행권 경쟁 촉진을 위해 지방은행의 시중은행 전환을 적극 허용한다. 이미 대구은행은 전환할 의향을 밝혔고 이에 대해 당국도 긍정적인 평가를 내놓았다. 곧 새로운 플레이어가 약 30년 만에 시중은행으로 진입할 예정이다.5일 금융위원회와 금융감독원(이하 금융당국)은 '은행권 경영·영업관행·제도개선 방안'을 발표했다. 이 방안은 5대(국민·신한·우리·하나·농협) 시중은행 중심으로 짜인 은행권 과점 체재를 타파하기 위해 마련됐다.앞서 금융당국은 방안을 갖추고자 지난 2월22일부터 태스크포스(TF)를 가동해 총 15차례 회의를 진행했다. 그리고 이날 이들이 은행권 경영과 영업관행 및 제도를 개선하기 위한 최종 방안을 마련해 공개한 것이다.◆지방은행 '시중은행 전환' 허용그간 금융당국은 1992년 평화은행 이후 시중·지방은행 인가를 허용하지 않았다. 다만 인터넷전문은행 3사(케이뱅크·카카오뱅크·토스뱅크)가 2017년 이후 은행권에 진입했지만, 이들 비중은 은행권 내에서 약 2% 수준에 불과하다.서울정부청사 서문 = 장민태 기자이에 금융당국은 단기간에 안정적으로 은행권 경쟁을 촉진하기 위해 지방은행의 시중은행 전환 등 업무영역·규모 확대를 적극 허용한다. 빈자리는 저축은행이 채울 수 있도록 지방은행 전환을 허용하기로 했다.금융위원회는 지방은행·저축은행 등 금융회사가 전환을 신청하면 요건 충족 여부를 심사해 결정할 계획이다. 현재 지방은행인 대구은행이 시중은행으로 전환할 의향을 내비친 상황이다.금융당국 관계자는 대구은행에 대해 ""전환되면 약 30년 만에 새로운 시중은행이 진입하게 된다""며 ""특히 외국계 은행만큼 대출하는 지방에 본점을 둔 시중은행의 출현""이라고 기대했다.금융권에 따르면 대구은행은 시중은행으로 전환하는 데 큰 문제가 없을 것으로 예상된다. 대구은행이 금융당국 지지뿐만 아니라 이미 시중은행 인가를 위한 자본금 및 지배구조 등의 조건을 충족하고 있기 때문이다.은행법 제8조에 따르면 금융위원회 인가를 받기 위해서는 1000억원 이상의 자본금을 가지고 있어야 한다. 전자공시를 살펴보면 대구은행 자본금은 지난 1분기말 기준 6806억원2500만원이다.인가를 위한 지배구조는 금산분리 원칙에 근간을 둔다. 은행법 제16조2는 비금융주력자(산업 자본)의 은행 지분 보유 한도를 4%로 제한하고 있다. 대구은행은 DGB금융지주가 100% 지분을 가지고 있기에 지배구조에서도 문제없다.지난 3일 은행권 경영·영업관행·제도개선 방안 관련 사전 브리핑에서 김소영 금융위원회 부위원장은 ""대구은행은 자본 기준을 충족하는 상태고, 지배구조 이슈가 있는데 현재 상황에서 큰 문제없어 보인다""며 ""대구은행이 아직 전환 의사만 밝힌 상태이기 때문에 신청서가 오면 좀 더 자세하게 검토할 계획""이라고 말했다.이어 ""(시중은행 전환이) 빠르게 빠르게 진행되면 올해 안에 가능하지 않을까 생각한다""고 첨언했다.◆기존 시중은행과 경쟁할 수 있을까…실효성 의문금융권에서는 지방은행을 시중은행으로 전환해서 5대 은행 과점 체제를 깨부술 수 있을지 의문을 표하고 있다. 지방은행이 이미 비대면으로 전국에 상품을 제공하고 있을 뿐만 아니라 체급 차이도 너무 많이 나기 때문이다. 지방은행이 시중은행으로 전환할 메리트가 약하다는 평가다.DGB대구은행 본점 전경. ⓒ DGB대구은행그나마 제약이였던 중소기업대출비율(이하 중기비율)이 완화된 것도 한몫한다. 중기비율은 원화자금대출 증가액 비중에서 정해진 비율만큼 중소기업으로 채워야 하는 규제다. 이 비율은 시중은행(45%)과 지방은행(60%) 간 차등 적용되고 있었다.하지만 한국은행 금융통화위원회가 지방은행에 대한 역차별 문제를 해소하기 위해 이달부터 중소기업대출비율을 이달부터 50%로 일원화한다.이러한 의문에 대해 김 부위원장은 ""지방은행 크기가 일반 시중은행에 비해 작은 상황이기 때문에 정부도 당장 아주 큰 효과가 없을 수도 있다고 생각하고 있지만, 실제 효과는 우리 대구은행이 얼마나 노력하는지 굉장히 중요할 것 같다""고 말했다.이어 ""일단 지금 시중은행에 경쟁자가 늘어난다는 것 자체에 큰 의미가 있다고 생각된다""며 ""사실 (개선 방안으로) 많이 달라진 것 중 하나가 인가 원칙이 바뀐 점""이라고 덧붙였다.금융당국은 과점적 구조인 은행업에 언제든 경쟁자가 진입할 수 있도록 인가 원칙을 수정한다. 기존에 금융당국이 인가방침을 발표한 뒤 신규 은행의 인가 접수 및 심사를 진행했으나, 이제부터는 건전성과 사업계획 등 현행 법령상 요건만 충족하면 심사를 진행할 계획이다.김 부위원장은 ""사실 기존에는 문이 닫혀있었지만 지금은 문이 열려있다""며 ""어느 정도 요건이 필요하기 때문에 약간 문턱은 있겠지만 항상 잠재적 경쟁자가 들어올 수 있다는 인식을 주는게 중요하다""고 강조했다."
605907,"OK배정장학재단, 11기 배정장학생 모집",이원지 기자,2023.07.05 10:32:43,"[프라임경제] OK배정장학재단은 '11기 OK배정장학생' 모집을 시작한다고 5일 밝혔다. 재능이 우수한 대학(원)생을 대상으로 졸업까지 매월 최대 200만원을 지원한다. 국내 최대 규모 생활비 장학 프로그램이다.OK배정장학재단은 '11기 OK배정장학생' 모집을 5일 시작한다. ⓒ OK금융그룹지원 대상은 등록금 전액을 교내·외 장학금으로 해결한 대학생 및 대학원생이다. 대학생은 국내·외 정규 4년제 대학교 재학생 중 정규학기가 2학기 이상 남아야 한다. 2개 학기 이상 △성적증명서 제출 △소득 분위 8분위 이하 △학점 평점 4.0 이상(4.5만점 기준)의 조건을 충족해야 한다.대학원생도 국내·외 정규 4년제에 재학 중인 이들이 대상이다. 1개 학기 이상 성적증명서 제출, 학점 평점 4.0 이상(4.5 만점 기준)이 충족될 경우 지원 가능하다.접수는 오는 24일까지다. 재단 홈페이지에서 접수 가능하며, 면접 등 추가 전형을 거쳐 오는 8월 중 최종합격자를 발표한다.이외에도 OK배정장학재단은 △OK배정장학생 워크숍 △송년의 밤 행사 등 다양한 프로그램을 통해 장학생들이 글로벌 리더로 성장할 수 있도록 할 계획이다.최윤 OK금융그룹 회장은 ""OK배정장학금은 생활비 걱정 없이 학업에만 온전히 집중할 수 있는 환경을 마련해주기 위해 시작""했다며 ""차세대 글로벌 리더로 성장할 인재들에게 잃어버렸던 꿈을 되찾고, 그 꿈을 향해 다시금 도전할 용기를 얻는 계기가 되길 바란다""고 말했다."
606054,"[카드] 기업은행·중부발전, 혁신성장 중소기업 250억원 대출",장민태 기자,2023.07.06 11:03:17,[프라임경제] IBK기업은행(024110)이 한국중부발전과 혁신성장 분야 중소기업 육성을 위한 동반성장 협약을 체결했다고 6일 밝혔다.
605313,후쿠시마 오염수 악용한 보험사…금융당국 엄정 대응,장민태 기자,2023.06.29 12:32:46,"후쿠시마 원전 내에 설치된 오염수 저장 탱크. ⓒ 연합뉴스[프라임경제] 금융위원회와 금융감독원(이하 금융당국)이 후쿠시마 오염수 방류와 관련된 비과학적 사실을 근거로 영업한 보험회사에 대해 엄정 대응하겠다고 29일 밝혔다.금융당국에 따르면 최근 일부 보험회사가 일본 후쿠시마 오염수 방류 후 국내에도 방사성 물질이 전파된다며 암 보험 가입을 권유했다. 이에 금융당국은 해당 보험회사의 불건전 영업행위를 즉시 중단토록 했다.아울러 금융당국은 지난 28일 보험회사 감사담당자 내부통제회의를 열고 대국민 불안을 악용한 마케팅이 확산하되지 않도록 내부통제를 철저히 할 것을 당부했다.금융당국 관계자는 ""소비자 불안감 조성 등을 통한 보험업계의 영업행위가 없는지 면밀히 모니터링 할 것""이라며 ""이 과정에서 금융소비자보호법 위반 사항 등이 확인될 경우 엄중 조치하겠다""고 말했다."
605443,"임종룡 회장, 우리금융 소원수리함 마련…""문제 알려달라""",장민태 기자,2023.06.30 13:05:59,"임종룡 우리금융그룹 회장이 취임 100일을 맞아 직원들에게 편지를 보냈다. ⓒ 우리금융그룹[프라임경제] 임종룡 우리금융그룹(316140) 회장이 직접 직원들로부터 조직 내부 문제를 비대면으로 받기 위해 일종의 '소원수리함'을 마련했다.30일 금융권에 따르면 임종룡 우리금융 회장이 취임 100일을 맞아 직원들에게 수기로 작성한 편지를 보냈다. 현재까지 임 회장은 취임 이후 총 3번이나 직원들에게 편지를 전달했다.이번 편지에서 임 회장은 ""자유로운 소통을 위해서는 중간 과정을 생략하는 용기가 필요하다""며 ""포털 '우리소통광장'에 1대1 소통 창구를 마련했다""고 설명했다.이어 ""오직 저와 글 쓴 사람만 볼 수 있으니, 작은 문제부터 큰 문제까지 언제든 알려달라""고 요청했다.또 임 회장은 우리금융 향후 방향으로 내부 제도 개선과 증권·보험사 인수 등을 통한 비은행 포트폴리오 비중 확대를 꼽았다. 특히 그는 편지로 영업현장 중심의 인사권을 약속했다.임 회장은 ""인사제도를 개선하겠다""며 ""성과는 평가에 합리적으로 반영하고, 평가 결과는 당사자에게 투명하게 공개하겠다""고 공언했다.이어 ""영업 중심 문화가 건강하게 자리 잡을 수 있게끔 영업현장이 중심이 돼 인사권을 행사할 수 있도록 하겠다""고 말했다.마지막으로 그는 ""우리벤처파트너스 영입을 시작으로, 비은행 포트폴리오 비중을 30%로 확대하겠다""며 ""성장 동력을 새롭게 확보하고 기업금융 명가로 다시 자리매김해 모두의 마음속 첫 번째 금융으로 한 걸음 더 나아가겠다""고 강조했다."
605200,대환대출 플랫폼 입점 놓고 카드사 '냉가슴' 이유는?,전대현 기자,2023.06.28 13:35:29,"[프라임경제] 대환대출(대출 갈아타기) 비교 플랫폼 입점을 준비하고 있는 카드사들이 냉가슴을 앓고 있다. 플랫폼 입점을 통한 이점보다 부담이 크다는게 이유다.대환대출 비교 플랫폼은 금융당국이 신용대출자 이자 부담을 줄여주기 위해 지난 5월 구축한 서비스다. 소비자는 플랫폼 업체(토스·카카오페이·네이버페이·핀다 등)와 제휴를 맺은 시중은행·저축은행·카드사 대출 조건을 한눈에 확인하고 대출을 갈아탈 수 있다. 문제는 카드사들이 1금융권에 고객을 빼앗길 것을 우려한다는 점이다.장기카드대출(카드론) 금리 인하 압박과 플랫폼 중개수수료 납입 부담까지 겹치면서 난색을 표하고 있다.28일 카드업계에 따르면 대환대출 플랫폼에 입점한 카드사는 신한·KB국민카드다. 신한카드는 카카오페이에 KB국민카드는 네이버페이에 입점했다. 신한카드의 추가 입점 계획은 알려지지 않았다. KB국민카드는 오는 7월까지 토스, 카카오페이 입점을 완료할 계획이다.삼성·현대·롯데·우리·하나카드도 입점을 검토·준비중이다. 이중 우리카드는 이르면 3분기 중 플랫폼에 입점할 계획이다. 플랫폼 업체는 아직 선정하지 않은 것으로 알려졌다.카드사들이 대환대출 비교 플랫폼 입점을 속속 준비하고 있다. ⓒ 연합뉴스이처럼 카드사가 대환대출 플랫폼에 입점하는 배경에는 금융당국의 압박이 자리한다. 금융당국은 내달 1일부터 대환대출 플랫폼에서 금융소비자가 자신이 받은 카드론 내역을 조회할 수 있도록 시스템을 정비한다. 이로 인해 플랫폼 이용자가 카드론을 대환할 수 있다는 사실을 쉽게 알 수 있다. 고객을 빼앗길 가능성이 커졌다는 얘기다. 카드사들이 플랫폼 입점을 고민하는 이유다.여기에 카드사의 대환대출 플랫폼 진출 실효성도 크지 않을 것이란 점도 작용한다. 카드사는 은행권보다 금리가 높을 뿐 아니라 대출 종류도 제한적이어서 경쟁력이 떨어진다고 판단해서다. 또 플랫폼 업체에 1% 안팎의 중개수수료까지 내야 해 카드사 부담은 가중되고 있다. 새로운 고객 유입보다는 고객 이탈을 신경써야 하는 상황이 벌어졌다는 평가다.실제로 카드론은 1금융권 상품과 비교했을 때 금리가 높다. 은행연합회에 따르면 지난 4월 5대 은행과 인터넷은행(토스·카카오·케이뱅크)의 가계 일반신용대출 평균 금리는 5.23~7.79%다. 같은 기간 7개 카드사의 카드론 평균 금리는 12.87~14.56%로 파악됐다. 카드론 금리가 두 배 이상 높다.카드업계 관계자는 ""대환대출 비교 플랫폼은 애초에 금융당국이 카드사에게 불리한 여건으로 깔아 놓은 판이다""라며 ""그럼에도 금융당국 압박으로 카드사들이 플랫폼 입점을 결정하고 있어 불만이 발생하고 있다""고 말했다.이어 ""플랫폼 입점은 신규 회원 유입보다는 상대적으로 금리가 저렴한 1금융권으로 소비자가 이동할 가능성이 크다""며 ""캐피탈, 저축은행과도 대출 상품이 달라 결국 카드사간 금리 경쟁으로밖에 이어지지 않을 것""이라고 내다봤다.반면 플랫폼 업체는 카드사 입점에 반색하고 있다. 카드사 주 고객인 중저신용자 고객을 확보하게 되면 소비자 데이터를 축적, 분석할 수 있게 돼서다. 아울러 중개수수료 수입과 함께 자체 대출상품 운용하고 있어 유리한 시장 환경이 조성됐다.업계 관계자는 ""현재 대출 플랫폼 시장은 네이버·카카오·토스 3사 주도로 이뤄지고 있다""며 ""개인 신용대출 고객의 70% 이상이 플랫폼을 통해 유입되고 있는 만큼 요식업체들이 배달 앱에 종속된 것과 비슷한 현상이 금융업계에도 발생할 수도 있을 것""이라고 예상했다."
604957,빚 부담 늘고 갚을 여력 떨어졌다…DSR 2분기 연속 40% 돌파,장민태 기자,2023.06.26 15:33:00,"가계대출 DSR이 지난해 4분기에 이어 올해 1분기에도 40%를 넘어섰다. ⓒ 연합뉴스[프라임경제] 가계대출 총부채원리금상환비율(DSR)이 지난해 4분기에 이어 올해 1분기에도 40%를 넘어선 것으로 나타났다. 이와 함께 가계대출 부실 신호는 커지고 있어, 대출 리스크 관리가 필요하다는 지적이다.김희곤 국민의힘 의원이 한국은행에게 제출받은 자료에 따르면 올해 1분기 가계대출 DSR은 40.3%로 나타났다. 이는 지난해 4분기 DSR 40.6%에 이어 2분기 연속 40%대를 기록한 것이다.DSR은 개인의 대출 원리금(원금+이자) 상환액을 연 소득으로 나눈 비율이다. 현재 DSR 상승은 금리 인상 때문이라는 게 은행권 중론이다.은행권 한 관계자는 ""DSR 산출 시 분자 역할인 이자가 금리인상기로 인해 늘었기 때문""이라며 ""전체 DSR이 늘어났다는 건 그만큼 대출자 부담이 늘어났다는 것으로 보면 된다""고 설명했다.늘어난 이자 부담만큼 은행권 부실위험이 늘어나고 있다. 이번 자료에 따르면 가계대출 고정이하여신비율은 1분기 기준 0.24%로 집계됐다. 이는 직전분기 대비 0.05%p 올랐다. 금융연구원은 고정이하여신비율이 올해 말 0.33%까지 악화할 것으로 예측했다.아울러 은행 및 비은행금융기관의 가계대출 연체율은 1분기 기준 0.31%, 1.76%로 나타났다. 이는 지난해 3분기 대비 각각 0.12%p, 0.46%p 오른 것으로 가파른 상승세를 보였다.김희곤 의원은 ""현재 가계대출 리스크 규모가 계속 늘어나지만 상환 여력은 줄어드는 상황""이라며 ""가계대출 부실화가 급격화할 수 있는 만큼 가계대출 리스크에 대한 금융당국의 적극적인 관리가 필요하다""고 말했다."
605075,"안 찾아간 돈만 12조원…금융위 ""숨은 보험금 찾아가세요""",전대현 기자,2023.06.27 14:18:55,"[프라임경제] 금융위원회는 오는 9월부터 '숨은보험금 찾아주기 캠페인'을 실시할 계획이라고 밝혔다.27일 금융위에 따르면 현재까지 보험금 지급사유가 발생해 지급금액이 확정됐으나 청구·지급되지 않은 보험금이 약 12조4000억원에 달한다. 중도보험금을 비롯해 △만기보험금 △휴면보험금 △기타 사망보험금 △폐업사업장 퇴직연금 미청구 적립금 등이 이에 해당한다.현재 △중도보험금 8조9338억원 △만기보험금 2조6672억원 △휴면보험금 7571억원을 찾아가지 않은 것으로 파악됐다. 숨은 보험금은 계약자 주소 및 연락처 변경 등으로 인해 보험사로부터 안내받지 못해 발생하는 경우가 많은 것으로 알려졌다.이에 금융위는 9월부터 최신 주소로 숨은 보험금이 있는 보험계약자나 보험수익자에게 우편으로 안내하는 '숨은 보험금 찾아주기 캠페인'을 실시할 계획이다.숨은보험금 찾아주기 캠페인 추진 개요. ⓒ 금융위원회아울러 금융위와 보험업계, 서민금융진흥원은 내년부터 휴면보험금의 서민금융진흥원 출연 시기를 현재보다 1년 앞당기기로 했다. 현재 보험회사는 관련법에 따라 휴면보험금을 서민금융진흥원에 출연한다. 기존 2년이던 출연 시기를 1년으로 앞당기는 것이다.출연된 휴면보험금은 서민금융진흥원에서 관리한다. 이자 등 휴면보험금 운영수익금은 전통시장 지원, 소액보험 지원 등의 취약계층 지원사업에 활용된다. 지난해 보험업권이 출연한 휴면보험금은 1055억원이다.금융당국 관계자는 ""출연시기를 1년가량 앞당겨 서민금융진흥원의 취약계층 지원사업이 확대할 것으로 기대된다""며 ""휴면보험금은 이자가 제공되지 않아 바로 찾는 것이 유리하다""고 말했다."
605822,"동양생명, 보험계약대출 최고금리 '9.9%→5.95%' 인하",이원지 기자,2023.07.04 17:11:40,"[프라임경제] 동양생명(082640)이 보험계약대출(보험약관대출) 이용 고객들의 이자 부담을 덜기 위해 금리 확정형 상품의 보험계약대출 최고금리를 인하한다고 밝혔다.4일 동양생명은 보험계약대출에 적용되는 최고금리를 기존 9.9%에서 3.95%p 인하된 5.95%로 변경했다. 인하 금리는 지난 1일부터 적용됐다.동양생명이 금리 확정형 상품의 보험계약대출 최고금리를 인하한다고 밝혔다. ⓒ 동양생명동양생명은 최고 금리 인하의 혜택을 신규 고객뿐 아니라 기존 고객에게도 적용해 보다 많은 고객들이 이자 감소 혜택을 누릴 수 있도록 했다.변경된 최고금리를 적용받으면, 예정이율이 5.95% 이상인 상품을 통해 보험계약 대출을 받은 고객들은 가산금리가 전혀 적용되지 않는다. 가산금리 이자 부담 없이 기준금리인 예정이율 이자만 부담하면 된다. 다만, 금리 확정형 상품만 해당된다. 금리연동형 상품의 금리는 기존과 동일하다.동양생명 관계자는 ""고물가 및 고금리 등으로 가계의 이자상환 부담이 커지고 있는 상황에서, 당사 보험계약대출 이용자들의 이자 부담을 줄이고자 최고금리를 인하했다""며 ""동양생명을 신뢰하는 고객들을 위한 서비스를 지속적으로 제공할 것이다""고 말했다."
605308,"[카드] NH농협은행, 대한적십자사 '긴급구호키트' 전달",장민태 기자,2023.06.29 11:20:38,[프라임경제] NH농협은행이 지난 28일 대한적십자사에 이재민을 위한 긴급구호키트와 특별회비를 전달했다고 29일 밝혔다.
606039,"[카드] 우리은행, 'WON THE VIBE 합정' 팝업스토어 신설",이유진 기자,2023.07.06 10:53:42,[프라임경제] 우리은행(316140)은 상권 활성화와 소상공인 상생을 위해 세 번째 팝업스토어인 'WON THE VIBE 합정'을 신설했다고 6일 밝혔다.
605344,"[카드] 우리금융, 군 복무 트라우마 치유 지원",장민태 기자,2023.06.29 15:00:42,[프라임경제] 우리금융미래재단(이사장 임종룡)이 군 복무 중 경험한 트라우마로 고통받는 전·현직 군인과 가족을 위해 '우리(Woori) 히어로 트라우마 치유 지원사업'을 진행한다고 29일 밝혔다.
605282,"""유동성 확보"" 롯데카드, 3000억원 규모 ABCP 발행",전대현 기자,2023.06.29 10:35:28,"[프라임경제] 롯데카드가 3000억원 규모 국내 ESG 자산유동화기업어음(ABCP)를 29일 발행했다.ABCP는 유동화전문회사(SPC)가 매출채권이나 회사채 등 자산을 담보로 설정해 발행하는 기업어음이다. 이번 ABCP는 신용카드 매출채권을 기초자산으로 발행됐다. KB국민은행이 투자자로 참여한다.롯데카드가 3000억원 규모의 ABCP를 발행했다. ⓒ 롯데카드3년간 3개월 단위로 롤오버(최종 상환 시까지 차환이 지속적으로 이어짐)되고, 3년 후 최종 상환되는 구조다. KB국민은행으로부터 ABCP 매입보장을 받아 시장 변동성에 대한 안정성도 확보했다.롯데카드는 2021년 글로벌 ESG 인증기관 서스테이널리틱스(Sustainalytics)로부터 적격성 인증을 받은 'ESG 프레임워크""를 기초로 이번 ABCP를 소셜본드(Social Bond)로 발행했다.조달된 자금은 저소득층에 대한 금융서비스 지원 목적으로 사용될 예정이다. 롯데카드는 2020년부터 △저소득층 △영세·중소 가맹점 등 사회적 취약계층 지원을 위해 ESG채권을 지속적으로 발행해 오고 있다. 누적 발행액은 1조3240억원이다.롯데카드 관계자는 ""시중은행과 신용카드 자산을 기초로 한 사모 ABCP 발행에 성공해 안정적인 유동성을 확보했다""며 ""이번 발행을 시작으로 국내 투자자 대상 자산유동화 시장이 더욱 활성화 되는 계기가 되길 바란다""고 말했다."
605460,"'출시 1주년' 삼성화재 애니핏 플러스, 새 광고 공개",전대현 기자,2023.06.30 14:36:45,"[프라임경제] 삼성화재(000810)는 16일 '애니핏 플러스' 출시 1주년을 맞아 신규 영상 광고를 삼성화재 공식 유튜브 채널을 통해 선보였다.공개된 영상은 총 3편이다. 애니핏 플러스 애플리케이션의 다양한 기능을 6초짜리 짧은 영상으로 보여준다.이번 광고의 핵심 슬로건은 'anything possible, Anyfit PLUS'다. 건강관리를 위해 무엇이든 시도해보자는 의미를 담고 있다. 앱이 갖고있는 기능들을 짧은 영상에 담아서 정보를 제공하고자 했다.삼성화재 애니핏 플러스 앱 광고 영상 걷기편. ⓒ 삼성화재각각의 광고에서는 애니핏 플러스의 핵심 기능인 △발병 위험 예측 분석 △팀 걷기 챌린지 △영양제 추천 서비스를 소개한다.도사편은 애니핏 플러스의 '주요 질환 발병 위험 예측 기능'에 대해 소개한다. 앞으로 다가올 일들을 점치는 도사처럼 애니핏 플러스가 건강검진 결과 데이터를 인공지능으로 분석하여 발생할 수 있는 주요 질환 발병 리스크에 대한 예측이 가능하다는 점을 보여준다.두번째 걷기편은 애니핏 플러스의 신규 기능인 팀 걷기 챌린지와 관련한 내용이다. 이 기능은 이용자들이 팀을 구성하여 상대 팀과 정해진 기간 동안 걸음 수 경쟁한 결과에 따라 리워드가 지급된다.마지막 영양제 편에서는 애니핏 플러스의 엄마같은 모습을 보여준다. 이용자들의 상황에 맞게 필요한 영양제를 추천해주고, 복용 알림 기능까지 제공한다."
605420,"[카드] 카카오뱅크, 입출금통장 인증 수단 '여권' 확대",이유진 기자,2023.06.30 10:25:54,[프라임경제] 카카오뱅크(323410)가 입출금통장 신규 및 재발급시 여권을 사용할 수 있도록 인증 수단을 확대했다고 30일 밝혔다.
605039,"[카드] 하나금융그룹, 미얀마 사이클론 피해 지역에 학용품 전달",이유진 기자,2023.06.27 10:49:17,[프라임경제] 하나금융그룹(086790)이 미얀마 양곤 소재 현지법인 하나마이크로파이낸스 본사에서 사이클론 '모카' 피해 지역 현지 학생들을 위한 학용품 전달 행사를 가졌다고 27일 밝혔다.
605030,"금감원, 수협 자금세탁방지 업무 소홀에 ""체계 개선"" 요구",이유진 기자,2023.06.27 10:10:44,[프라임경제] 수협중앙회(이하 수협)가 적정 기준도 없이 문제를 현지 조치하는 등 '자금세탁방지(AML)' 업무 소홀로 금융감독원(이하 금감원)으로부터 개선 요구를 받았다.27일 금감원에 따르면 수협이 2019년 1월∼2022년 9월 전체 조합을 대상으로 실시한 검사는 4회에 불과했다. 또 적정한 기준 없이 지적사항 152건의 대부분(145건·95%)을 현지 조치한 것으로 드러났다.이에 금감원은 전문검사를 확대하고 조치기준을 마련하는 등 자금세탁방지 검사의 실효성 제고를 권고했다.금융감독원 사옥 전경. ⓒ 금융감독원아울러 금감원은 전담인력 보강 및 주기적 점검절차 마련도 요구했다. 지난해 11월 말 기준 단 1명이 중앙회와 조합의 자금세탁방지 업무를 담당하는 등 인력 부족 문제가 발생한 탓이다.이밖에 수협이 자금세탁방지 업무에 대해 독립적 감사를 실시하고 있지만 감사 주기가 길고 감사 결과를 이사회에 보고하지 않았다는 점도 지적됐다.공제보험 등 자체 금융상품을 판매하면서 조합과 제3자 고객확인 위수탁 계약을 체결했으나 이에 대한 자금세탁방지 업무 점검 절차를 마련하지 않았다는 사실 역시 드러났다.금감원은 이와 관련해 수협에 △감사 주기 단축 △점검 결과 이사회 보고 △위수탁업무 점검 실시 등 자금방지세탁 업무에 대한 내부통제체계를 강화를 요청했다.또 수협의 고객확인업무 운영체계와 의심스러운 거래·고액현금거래 보고업무도 개선할 필요가 있음을 권고했다. 수협이 위험평가모형 적정성을 주기적으로 점검하지 않았고 고객정보 변경사항 반영 주기가 길다는 평가를 받았기 때문이다.이와 함께 금감원은 수협은 금융정보분석원에 의심거래 추출건을 보고하면서 보고 제외 사유를 형식적으로 기재했고 의심거래 추출기준에 대한 관리가 미흡했다고 평가했다.
604974,"[카드] 농협, 자동화된 기업여신 심사 시스템 가동",장민태 기자,2023.06.26 15:59:16,[프라임경제] 농협(회장 이성희) 상호금융은 자동화된 '신(新)기업여신 심사 시스템'을 가동한다고 26일 밝혔다.
605589,[보험 TMI] NH농협생명·동양생명·교보생명 외,전대현 기자,2023.07.03 11:08:59,"[프라임경제]보험 시장은 국민 대다수가 가입할 만큼 풍부한 수요를 확보했음에도, 치열한 경쟁이 펼쳐지는 '레드오션'으로 꼽힌다. 이에 보험사는 시장 내 입지 확보 차원에서 각종 새로운 상품과 마케팅과 같은 프로모션을 쏟아내고 있다. 본지는 'T·M·I(Too Much Insurance)'를 통해 보험사 정보를 들려주고자 한다.오늘의 보험 TMI 주인공 △NH농협생명 △동양생명 △교보생명 △한화손해보험 △AXA손해보험◆NH농협생명, 경쟁력 높인 신상품 3종 출시NH농협생명이 신상품 3종을 3일 출시했다. 신상품은 △병원비든든NH의료비보장보험(갱, 무) △369뉴테크NH암보험(무) △하나로든든NH연금보험(무)이다.병원비든든NH의료비보장보험(갱, 무)는 질병코드, 수술 여부에 관계없이 급여의료 본인부담금을 보장하는 건강보험이다. 보험금 지급 후 소멸되는 기존 건강보험과는 다르게 매년 보장금액이 리필돼 최초 가입시점과 동일한 기준으로 보장금액이 복원된다. 주 계약만 가입해도 모든 질병·재해로 인한 급여의료비 본인부담금을 보장한다. 치료·수술·입원·통원치료를 보장한다. 보험금은 모바일 간편 동의로 지급받을 수 있다.NH농협생명이 신상품 3종을 3일 출시했다. ⓒ NH농협생명369뉴테크NH암보험(무)은 기존 암보험과 다르게 주 계약에서 암 검사부터 수술자금까지 한 번에 보장한다. 신규 암검사비 5종(MRI·암CT·PET·암초음파·특정급여NGS유전자패널검사)을 탑재하고 암수술보험금(치료비) 중심으로 설계됐다. 보험료는 3·6·9만원으로 선택해 가입 가능하다. 8가지 특약을 구성해 필요한 보장을 선택할 수 있다.하나로든든NH연금보험(무)은 일시납 운영 하이브리드 연금보험이다. 적립액 적용이율이 가입 후 5년 이내는 3.9%의 확정이율, 가입 후 5년 초과 시 공시이율을 적용한다. 가입금액 1억원, 남자 40세 기준 5년 경과시점 환급률은 118%이다. 5년 경과시점에는 기본보험료의 2.2%를, 10년 경과시점에는 기본보험료의 2.0%를 추가 적립보너스로 지급한다. 납입은 일시납으로 연금개시나이는 45세에서 80세다.◆동양생명, 유병자 가입문턱 낮춘 보험 출시동양생명(082640)이 유병자 맞춤형 종합간편보험 '(무)수호천사NEW간편내가만드는보장보험'을 출시했다. 해당 보험은 가입자가 세분화된 특약 급부를 활용해 필요한 보장을 선택하고, 간편하게 가입할 수 있도록 개발한 상품이다.간편보험으로 가입 시 △2개월 내 입원 필요 소견, 수술 필요 소견, 추가 검사 필요 소견 여부 △N년내 입원 여부(N=0인 경우 입원 여부 질문 없음) △5년 내 질병 여부(암·협심증·심근경색·뇌졸중·간경화·심장판막증·투석 중인 만성신부전증) 등 3개 항목만 고지하면 된다. N년 이내 입원 및 수술 여부가 아닌 입원여부만 고지하게 해 가입문턱을 대폭 낮췄다.동양생명이 유병자 맞춤형 종합간편보험을 출시했다. ⓒ 동양생명상품은 사망 보장을 주 계약으로 사망 시 100만원의 사망보험금을 지급한다. 또 암·질병 및 재해·입원·수술 등 73개의 다양한 특약 가입을 통해 주요 담보를 하나의 보험으로 모두 보장받을 수 있다. 주계약 가입금액 100만원 기준이다.다양한 예방·전조 증상 및 치료 관련 특약이 특징이다. '(무)간편급여암MRI검사지원특약(갱신형)'은 암의 진단 및 치료를 목적으로 급여 MRI 검사 시 연간 1회에 한해 5만원을 지급한다. '(무)간편간암진단비특약' 및 '(무)간편위암진단비특약'은 보험기간 중 각각 간암, 위암 진단 시 최초 1회에 한해 1000만원을 보장한다. 이외에도 △(무)간편암다빈치로봇수술특약(갱신형)_암Ⅰ보장형 △(무)간편특정심장질환(기타 부정맥포함)진단특약 등 다양한 상품을 마련했다.질병입원 및 질병수술 등 의료보장특약도 한층 강화했다. ‘(무)간편의료보장(질병입원)특약’은 1~3종 질병까지는 1입원일 당 최소 2만원~최대 5만원을, 4~6종 질병은 1만원을 보장한다. 수술형은 최대 300만원까지 보장한다.아울러 계약전환제도를 운영해 보험료 납입 부담을 완화했다. 최초 계약일 이후 무사고 시 매년 고지형태를 조정해 본인의 건강상태에 맞춘 보험료를 납입할 수 있다. 가입 나이는 만 15세부터 80세까지다. 고령 유병자 보험의 사각지대를 해소했다는 설명이다.◆'3040 선택권 확대' 교보생명, e보험 상품 출시교보생명은 소비자가 직접 모바일을 통해 보험 가입을 할 수 있는 채널을 오픈하고 총 7종의 e보험 상품을 출시한다고 3일 밝혔다.이번 모바일 보험 가입 채널에서는 디지털에 익숙한 3040세대 소비자 선택권을 확대하는데 초점을 맞췄다. 소비자가 일상에서 발생하는 위험 보장은 물론 주요 질병 보장까지 각자 상황에 맞는 꼭 필요한 보장을 모바일로 직접 선택, 가입할 수 있는 점이 특징이다.교보생명이 20년 연속 KSQI 우수콜센터에 선정됐다. ⓒ 교보생명e보험 상품은 △암케어 △용종케어 △뇌·심장케어 △생활습관케어 △감염케어 △상해케어 △1년 저축보험 등 간편하게 가입할 수 있는 7종의 미니보험으로 구성됐다. 가입 고객이 남긴 가입 리뷰와 상품별 자주 묻는 질문 등을 활용해 자신에게 꼭 맞는 상품을 선택하는데 도움을 받을 수 있다.e보험에 가입한 이들에게 전화·대면 상담 등 모든 채널의 상담과 유지서비스를 지원하며 탐색-가입-유지 전반에 걸친 경험을 제공할 계획이다.교보생명은 이번 채널이 관계사 전체 협업 과정에 있어 핵심 역할을 할 것으로 보고 있다. 고객에게 개인별 맞춤형 서비스를 제공하기 위한 그룹 차원의 시너지 효과를 기대하고 있다.◆한화손보, 한화 시그니처 여성 건강보험 출시한화손해보험(000370)은 여성전용보험 '한화 시그니처 여성 건강보험' 신상품을 3일부터 판매한다. 여성 생애주기를 고려한 특약과 출산지원 및 난임 케어 등 서비스를 제공하는 것이 특징이다.상품은 지난 6월 설립한 LIFEPLUS 펨테크연구소의 1호 작품이다. 생리·임신·출산·갱년기·폐경 등 여성 고유의 생리현상을 비롯해 유방암·갑상선암·난소·자궁암 등 여성에 특화된 보장과 서비스를 담은 상품이다. △여성특화통합진단비 △출산지원패키지 △난임 케어 패키지 △무사고전환 할인제도 등 여성의 특화 위험에 포커스를 맞췄다.한화손해보험이 한화 시그니처 여성 건강보험을 출시했다. ⓒ 한화손해보험특히 업계 최초 여성특화통합진단비를 신설한 것이 특징이다. 유방·난소·자궁·갑상선 등 암 진단비는 물론 갑상선기능 항진증 등 암 전조증상 진단까지 하나의 특약으로 폭넓게 보장한다. 상품은 '50%이상후유장해 및 뇌혈관·허혈성심장질환'을 납입지원 특약 요건에 추가했다.출산지원패키지는 출산 후 휴직으로 인해 가계소득은 떨어지는 반면, 육아로 인한 당장의 생활비 증가에 부담을 느끼는 여성들의 의견을 수렴해 개발했다. 출산 후 1년은 보장보험료를 한화손해보험이 부담한다. 육아 등으로 휴직 시 1년간 보험료는 납입을 유예해 보험료 부담을 줄였다.난임케어패키지는 저출산과 여성난임 문제를 지원하기 위해 연구해 개발된 특약이다. 난임의 진단-치료-출산의 난임 치료 싸이클에 맞춰 특약을 구성했다. 난임 진단 시 최초 1회 100만원을 지급하고, 급여 인공수정치료 시 최대 300만원의 가입금액을 제공한다. 난임치료 후 출산 시 최대 400만원의 축하금을 준다. 3년·10년 만기 갱신형으로 운영한다. 가입 연령은 만15세에서 70세다.◆AXA손해보험, 운전자 할인 특약 강화AXA손해보험이 운전자 할인 특약을 강화한다. 새롭게 강화된 특약은 △티맵 안전운전 특약 △카카오내비 안전운전 특약 △블랙박스 특약 △안전장치 장착 특약 △3049 특약 총 5종이다.티맵 안전운전 특약과 카카오내비 안전운전 특약은 최근 6개월 이내 1000㎞ 이상 안전운전 점수가 일정 기준에 도달하면 5% 할인이 가능하다. 티맵 안전운전 특약은 80점 이상, 카카오내비 안전운전 특약은 70점 이상을 기준으로 하며 오는 4일부터 시행된다.AXA손해보험이 운전자 할인 특약을 강화한다. ⓒ AXA손해보험아울러 △블랙박스 특약 △안전장치 장착 특약 △3049 특약은 7월11일 가입자부터 기존보다 높은 할인율이 적용된다.블랙박스 특약은 피보험 자동차가 블랙박스를 장착하면 2.6%에서 3.5%로, 안전장치 장착 특약은 자동비상제동장치, 차선이탈경고장치가 장착돼 출고된 경우 8.9%에서 10%로 할인율을 높였다. 3049 특약은 피보험자가 만 30세 이상에서 만 49세 이하이며, 부부 또는 1인 특약을 가입한 경우 기존 평균 9%에서 평균 10.9%로 할인율을 확대했다."
605775,"손해보험 사회공헌협의회, '물막이판' 지원 사업 시행",이원지 기자,2023.07.04 14:30:54,"[프라임경제] 손해보험 사회공헌협의회는 희망브리지 전국재해구호협회와 지자체를 대상으로 여름철 장마 및 집중호우에 대비하기 위한 사회공헌사업을 본격 시행한다고 밝혔다.지원사업은 침수취약지역 반지하주택 등에 거주하는 주민과 복지기관이 대상이다. 3년간 30억원 규모의 물막이판과 역류방지시설 설치를 지원한다.먼저, 관악구 소재 사회복지기관 등에 물막이판 설치를 시작했다. 향후 반지하주택과 일반주택까지 설치를 확대할 계획이다.손해보험 사회공헌협의회가 장마철 집중호우에 대비하는 사회공헌사업을 진행한다. (왼쪽부터) 최성숙 신림종합사회복지관장, 박준희 관악구청장, 김지훈 손해보험협회 상무, 김정희 희망브리지 전국재해구호협회 사무총장. ⓒ 손해보험협회정지원 손해보험 사회공헌협의회 의장은 ""지난해 집중호우로 많은 침수피해를 입었고 올해도 많은 비가 예상되는데, 이번 재난 예방사업이 침수피해를 줄이는데 도움이 되기를 바란다""며 ""전국 지자체와 협의해 상습침수지역이나 재난취약지역 등 지원이 필요한 곳으로 사업을 확대해 나가겠다""고 말했다.김정희 희망브리지 사무총장은 ""침수방지 시설 지원사업을 진행할 수 있도록 기금을 마련해준 손해보험 사회공헌협의회에 감사드린다""며 ""다가오는 여름철 집중 호우를 대비한 침수방지시설 지원을 통해 관악구 주민 안전에 큰 효과가 있기를 기대한다""고 밝혔다.손해보험업계는 이번 재난피해 예방사업 뿐 아니라 이재민 임시주거 시설 제공, 재난취약지역 풍수해보험 지원 등 재난발생 시 피해 보상과 복구를 지원하고 있다. 3년간 총 70억원 규모의 사회공헌사업이다.한편, 4일 오전에는 서울 관악구 소재 사회복지관에서 해당 사업의 현장방문 행사가 열렸다."
605204,"""영상통화로 보험가입"" 금융위, 보험제도 하반기 개편",전대현 기자,2023.06.28 13:42:08,"[프라임경제] 이르면 하반기부터 영상통화만으로 보험에 가입할 수 있게 된다. 일부 보험제도가 개편되면서 소비자 편익이 더욱 향상됐다는 평가다.28일 금융위원회는 보험업법 시행령 및 감독규정 개정안이 다음달 1일부터 시행됨에 따라 하반기부터 달라지는 보험제도를 안내했다.금융위에 따르면 하반기부터 화상통화나 '하이브리드' 방식이 보험모집 수단으로 허용된다. 하이브리드 방식이란 스마트폰으로 보험 모집인의 안내를 들으면서 동시에 화면으로 보험 설명서 등을 보는 방식을 말한다. 현재 혁신금융서비스를 신청한 일부 보험사만 이를 활용할 수 있었다. 하반기부터는 모든 보험회사가 하이브리드 방식을 쓸 수 있다.비대면으로 진행되는 전화모집은 소비자가 보험설계사의 음성만 듣고 보험상품을 이해한 뒤 청약을 진행해야 하는 어려움이 있었다. 앞으로는 소비자가 스마트폰을 통해 음성으로 설명을 들으면서 글과 이미지를 결합한 설명서를 직접 볼 수 있게 됐다. 보험가입시 상품을 보다 잘 이해할 수 있을 것으로 기대된다.금융위원회가 보험업법 시행령 및 감독규정 개정안이 다음달 1일부터 시행됨에 따라 하반기부터 달라지는 보험제도를 안내했다. ⓒ 연합뉴스소비자가 직접 설계사를 만나지 않고 사무실이나 집에서 영상통화로 설계사의 설명을 듣고 보험가입을 할 수 있게 되면서 보험가입에 필요한 시간과 비용도 절약할 수 있게 됐다.보험회사가 보험상품과 연계해 사고 발생위험을 낮추는 물품을 소비자에게 제공할 수 있는 폭도 넓어진다. 지금까지는 보험계약을 체결·모집할 때 3만원을 초과하는 물품은 보험사가 제공할 수 없었다.그러나 하반기부터는 보험상품별로 해당 사고발생 위험을 낮추는 물품의 경우 20만원 또는 연간 보험료의 10%까지 제공할 수 있게 된다. 가령 주택화재보험에 가입하는 소비자에게 가스누출탐지기나 화재감지기를 주고 반려동물보험 가입자에게는 구충제나 예방접종 등을 제공할 수 있게 되는 식이다.생명보험협회 및 손해보험협회에서 운영하고 있는 보험상품 관련 비교·공시 항목도 개선된다.현재 보험상품별로 불완전판매비율 등을 공시하고 있지만, 1년 내 단기지표라는 점에서 보험상품의 중장기적인 만족도에 대한 정보는 제공하기 어려운 측면이 있다.이에 따라 하반기부터는 보험상품 공시에 계약 '유지율'이 추가돼 체결된 계약의 1·2·3·5년간 유지 비중을 확인할 수 있게 된다.금융위는 ""소비자는 정확한 정보를 기반으로 보험상품을 선택할 수 있고 보험회사는 장기적으로 소비자 만족도가 높은 상품을 판매하려는 노력을 제고하게 될 것으로 기대한다""고 전했다.오는 하반기 보험업법 시행령 및 감독규정 개정안에 따라 보험제도가 달라진다. ⓒ 연합뉴스환율변동 위험에 노출된 상품인 외화보험 판매시 보험사의 설명의무도 강화된다. 소비자에게 외화보험 실수요 여부를 확인하고 환율변동에 따른 보험료·보험금·해지시점별 해지환급금 등을 수치화해 설명토록 한다는 것이다.실적이 낮거나 소형인 법인보험대리점에 대한 경영공시 의무는 완화딘다. 하반기부터는 반기 중 모집실적이 100만원 이하인 법인보험대리점은 경영공시 의무가 면제되며 소속 보험설계사가 100명 미만인 소형 법인보험대리점은 과태료 부과금액 상한이 현행 1000만원에서 500만원으로 낮아진다.화재보험 공동인수제도도 개선된다. 이는 화재위험이 높아 보험가입이 어려운 건물도 화재보험에 가입할 수 있도록 보험회사들이 공동으로 인수하는 제도다.현재 화재보험 공동인수제도는 담보범위가 특수건물(국·공유건물, 학교, 백화점, 도매시장, 16층 이상 아파트, 공장, 다중이용업소 등)의 대인·대물 배상 및 자기건물손해에 한정돼 있는데 하반기부터는 담보를 화재보험에 부가되는 담보 전체로 확대하고 공동주택도 인수 대상으로 확대해 화재보험가입이 쉬워질 전망이다.이밖에 새 국제회계기준인 'IFRS17' 도입과 관련해 보험회사의 조건부자본증권 발행절차 및 세부사항 규정, 보험회사 책임준비금의 계리적 가정을 검증하는 선임계리사의 역할 확대, 파생상품에 대한 자산운용 비율 규제 개선 등도 하반기 시행된다.금융위는 ""제도개선은 7월1일부터 시행되고, 화상통화를 활용한 보험모집은 7월6일부터 운영될 예정""이라며 ""화재보험 공동인수제도 개선은 한국화재보험협회의 특수건물 특약부 화재보험 공동인수 상호 협정 개정을 거쳐 3분기 중 시행될 예정""이라고 전했다."
605808,"이권 카르텔 문제…이복현 금감원장, 엄정한 감독·검사 주문",장민태 기자,2023.07.04 16:16:47,"발언 중인 이복현 금융감독원장. = 장민태 기자[프라임경제] 이복현 금융감독원장이 간부들에게 최근 이권 카르텔과 관련해 원칙 중심의 감독·검사업무 수행을 주문했다.4일 금융감독원(이하 금감원)은 '반부패·청렴 워크숍'을 개최했다. 이번 워크숍은 금감원 고위직 및 주요 보직자들의 반부패 의지를 고취하고 청렴 시책 추진동력을 확보하기 위해 마련됐다.이날 이 원장은 ""최근 사회전반에 걸쳐 이권 카르텔이 문제 되는 만큼 원칙에 입각해 엄정하게 감독·검사업무를 수행해야 한다""며 ""금감원 출신 금융사 임직원들과 사적 접촉 및 금융회사 취업에 있어서 한 치의 오해도 없어야 한다""고 강조했다.이어 ""우리 언행이 국민 기대치에서 조금이라도 벗어나는 순간, 신뢰받는 금융감독기구를 향한 노력이 한순간에 물거품 될 수 있다""고 첨언했다.또 그는 반부패 총괄기관인 국민권익위원회 평가 기준을 예시로 들며 금감원 윤리기준을 높일 것을 당부했다.이 원장은 ""도덕성에 대한 조직적 관심이 바쁜 현안 업무에 밀려 상대적으로 뒷순위에 그쳐왔다""며 ""권익위원회는 공공기관 청렴도 측정 시 법규 위반 행위뿐만 아니라 업무처리 과정의 공정성·투명성까지도 평가한다""고 설명했다.이어 ""더 이상 공직자 도덕성 또한 각 개인 노력에만 의지할 수 없다""며 ""조직차원에서 꾸준한 개발과 함양, 전사적인 참여를 통해서만 달성할 수 있다""고 말했다.이복현 금융감독원장이 반부패·청렴 워크숍 행사장인 본원 2층 대강당에 입장하고 있다. = 장민태 기자이후 박희정 권익위원회 공익심사팀장이 금감원 고위직 대상으로 반부패·청렴교육을 실시했다. 교육은 갑질금지 등 행동강령과 청탁금지법, 이해충돌방지법 등으로 구성됐다.한편, 이날 워크숍은 참석자 전원이 전사적 참여와 실전의지를 담은 '반부패·청렴 다짐'을 외친 뒤 마무리됐다."
605231,"'만 나이' 시행…은행 서비스 이용, 문제 없을까",이유진 기자,2023.06.28 15:32:45,"[프라임경제] 윤석열 정부 국정과제로 도입 추진된 '만 나이 통일법(행정기본법 및 민법 일부개정법률)’이 28일 시행됨에 따라 전 국민 나이가 한두 살 어려진다. '청년 대출', '주류' 등 나이를 기준으로 이용에 제한을 뒀던 서비스를 둘러싸고 혼란이 예상되는 가운데 은행권은 새 제도 도입에 따른 불편은 크지 않을 전망이다.이날 금융감독원(이하 금감원)은 콜센터 내 금융불편 상담센터를 설치했다고 밝혔다.금융감독원 사옥 전경. ⓒ 금융감독원금융불편 상담센터는 만 나이 전환에 따른 금융 관련 문의사항을 처리하기 위해 마련됐다. 이 센터는 불편 사항이 접수되면 이에 대한 안내를 직접 진행하거나 금감원 소관 부서 및 금융사로 전달한다.금감원은 은행권과 카드업계에 만 나이 도입 관련 혼선은 없을 것으로 판단했다.앞서 금감원은 만 나이 사용을 명확히 규정한 민법 일부개정법률안이 국회 본회의를 통과했던 지난해 12월부터 금융법령 연령과 관련한 규제 현황을 점검한 바 있는데, 은행권·카드업계는 만 나이를 기존부터 사용하고 있어 혼란이 없을 것으로 결론 냈다.실제로 시중은행과 인터넷은행 등 은행권은 기존 상품 가입 기준에 만 나이를 적용하고 있다. 가령 청년 전세대출은 '만 34세 이하', 청년도약계좌는 '만 19세 이상∼34세 이하'와 같이 만 나이를 기준으로 가입 대상이 설정돼 있다. 아울러 은행권은 업계 지침과 규준 또한 이미 만 나이를 적용하고 있다.은행 관계자는 이와 관련 ""이전부터 모든 상품 및 서비스의 명확한 기준 성립을 위해 만 나이로 업무를 통일해 왔다""며 ""제도가 시행되더라도 큰 혼선은 없을 것""이라고 말했다.카드업계 역시 신용카드뿐 아니라 미성년자도 가입할 수 있는 체크카드를 만 나이 기준으로 발급하고 있어 별다른 조치가 필요하지 않다고 분석된다.이에 반해 보험업권은 '보험나이'라는 개념을 별도로 사용하고 있어 유의해야 한다는 게 금감원 설명이다.금감원 관계자는 ""내 나이가 줄어들었는데 왜 보험료는 줄어들지 않는지 궁금해하는 분들도 있다""며 ""생명보험·실손보험 등 생명이나 신체와 관련된 보험은 '보험 나이'라는 개념을 쓰기 때문인데, 상담센터 운영을 통해 소비자 혼란을 방지할 것""이라고 말했다."
605653,진옥동 신한금융 회장 '내부통제 책무구조도' 조기 도입,이유진 기자,2023.07.03 16:28:28,"[프라임경제] 진옥동 신한금융그룹(055550) 회장이 '내부통제 책무구조도'를 법령 통과 후 조기에 도입할 예정이라고 3일 밝혔다.진 회장은 이날 하반기 그룹 문화행사인 '신한컬처위크'에서 신한라이프 임직원 대상 첫 번째 CEO 강연을 진행했다.신한금융그룹, 그룹 창업기념일 맞아 '신한컬쳐위크' 운영. ⓒ 신한금융그룹그는 내부통제 책무구조도 도입에 관해 언급하며 ""그룹의 지속성장가능성을 위해서는 철저한 내부 견제와 검증을 통해 업무의 모든 과정이 정당화돼야 한다""고 강조했다.내부통제 책무구조도란 금융사 임원 담당업무에 따른 내부통제 책무를 배분해 책임소재를 분명히 하는 지도다. 최근 금융당국은 경영문화 개선 및 건전한 소비자 보호 체계 정착을 목표로 추진을 발표한 바 있다.진 회장은 ""재무적 1등보다 고객으로부터 인정받는 것이 진정한 일류""라며 ""투자상품 사태 이후 뼈아픈 반성 속에서 한 단계 높은 내부 통제를 기반으로 고객과 사회로부터 인정받는 '일류' 신한을 위해 나아가자""고 당부했다."
605916,은행 '돈잔치' 논란…직원 성과급·희망퇴직금 공개,이유진 기자,2023.07.05 11:34:33,"[프라임경제] 은행 임직원의 성과보수체계가 낱낱이 공개된다. 지난해 은행권이 고액 성과금·배당을 지급해 촉발된 '돈 잔치' 논란에 대한 금융당국이 내놓은 방안이다.5일 금융당국에 따르면 기존 임원 성과급의 40%를 3년에 걸쳐 제공되고 있던 관행에서 벗어나 성과급의 50%를 5년간 나눠 받도록 개선된다. TF(태스크포스)를 통해 성과급 조정·환수에 대한 세부 기준을 마련하고 하반기 내 개정을 추진한다는 방침이다.서울 시내에 설치되어 있는 주요 은행들의 현금인출기. ⓒ 연합뉴스금융당국 관계자는 ""일부 금융사는 성과보수 유보제도도 부재하는 등 이연지급 및 성과급 환수·조정 등이 외국에 비해 축소된 형태로 운영되고 있었다""며 ""직원 특별성과급 배당 등에 대해서도 정보가 공개되지 않는 등 투명성·정보접근성이 제한돼 있다는 비판도 제기됐다""고 설명했다.아울러 ""주총에서 이사보수총액 한도만 승인할 뿐 개별 임원별 보수지급액 등이 공개되지 않는 등 정보도 부족한 상황""이라고 덧붙였다.이에 따라 금융당국은 개별 등기임원의 보수지급계획을 주주총회에서 설명하도록 하고 개별 임원의 보수지급액 공시도 강화할 예정이다. 이와 관련한 금융회사지배구조법 개정안은 현재 국회 계류 중이다.일반 직원 성과급·배당은 은행 경영현황 자율공개 보고서를 통해 구체적으로 공개하도록 할 예정이다. 국민과 시장이 은행에 대한 감시·견제 역할을 맡게 된 셈이다. 이 보고서에는 은행에서 어떻게 수익을 내며 발생한 수익을 어디에 활용하는지 등도 담기게 된다.금융당국 관계자는 ""직원의 성과급·희망퇴직금 및 배당 등을 포함한 경영현황을 보다 쉽게 이해할 수 있도록 경영현황을 자율 공개할 예정""이라며 ""자율공개 방안은 올해 3분기부터 시범 작성과 공개를 실시하고 내년 4월부터 본격 시행하겠다""고 말했다."
604978,"[뱅크룸] KB국민은행, 디지털서비스 개방 선도서비스 제공",이유진 기자,2023.06.26 16:48:49,26일 뱅크룸. ⓒ 프라임경제[프라임경제] KB국민은행(105560)이 행정안전부 등의 공공서비스를 모바일 애플리케이션(앱)에서 제공한다고 26일 밝혔다. 이날 카카오뱅크(323410)는 '세금·공과금 납부 서비스'를 출시한다고 발표했으며 산업은행은 'KDB스마트 오션인프라 펀드 프로그램'을 출시했다고 밝혔다.KB국민은행은 국민 편의 확대를 위해 행정안전부 및 소관기관들과 함께 공공서비스를 모바일 앱 KB스타뱅킹의 'KB 월렛'에서 제공한다. 제공되는 서비스는 자동차 검사 예약과 인천국제공항 지도다. 이용자는 자동차 시세와 검사 기간 등 중요 정보뿐 아니라 자동차 검사 예약까지 할 수 있다. 아울러 인천국제공항 지도 서비스는 △경로 안내 △출국장 혼잡도 △탑승상황 등의 정보를 보여준다. 국민은행은 향후 이용 가능한 공공 서비스를 확대할 계획이다.카카오뱅크는 앱에 국세와 국고금 고지서를 조회하고 납부까지 지원하는 서비스를 출시한다. 이번 서비스는 그동안 △인터넷지로 △국세청 홈택스 △CD·ATM 등으로만 납부 가능했던 부분을 앱으로까지 확장한 것이다. 이용자는 앱의 '세금·공과금 납부' 화면에서 납부해야할 세금 내역을 바로 확인할 수 있다. 또 카카오뱅크는 납부내역을 기간별로 통합 관리할 수 있도록 서비스를 구성했다.산업은행은 기존 선박 중심 해양금융 지원 대상을 항만·물류 등으로 대폭 확대하는 'KDB스마트 오션인프라 펀드 프로그램'을 출시했다. 이번 프로그램은 해양물류 전반의 효율화 지원과 세계적인 K-물류 기업 육성을 위해 추진됐다. 산업은행은 프로그램을 통해 △항만 자동화 △배후단지 및 스마트 물류센터 구축 △대체연료 벙커링 사업 등 해양물류 가치사슬 전반의 스마트화와 그린화를 위한 금융을 제공할 예정이다.
606050,"최철홍 보람그룹 회장, 2년 연속 '국내 최고 경영자' 쾌거",전대현 기자,2023.07.06 10:57:52,"[프라임경제] 최철홍 보람그룹 회장이 2년 연속 '한국의 최고 경영대상' 리더십부문 대상을 수상했다.한국의 최고 경영대상은 혁신을 통한 서비스 품질 향상으로 고객만족 경영을 실천하고, 사회적 책임을 다해 국가경제에 기여한 기업과 경영자를 선정하는 시상식이다.최철홍 회장이 한국의 최고 경영대상 리더십 부문 대상을 수상했다. ⓒ 보람그룹최철홍 회장은 32년간 고객 중심 경영을 바탕으로 국내 상조산업의 기틀을 마련한 점을 높게 평가받았다. 보람그룹을 창립하면서 현대화된 상조서비스를 개발, 수많은 고객들에게 상조서비스를 제공했다.상조업계의 △가격정찰제 △링컨 컨티넨탈·캐딜락 에스컬레이드 장의리무진 서비스 △전국 장례행사 직영센터 △장례 의전도우미 도입 △사이버추모관 및 모바일 부고알림 서비스 등의 상조서비스를 업계 최초로 도입했다. 이를 통해 보람상조는 △국내 최다 누적고객 수 △최다 행사 진행 건수를 달성하는 등 국내 대표 상조 브랜드의 면모를 갖추고 있다.아울러 보람그룹은 기획재정위원회로부터 산업발전유공부문상을 받았다. 경영자와 기업이 동시에 수상해 2관왕의 쾌거를 안은 것이다.보람그룹 관계자는 ""2년 연속으로 의미 있는 상을 받게 돼 기쁘다""며 ""앞으로도 '고객중심 나눔경영'이라는 철학을 바탕으로 상부상조 정신을 지키고 고객을 비롯한 우리 사회와 상생하는 기업이 되도록 최선의 노력을 다할 것""이라고 말했다.한편, 보람상조는 장례서비스 외에도 웨딩·여행·리빙·교육 등 다양한 서비스를 선보이고 있다. 그룹사에서는 제조·건설·IT·바이오 등의 사업을 펼치면서 고객 생활 전반에 걸친 '토털 라이프케어 서비스' 기업으로 자리 잡고 있다."
605717,"SC제일은행 ""하반기 투자전략…균형 잡힌 포트폴리오""",이유진 기자,2023.07.04 09:48:56,"[프라임경제] SC제일은행이 자산관리(WM) 고객을 위한 '2023년 하반기 글로벌 금융시장 전망 및 투자전략 보고서'를 발표했다고 4일 밝혔다.SC제일은행 전경. ⓒ SC제일은행이번 보고서에 따르면 상반기 금융시장은 △추가 긴축 불확실성 △미국 중소형 은행 파산 이슈 등으로 단기간 투자심리 위축이 발생했으나, 주요국 경제지표 및 기술주 주도 성장 기대를 바탕으로 양호한 흐름을 이어간 것으로 보인다.또 하반기로 접어들면서 금융시장에는 연초부터 이어진 주식시장의 강세가 지속될 것이라는 낙관론과 함께 심각한 경기침체 진입을 바라보는 비관적인 시각이 공존한다는 분석이다.이에 SC제일은행과 스탠다드차타드(SC)그룹 투자 전략 전문가들이 이번 보고서를 통해 제시한 2023년의 하반기 핵심 투자테마는 'C.A.L.M: 시장에 머무는 힘(Keep CALM and carry on)'이다.불안정한 시기일수록 시장의 변동성에 흔들리지 않는 'C.A.L.M' 전략을 활용해 안정적인 포트폴리오 다각화와 더불어 균형 잡힌 투자에 집중하는 것이 중요하다는 입장이다.세부 투자 전략으로는 △포트폴리오 내 우량 국공채 비중확대 및 주식 핵심보유를 통한 시장 기회 확보(Capitalise on market opportunities) △분산 투자를 통한 다각화로 포트폴리오 기반 강화(Allocate broadly) △아시아 주식 및 채권의 상대적 가치 부각 가능성 집중(Lean to Asia)등을 내세웠다.아울러 단기적인 기회를 모색하는 관점에서 주식 시장의 변동성 적극 활용(Manage volatility)도 제안했다.사친 밤바니(SachinBhambani) SC제일은행 자산관리부문장은 ""앞으로도 고객들의 재무적 목표에 맞춘 최적의 자산배분 전략과 투자방향을 제시할 것""이라며 ""C.A.L.M 전략으로 균형 잡힌 포트폴리오를 관리하고 올 하반기에도 성공적인 투자 성과를 거두길 바란다""고 말했다."
605994,"'집중호우 대비' DB손해보험 ""침수예방 비상대응팀 운영""",이원지 기자,2023.07.05 16:53:17,"[프라임경제] DB손해보험(008530)은 올해 슈퍼 엘니뇨에 따른 집중호우 등으로 발생할 수 있는 차량 침수손해 예방을 위해 비상대응팀을 운영한다고 5일 밝혔다.DB손해보험은 올해 집중호우 등으로 발생할 수 있는 차량 침수손해 예방을 위해 비상대응팀을 운영한다고 밝혔다. ⓒ DB손해보험DB손해보험은 침수사고 발생 시 원활한 고객서비스를 제공하기 위해 2012년부터 '침수예방 비상대응팀'을 운영 중이다. 지난해 기록적인 폭우로 인한 서울 강남, 경북 포항지역 침수 사고에도 효과적으로 대응해 신속한 보상처리 및 서비스를 제공했다.올해는 '침수 다발지역 데이터 분석'을 통해 차별화된 안내와 예방대책을 마련할 계획이다. 상습 침수 및 집중호우 예상지역에 거주하는 자동차보험 가입자에게 '침수유의 및 차량이동 안내 문자' 등을 발송할 예정이다.아울러 전국 지역별 상습 침수지역을 파악하고, 지방자치단체와 연계해 위험지역 순찰을 강화하는 등 사고 예방 및 최소화 활동을 강화할 방침이다.특보 발령 지역에 대해서는 '사전 비상 대응 준비태세'로 전환한다. 단기간 집중호우로 인해 출동서비스가 급증하거나, 침수차량이 다수 발생하는 등의 비상 상황을 대비해 비상캠프도 운영한다. 사고조치 프로세스를 사전에 준비하고 현장업무 지원에 만전을 기하고 있다는 설명이다.DB손해보험 관계자는 ""침수예방 비상대응팀 운영으로 자동차보험 가입자들의 안전을 지키고 재산상의 손해를 최소화하기 위해 노력하고 있다""며 ""이를 통해 고객만족도 개선을 기대한다""고 말했다."
605692,"금감원 권고에도…DB생명, 지주사 몰아주기 논란",전대현 기자,2023.07.03 18:30:33,"[프라임경제] DB생명이 지주사 DB Inc(012030)에 과도한 상표권 사용료를 지급하면서 '지주사 몰아주기' 논란에 휩싸였다. 그룹 내 계열사 DB손해보험도 같은 사례로 금융당국 지적을 받은 바 있어 비판을 면치 못할 것으로 보인다.3일 금융감독원에 따르면 DB생명은 투자영업수익 등을 포함한 상표권 사용료를 DB Inc에 지급한 것으로 파악됐다. 투자영업수익은 통상적으로 상표권 사용료에 포함되지 않는다. 이에 금감원은 지난달 19일 DB생명을 상대로 경영유의 조치를 내렸다.DB생명이 지주사에 과도한 상표권 사용료를 지급하면서 '지주사 몰아주기' 논란에 휩싸였다. 사진은 DB손해보험 본사 전경. ⓒ DB손해보험상표권료는 매출에서 광고선전비를 뺀 나머지 금액에 일정한 수수료율을 곱해서 계산한다. 이자･배당금 수익 등 투자영업수익은 상표 사용으로 인해 직접적인 경제적 효과가 발생한다고 보기 어렵다. 대부분의 기업이 투자영업수익을 상표권료에 포함하지 않는다.그러나 상표권 사용료가 내부 거래로 이뤄지는 만큼 별도제약이 없어 불합리한 방식으로 사용료율을 산정하는 사례가 꾸준히 발생하고 있다.문제는 그룹 내 계열사 DB손해보험도 2021년 같은 문제로 금감원으로부터 경영유의 조치를 받았다는 점이다.금감원 지적 이후에도 여전히 같은 산식으로 상표권료를 지급하면서 DB생명이 금감원의 개선 권고를 무시했다는 비판이 제기된다. 현재 DB Inc는 연간 300억원이 넘는 브랜드 수익을 올리고 있는 것으로 알려졌다.구체적으로 DB생명이 지난해 DB Inc에 지급한 연간 상표 사용료는 32억원으로 파악된다. 책정 산식에 적용된 수수료율은 0.15%다. DB손해보험이 지급한 상표 사용료는 266억원으로 알려졌다. DB그룹 내 보험사가 과도한 이름값을 DB Inc에 지급해 지주사 배불리기에 몰두하고 있다는 의견이 나온다.금융감독원은 ""비금융업을 영위하는 대부분 기업의 경우 매출에 포함하지 않는 항목인데도 회사는 이를 매출에 포함한 채 상표 사용료 책정 산식을 정했다""며 ""상표 사용과 무관한 수익 항목을 매출에서 제외하는 등 책정 산식의 합리성을 제고하는 방안을 마련할 필요가 있다""고 지적했다."
605490,"금융위, 금융정보분석원장에 이윤수 자본시장국장 임명",전대현 기자,2023.06.30 16:24:53,[프라임경제] 금융위원회가 이윤수 자본시장국장을 금융정보분석원(FIU) 원장으로 임명했다. 임기는 내달 3일부터다.이윤수 신임 FIU 원장. ⓒ 금융위원회이윤수 신임 FIU 원장은 서울대 국제경제학과와 미국 플로리다대 경영학과를 졸업했다. 이후 39회 행정고시에 합격하면서 공직에 입문했다.이 신임 원장은 금융위원회 금융시장분석과장을 비롯해 △보험과장 △중소금융과장 △은행과장 △자본시장조사단장 △자본시장국장 △대통령비서실 경제수석실 행정관 등을 역임했다. 금융 분야 최고 전문가로 평가받고 있다.
605191,"현대카드, 그룹 내 지위 평가 '4등급→3등급' 상승",전대현 기자,2023.06.28 11:12:04,"[프라임경제] 현대카드는 세계 3대 신용평가사 스탠더드앤드푸어스(S&P)가 현대카드의 그룹 내 평가 지위를 한 단계 상향하고 신용등급 전망을 'BBB Stable(안정적)' 으로 유지했다고 28일 밝혔다.현대카드의 그룹 내 평가 지위 상향은 S&P 등급을 취득한 2006년 이후 처음이다. S&P는 지난 23일(현지시간) 관련 보고서를 통해 현대카드의 그룹 내 평가 지위를 4등급인 'MSI(Moderately Strategically Important, 다소 전략적으로 중요한 자회사)'에서 3등급인 'SI(Strategically Important, 전략적으로 중요한 자회사)'로 한 단계 상향했다고 밝혔다.현대카드 본사 전경. ⓒ 현대카드S&P는 현대카드가 신용카드를 통한 차량 내 결제 서비스 사업을 통해 현대자동차그룹의 미래 전략에서 역할을 강화해 나가고 있다는 것에 주목했다.현대차·기아와 자동차 전용 신용카드(PLCC)를 운영하는 등 차량 판매에 기여하고 있다고 봤다. 아울러 현대캐피탈과 다양한 협업을 추진하는 등 그룹과 사업적 연관도가 강화되고 있다고 종합적으로 평가했다.실제 현대카드가 현대차·기아와 함께 운영 중인 PLCC는 지난해 6월 말 누적 발급량 200만장을 돌파했다. 친환경차 트렌드에 맞춘 전기차 특화 신용카드인 '현대 EV카드', '기아 멤버스 전기차 신용카드'도 발급량이 늘어나는 추세다. 지난해 12월에는 현대차와 함께 국내 카드업계 최초로 실물 카드 없이 유료도로 통행료 결제가 가능한 'e hi-pass'를 선보이기도 했다.한편 현대카드 신용평가 등급은 BBB(Stable)로 제자리를 유지했다. S&P는 현대차가 등급 상향을 못하고 있는 상황에서 계열지원 평가 가점을 받지 못해 등급을 유지했다고 설명했다."
605770,보이스피싱 피해자…'일괄지급정지' 영업점 신청 가능,이유진 기자,2023.07.04 14:28:44,"[프라임경제] 디지털 소외계층이 보이스피싱에 당했을 때 은행 영업점·고객센터 등에서 본인명의 계좌를 지급정지할 수 있게 된다.4일 금융당국에 따르면 '일괄지급정지 서비스'가 기존 온라인 채널에서 오프라인 채널까지 확대된다. 일괄지급정지 서비스는 지난해말 보이스피싱 피해자가 온라인 신청을 통해 계좌를 정지할 수 있도록 시행됐다.이어 이날 금융당국이 디지털 소외계층을 위해 일괄지급정지 서비스 신청 채널을 영업점 및 고객센터로 확대하는 2단계 운영방안을 마련한 것이다.서울 시내 현금인출기 모습. ⓒ 연합뉴스앞으로 금융소비자는 본인 거래 금융회사 영업점 방문 혹은 고객센터에 전화해 금융사기 피해 우려 계좌를 즉시 지급정지 신청할수 있다.이후 피해 우려가 종료되었다고 판단되는 경우에는 영업점을 방문해 지급정지한 모든 계좌에 대해 해제도 가능하다.금융당국 관계자는 ""서비스 이용 혜택 확대로 금융소비자 편의 증대가 증대되고 신속한 피해 예방에 도움이 될 것으로 기대된다""며 ""금융결제원과 함께 지속적으로 모니터링해 불편사항이 발생하는 즉시 개선해 나갈 계획""이라고 말했다."
605386,"이복현 금감원장 ""KB금융, 회장 인선 절차 업계 모범돼야""",장민태 기자,2023.06.29 17:44:20,"[프라임경제] 이복현 금융감독원장이 KB금융그룹(105560) 차기 회장 선임 절차와 관련해 후보들에게 공평한 기회를 제공해야 한다고 당부했다.이 원장은 29일 열린 우리카드 상생금융 발표 행사에 참석했다. 그는 이날 행사를 마친 뒤 기자들에게 ""KB금융 회장 인선 절차가 업계 모범을 쌓는 절차가 됐으면 좋겠다""고 말했다.발언 중인 이복현 금융감독원장. = 전대현 기자윤종규 KB금융 회장은 지난 2014년 11월부터 9년간 KB금융을 이끌어왔다. 현재까지 3연임에 성공한 윤 회장의 임기는 오는 11월 종료된다. 이에 따라 KB금융은 이미 차기 회장 후보 선정작업에 착수했다.금융권에 따르면 약 20명의 차기 회장 후보군을 담은 1차 롱리스트가 이르면 이번 주 안에 KB금융 이사회에 보고될 것으로 예상된다. 다만 통상 롱리스트는 외부에 공개되지 않는다. 현재 차기 회장 유력 후보로는 허인·양종희·이동철 부회장과 박정림 총괄부문장이 거론된다.이 원장은 ""KB금융은 승계 프로그램도 잘 짜여 있고 여러 가지 노력을 하고 있다는 것을 알고 있다""며 ""하지만 최근 점검을 통해 (회장 승계 절차에) 개선의 여지가 있다는 점을 발견해 의견을 전달했다""고 당부한 이유를 설명했다.이어 ""KB금융이 이를 선의를 갖고 받아들였을 것으로 이해하고 있다""며 ""지난해 말과 올해 초까지 여러 가지 지배구조 이슈가 있었던 만큼 금융당국도 금융위를 중심으로 제도와 관련된 노력을 하고 있다""고 덧붙였다."
605076,"[뱅크룸] 신한은행, '찾아가는 시니어이동점포' 서비스 제공 외",이유진 기자,2023.06.27 14:10:19,"27일 뱅크룸. ⓒ 프라임경제[프라임경제] 신한은행(055550)이 '찾아가는 시니어이동점포' 서비스를 제공한다고 27일 밝혔다. 이날 NH농협은행은 ESG채권 '농업지원 소셜본드' 발행에 성공했다고 발표했으며, KB국민은행(105560)은 '한국씨티은행거래 고객 편의 제고'를 위한 업무 제휴 협약을 체결했다고 밝혔다.신한은행은 양천어르신종합복지관 이동점포 서비스를 시작으로 '찾아가는 시니어이동점포' 서비스를 제공할 예정이다. 이는 매월 25일 서울 및 수도권 소재 복지관을 방문해 △연금관련 업무 △입출금통장 신규 및 재발행 △카드관련 업무 등 금융업무와 △스마트키오스크 체험 △보이스피싱 금융교육 등을 제공하는 서비스다. 오전 10시부터 오후 3시까지 운영하며, 오는 7월 25일에는 미추홀노인복지관을 방문할 예정이다.NH농협은행은 미화 6억달러 규모의 ESG채권 '농업지원 소셜본드'를 발행했다. 발행된 채권은 사회적 가치 창출을 목적으로 농업인 및 농업 부문에 대한 재정 지원에 전액 활용될 예정이다. 5년 단일 트렌치로 발행된 채권의 신용등급은 A1(무디스)·A+(S&P)로, 금리는 4.95%로 확정됐다. 이번 발행은 162개 기관으로부터 모집액의 4배에 달하는 25억불 주문을 받았다.KB국민은행은 소비자금융 단계적 폐지에 따른 금융소비자 불편 최소화 및 편의 제고를 위해 한국씨티은행과 '한국씨티은행거래 고객 편의 제고'를 위한 업무 제휴 협약을 체결했다. 이번 협약을 통해 기존 씨티은행 거래 고객은 향후 국민은행에서 상품 및 서비스(△주요 금융상품 △거래외국환 은행 지정 △대여금고 등) 이용이 가능하며 관련 내용은 씨티은행 영업점 내 국민은행 데스크 운영을 통해 안내한다. 업무 제휴는 오는 7월 3일 시작될 예정이다."
605024,"연간 수수료만 '700억원' 삼성페이, 유료화 수순 초읽기",전대현 기자,2023.06.27 09:53:19,"[프라임경제] 삼성전자(005930)가 카드사에 삼성페이 수수료를 부과하되 상생 방안을 추진하는 안을 검토하고 있는 것으로 알려졌다.27일 업계에 따르면 삼성전자는 카드사에 삼성페이 관련 수수료를 부과하고, 각 사 기여도에 따라 일부 금액을 공동 마케팅 금액으로 지원하는 안을 고려 중이다. 애플이 현대카드를 상대로 수수료를 부과하자 경쟁업체인 삼성전자 입장에서도 유료화를 고려해야 할 상황에 처했기 때문이다.이에 삼성전자는 최근 카드사와 개별협상을 이어가고 있다. 최근 이어진 논의 과정 중 카드사들의 어려움을 고려해 이같은 방안을 고려하고 있는 것으로 풀이된다.삼성전자가 삼성페이 유료화를 고심하고 있다. ⓒ 삼성전자상생 방안은 기존 결제망 업체 비자나 마스터사가 활용하는 방안과 비슷할 것으로 예상된다. 비자·마스터는 자사 브랜드를 이용하는 제휴사를 대상으로 브랜드 수수료를 부과한다. 대신 제휴사가 비자·마스터를 사용할 수 있게끔 마케팅 금액을 지원하고 있다.삼성페이가 애플페이과 동일한 수준인 0.15%의 수수료를 카드사에 부과한다면 카드사들은 연간 700억원가량의 수수료를 추가로 부담해야 한다.다만, 구체적인 수수료율은 아직 논의되지 않은 것으로 전해진다. 다만, 카드사 시장점유율이나 카드 결제 건수가 많을수록 수수료율이 낮아지는 슬라이딩 방식으로 수수료를 부과하는 방안이 유력할 것으로 보인다.한편, 삼성페이 수수료 부과로 카드사 수익성이 악화해 소비자 혜택 감소로 이어질 것이라는 우려가 나온다.업계 관계자는 ""8년간 무료로 제공해왔던 삼성페이에 수수료가 부과된다면 이는 곧 카드사 부담으로 이어지는 상황""이라며 ""카드사 혜택 감소로 이어질 가능성이 커 소비자 피해가 우려된다""고 말했다."
605634,우리은행 '조병규호' 공식 출항…조직개편 예고,장민태 기자,2023.07.03 15:33:11,"조병규 신임 우리은행장이 3일 임시주주총회에서 공식 취임했다. ⓒ 프라임경제 편집[프라임경제] 조병규 신임 우리은행장이 공식 취임한 뒤 영업 중심의 조직개편을 예고했다.3일 조 행장이 임시주주총회에서 우리은행장으로 공식 취임했다. 임기는 오는 2024년 12월말까지다. 조 행장은 우리은행 본점 첫 출근길에서 ""침체해 있던 인사·조직문화 등에 대해 임종룡 우리금융 회장 방향과 똑같이 생각하고 있다""고 말했다.이어 그는 ""열심히 일하는 직원들이 조직에서 인정받고 또 그런 것들이 성과로 직원들한테 돌아갈 수 있게 하겠다""며 ""임 회장과 잘 맞춰서 진행하려고 준비하고 있다""고 강조했다.조 행장은 개편 방향에 대해서도 임 화장과 동일한 방식을 언급했다. 앞서 임 회장은 지난달 30일 영업현장 중심의 인사권을 약속한 바 있다.조 행장은 ""7월초 인사를 통해 영업 중심으로 개편하고 대면채널에서도 직원들이 경쟁력을 가질 수 있도록 조직을 바꾸고 있다""며 ""현장에 모든 답이 있기에 직원들과 현장경영에 대해 소통을 강화하고 고객들 애로사항을 잘 해결하는 은행장이 되겠다""고 공언했다.아울러 조 행장은 본인의 강점인 '기업금융'을 우리은행 역량으로 강화하겠다는 의지를 표명했다.그는 ""제가 은행에서 제일 많이 했던 부분이 기업금융이고 우리은행 창립 이념이 '기업과 같이 하는 은행'이기도 하다""며 ""기업금융이 조금 약해졌는데, 최근 국가 경제가 신성장 산업으로 새로운 모멘텀을 만들려는 시점에 시중은행으로서 역할을 잘 준비하겠다""고 언급했다.한편, 조 행장은 취임 이후 첫 활동으로 오는 4일 인천 지역 영업점을 방문할 예정이다."
605057,[숏폼] 삼성페이 결국 유료화 '삼페식 상생'이란?,"전대현, 이수영 기자",2023.06.27 11:38:32,"[프라임경제] 삼성페이가 카드사를 상대로 수수료를 부과해 유료화하는 쪽으로 가닥을 잡았다. 애플이 현대카드를 상대로 수수료를 매기는 만큼 삼성전자가 굳이 무료를 고집할 이유가 사라졌기 때문인데. 대신 상생 방안을 내놓고 부담을 일부 상쇄하겠다는 것이다.지난 8년 동안 무료로 삼성페이를 활용해온 카드사들이 연간 700억원대의 수수료 부담을 안는다면 수익성 악화가 불 보듯 뻔해지는 상황. 결국 각종 혜택을 줄이는 식으로 소비자에게 이 부담을 떠넘길 가능성이 높다는 우려가 쏟아졌다.업계에 따르면 삼성전자는 카드사에 삼성페이 관련 수수료를 매기는 한편, 비자나 마스터카드처럼 각 사 기여도에 따라 일부 금액을 공동 마케팅 비용으로 지원하는 안을 고려 중이다.한편 삼성전자가 최근 카드사들과 개별협상에 나선 가운데 구체적인 수수료율은 아직 협상 테이블에 오르지 않은 것으로 전해졌다.다만 카드사별 점유율과 결제 건수가 많을수록 낮은 수수료율이 적용되는 슬라이딩 방식이 유력하다는 게 업계의 전언이다."
605958,"131개 상장사, 감사보고서 379회 정정…투명성 강화 지적",전대현 기자,2023.07.05 15:26:33,"[프라임경제] 국내 주식시장에 상장된 전체회사 중 131개사가 지난해 감사보고서를 정정한 것으로 파악됐다. 상장사들의 회계투명성을 더욱 강화해야 한다는 목소리가 나온다.5일 금융감독원에 따르면 지난해 전체 상장회사 2569개사 중 131개사가 총 379회 감사보고서를 정정했다. 코스피 상장사의 정정 횟수는 98회로 전년(169회) 대비 감소했다. 코스닥 상장사는 259회로 전년(227회)보다 늘었다.감사보고서는 정보이용자들의 의사결정에 중요한 정보로 꼽힌다. 이에 금감원은 지난해 2569개사의 감사보고서 정정현황을 분석하고 회계정보 이용자들이 활용할 수 있도록 분석결과 및 시사점을 안내했다.지난해 이뤄진 정정사항은 △재무제표 본문(273회, 72.0%) △주석(80회, 21.1%) △감사보고서 본문(26회, 6.9%) 순으로 나타났다.금융감독원은 지난해 전체 상장회사 2569개사 중 131개사가 총 379회 감사보고서를 정정했다고 밝혔다. ⓒ 연합뉴스재무제표 본문 정정은 전년(320회) 대비 47회 감소했지만, 주석 정정은 전년(60회) 대비 20회 증가했다. 개별(별도) 감사보고서 정정 중 감사의견 변경은 총 23건(21개사)으로 전년(19건, 15개사) 대비 4건(6개사) 늘어났다.금감원은 ""2021년과 비교했을 때 관련 제도가 점차 안착되고 있는 과정인 것으로 판단한다""면서도 ""감사인 지정제도를 통해 그간 관행적으로 해오던 재무제표 작성·검증 절차에 대해 새로운 시각으로 재점검할 수 있는 기회로 활용할 필요가 있다""고 말했다.감사보고서 정정을 통해 한정·의견거절에서 적정으로 변경된 비율은 91.3%다. 회사가 감사인에게 제출한 정정 재무제표에 대해 재감사를 통해 감사의견을 변경했다.적정에서 한정으로 변경된 건은 8.7%다. 과거 재무제표를 재작성했으나, 전임 감사인이 이에 대한 충분하고 적합한 감사증거를 입수하지 못했다고 판단한 사례들이다.최초 공시 후 정정까지의 경과기간은 평균 23.4개월이다. 전년(18.5개월) 대비 4.9개월 증가했다. 외부감사 대상회사 전체 평균(12.1개월) 보다는 긴 편이다.금감원은 ""비적정 의견을 받는 회사 수는 53개사(잠정)로 지정감사인의 엄격한 회계감사 등의 사유로 정점을 기록한 2020년(71개사) 이후 감소하는 추세""라며 ""재무제표 수정을 통한 감사의견 변경 회사 수는 매년 지속 발생한다""고 설명했다.이어 ""이 과정에서 지정감사인의 엄격한 회계처리 기조로 인해 회사 및 전임 감사인과 마찰을 빚는 사례가 간혹 발생하고 있다""며 ""감사인은 감사절차 수행 과정에서 발견된 지적사항에 대해 회계처리기준 위반 근거 등을 회사 및 전임 감사인에게 명확히 제시하는 등 소통을 강화함으로써 불필요한 마찰을 최소화할 필요가 있다""고 첨언했다.한편, 금감원은 감사의견 정정현황 등을 주기적으로 점검해 재무제표 감리 자료로 활용할 계획이다. 시장 혼란을 야기하는 회사는 관련 부서와 연계해 엄정조치하겠다는 방침이다."
605261,대부업 이용자 15년만에 100만명 아래로…갈 곳 잃은 저신용자,이유진 기자,2023.06.28 18:03:43,"[프라임경제] 대부업 이용자가 지난해 말 기준 7만5000명 감소한 것으로 나타났다. 일부 저신용자가 대부업마저 이용하지 못해 불법 사금융으로 빠진 것으로 예상된다.28일 금융감독원이 발표한 '2022년 하반기 대부업 실태조사'에 따르면 지난해 말 대부업 이용자수는 98만9000명으로 6개월 전인 2분기말 대비 7만5000명 줄었다. 대부업 이용자수가 100만명 아래로 떨어진 것은 2008년 이후 약 15년만이다.금융감독원 사옥 전경. ⓒ 금융감독원대부업 대출잔액은 15조8678억원으로 2분기말 대비 86억원 감소했다. 이는 대형 대부업자의 신규대출 중단 때문이라는 게 금감원 측 설명이다.반면 대부 수요는 담보 대출 확대의 영향으로 지속적인 증가 추세를 보이고 있다. 지난해 말 대부이용자 1인당 평균 대출잔액은 1604만원으로 상반기 대비(1492만원) 112만원 늘었다.아울러 대부업 연체율은 △2020년 말 8.3% △2021년 상반기 7.3% △2021년 말 6.1%로 하락세를 지속해 왔으나 지난해 말 연체율은 7.3%로 상반기와 비교해 1.3%p 상승했다.금융당국은 ""신용이 열악한 저신용층이 대부업 시장으로부터 소외돼 불법 사금융 이용 증가로 이어질 수 있다""면서 ""대부업자가 채권 회수를 위해 불법추심을 강행할 가능성도 존재한다""고 우려를 표했다.이에 금융당국은 대부업 이용 저신용층 금융 애로 해소 및 불법사금융 피해 방지에 집중한다는 방침을 내세웠다.구체적으로는 대부업권의 저신용층 신용공급 현황 및 연체율 추이를 면밀히 모니터링하고 '서민금융 우수대부업자 제도' 내실화 등을 통해 저신용층에 대한 신용공급 확대를 유도할 계획이다.당국 관계자는 ""불법 사금융 광고를 단속 및 차단하고, 소액생계비대출 등 정책 서민금융 상품에 대한 홍보를 강화하겠다""고 덧붙였다."
605699,"""초우량 업체 도약"" 우리금융캐피탈, 정연기 대표이사 취임",전대현 기자,2023.07.03 18:27:37,"[프라임경제] 우리금융캐피탈은 정연기 신임 대표이사 취임식을 개최했다고 3일 밝혔다.우리금융 강남타워에서 열린 취임식에서 정연기 대표이사는 '2023년 경영목표 달성'과 '사업다각화와 선제적 리스크관리로 안정적 성장기반 구축'을 강조했다.정연기 대표이사는 ""2023년 경영목표 달성으로 시장의 판을 바꾸는 업계 초우량 캐피탈사로 도약하자""고 말했다.우리금융캐피탈은 우리금융 강남타워에서 정연기 신임 대표이사 취임식을 개최했다고 3일 밝혔다. ⓒ 우리금융캐피탈아울러 정 대표이사는 하반기 중점 추진과제로 △핵심사업 역량강화 △미래성장 동력 확보 △선제적 리스크관리 강화 △디지털 역량 및 그룹시너지 강화 △일하는 방식의 혁신을 제시했다.또 사업다각화를 위해 기업 및 투자금융 비중을 확대하겠다고 약속했다. 이를 위해 위험관리 업종에 대한 모니터링 강화와 시스템기반의 리스크관리 체계 구축 등 리스크관리에 임직원 역량을 집중할 것을 주문했다.한편, 정 대표이사는 1991년 우리은행에 입행 한 이후 △개인영업전략본부 본부장 △자산관리그룹 집행부행장보 △금융소비자보호그룹 집행부행장보 △중소기업그룹 집행부행장 등을 역임했다.다양한 업무를 맡으면서 여신심사·카드사업·전략·영업 등 다양한 업무 경험을 바탕으로 우리금융캐피탈의 사업 포트폴리오 다각화 등 중장기 전략을 성공적으로 이끌 수 있는 최적임자로 평가받고 있다."
605803,"""ESG경영 내재화"" 한화생명, 지속가능경영보고서 발간",이원지 기자,2023.07.04 15:58:28,"[프라임경제] 한화생명(088350)은 4일 ESG(환경·사회·지배구조)경영 성과와 향후 계획을 담은 '2023 지속가능경영보고서'를 발간했다. '지속가능한 내일을 위한 그린라이프 2030'을 목표로 환경·사회·지배구조 각 부문별 전략방향과 과제를 실천한 성과를 담았다.환경경영 성과로는 △업무시스템 디지털 전환 추진 △페이퍼리스 문화 조성 등으로 종이 사용량을 절감했다고 소개했다. 실제로 한화생명은 올해 전자약정시스템인 '한화 론 플래너'를 오픈했다. 또한, 소비자 맞춤형 약관 제작 시스템도 구축해 페이퍼리스 영업환경 조성에 힘쓰고 있다.한화생명은 2050년까지 탄소중립 달성을 목표로 기후변화 대응 전략을 수립해 경영활동에 반영하고 있다. 온실가스 배출량 등 데이터를 매년 산정해 공개하고 있다. 투자 결정 과정에서 재무적 요소뿐만 아니라 ESG요인도 고려하고 있다.한화생명은 4일 ESG경영 성과와 향후 계획을 담은 '2023 지속가능경영보고서'를 발간했다. ⓒ 한화생명사회경영 활동으로는 장애인 채용을 지속적으로 확대해 올해 법정장애인 의무 고용률을 100% 달성했다. 사회공헌활동, 소비자중심경영 활동을 통해 기업의 사회적 가치 구현을 강조했다.지배구조 선진화를 위한 여러 활동들도 소개했다. 한화생명은 거버넌스 체계를 개선하고 ESG 커뮤니케이션을 강화하는 등의 활동을 지속해왔다.  정보보안경영시스템 국제표준인 ISO27001 인증을 획득해 글로벌 수준의 정보보안체계를 운영 중이다.여승주 한화생명 대표이사는 ""ESG경영을 내재화하고 가속화함으로써 더 나은 환경과 사회를 만드는 데 앞장설 것""이라며 ""앞으로도 계속해서 다양한 이해관계자들과 소통하고 가치를 공유하며 더욱 신뢰받는 기업으로 성장해 나갈 것""이라고 말했다.한편, 한화생명은 2019년부터 매년 지속가능경영보고서를 발간하고 있다. 올해로 다섯 번째인 보고서는 지속가능경영 국제 표준 가이드라인인 GRI(Global Reporting Initiative) 기준과 미국 지속가능회계기준위원회(SASB) 기준을 준수해 객관성과 신뢰도를 높였다."
605565,"[카드] 하나금융그룹, 글로벌 인재 육성 위한 협약 체결",이유진 기자,2023.07.03 09:48:36,[프라임경제] 하나금융그룹(086790)이 인도네시아 사립 교육기관 비누스대학교(Binus University)와 글로벌 금융 인재 육성을 위한 협약을 체결했다고 3일 밝혔다.
605496,"[뱅크룸] KB국민은행, 2022 사회공헌백서 발간 외",이유진 기자,2023.06.30 16:33:29,"30일 뱅크룸. ⓒ프라임경제[프라임경제] KB국민은행(105560)은 '2022 KB국민은행 사회공헌백서'를 발간했다고 30일 밝혔다. 이날 NH농협은행은 11번가 할인쿠폰 이벤트를 실시한다고 발표했으며 IBK기업은행(024110)은 주택청약종합저축 청년 대상으로 금융바우처를 제공한다고 밝혔다.KB국민은행은 지난해 사회공헌활동을 기록한 '2022 사회공헌백서'를 발간했다. 이번 '백서에는 △KB Dream Wave 2030 △함께 그린 내일 △세상을 바꾸는 나눔 등이 기록됐다. 구체적 내용은 △학습·진로·지원 분야 프로그램 지원 △친환경 사회공헌 활동 △상생금융 실천 등이다. 국민은행은 종이 사용량 절감을 위해 보고서를 온라인으로 배포할 예정이며, KB국민은행 홈페이지에서 확인이 가능하다.NH농협은행은 7월 한 달간 11번가에서 농협계좌로 SK페이 간편결제시 결제액 30%를 할인해주는 이벤트를 실시한다. 이벤트 참여는 11번가 이벤트 페이지에서 해당 프로모션 쿠폰 발급 후 농협계좌로 SK페이 간편결제(1만원 이상)를 진행하면 할인이 적용된다. 이벤트는 선착순으로 혜택이 적용되며 한도 소진시 조기종료될 예정이다.IBK기업은행은 주택청약종합저축에 신규 가입하는 청년을 대상으로 금융바우처와 함께 다양한 경품을 제공하는 이벤트를 시행한다. 대상은 20세~30세(1994년~2004년생) 신규가입 청년이다. 대상자는 기업은행 모바일뱅킹에서 금융바우처(1만원)를 발급받아 사용할 수 있다. 또 8월말까지 마케팅활용 동의 청년고객 중 추첨을 통해 △맥북프로 △에어팟맥스 △GS25 상품권 등도 제공할 예정이다."
606071,"[카드] 아이브 안유진, 대전하나시티즌 홈경기 시축",장민태 기자,2023.07.06 11:35:28,[프라임경제] 걸그룹 아이브의 안유진이 7월12일 대전하나시티즌 홈경기에서 시축자로 나선다.
605380,"KB금융, 금융지원 프로그램 가동…장마철 피해 대비",이유진 기자,2023.06.29 16:56:51,"[프라임경제] KB금융그룹(105560)이 장마철 자연재해 피해 발생에 대비해 금융지원 프로그램을 운영한다고 29일 밝혔다.KB금융에 따르면 올해 긴 장마·엘니뇨 현상 등으로 인한 기상이변이 예상된다. 이에 따른 피해가 발생했을 때 신속한 지원이 이뤄질 수 있도록 미리 프로그램을 운영한다는 게 KB금융 측 설명이다.서울시 전역에 호우주의보가 내려진 29일 오후 서울 강남역 인근에서 우산을 쓴 시민들이 이동하고 있다. ⓒ 연합뉴스이번 지원은 KB금융 계열사를 통한 △특별대출 △만기연장 △금리우대 △보험료·카드 결제대금 유예 등으로 구성됐다.지원 대상은 장마철 호우 등으로 피해를 본 수재민이다. 수재민은 지역 행정관청 등에서 '피해사실확인서'를 발급받아 피해 발생일 3개월 안에 지원을 신청하면 된다.먼저 KB국민은행이 피해금액 범위 이내에서 특별 대출을 지원한다. 개인은 긴급생활안정자금으로 최대 2000만원까지 대출받을 수 있다.기업(자영업자·중소기업 등)대출은 최고 1.0%p 특별우대금리와 함께 운전자금 최대 5억원 한도로 제공된다. 시설자금 목적으로는 피해 시설 복구를 위한 소요자금 범위 이내에서 제공된다.기존 대출금 만기가 3개월 이내일 경우 추가 원금상환 없이 가계대출은 1.5%p, 기업대출은 1.0%p 이내에서 우대금리를 적용받아 기한을 연장할 수 있다. 지원 대상자는 피해 발생일로부터 3개월 이내에 원리금을 정상 납입하면 연체이자 면제도 받을 수 있다.KB손해보험은 장기보험 고객을 대상으로 연체이자 없이 보험료 납입을 유예해 준다. 은행과 마찬가지로 기존 대출금이 만기에 도래했을 경우 지원 대상자는 추가 원금상환 없이 기한연장을 할 수 있다.KB국민카드는 신용카드 결제대금을 최대 6개월간 청구 유예해준다. 장기카드대출(카드론)에 대해서는 △분할상환기간 변경 △거치기간 변경 등을 통해 대출금 상환 유예를 받을 수 있다.또 KB국민카드는 피해 발생일 이후 사용한 단기·장기카드대출의 수수료를 30% 할인해 줄 계획이다.KB금융 관계자는 ""가장 바라는 것은 자연재해로 인한 국민들의 피해가 발생하지 않는 것""이라며 ""혹시 모를 만일의 사태에 선제적으로 대비하고 신속하게 피해를 복구할 수 있도록 최선을 다해 지원하겠다""고 말했다.한편, KB금융은 자연재해로 인한 대규모 피해 발생 시 해당 지역에 △긴급 구호키트 △급식차 △세탁차 등을 신속하게 지원할 계획이다."
