,Url
0,http://www.newsprime.co.kr/news/article.html?no=601131&sec_no=99
1,http://www.newsprime.co.kr/news/article.html?no=599896&sec_no=99
2,http://www.newsprime.co.kr/news/article.html?no=573532&sec_no=99
3,http://www.newsprime.co.kr/news/article.html?no=571542&sec_no=99
4,http://www.newsprime.co.kr/news/article.html?no=570163&sec_no=99
5,http://www.newsprime.co.kr/news/article.html?no=569629&sec_no=99
6,http://www.newsprime.co.kr/news/article.html?no=568918&sec_no=99
7,http://www.newsprime.co.kr/news/article.html?no=568313&sec_no=99
8,http://www.newsprime.co.kr/news/article.html?no=567618&sec_no=99
9,http://www.newsprime.co.kr/news/article.html?no=567021&sec_no=99
10,http://www.newsprime.co.kr/news/article.html?no=483447&sec_no=99
11,http://www.newsprime.co.kr/news/article.html?no=445618&sec_no=99
12,http://www.newsprime.co.kr/news/article.html?no=442165&sec_no=99
13,http://www.newsprime.co.kr/news/article.html?no=413124&sec_no=99
14,http://www.newsprime.co.kr/news/article.html?no=413071&sec_no=99
15,http://www.newsprime.co.kr/news/article.html?no=412019&sec_no=99
16,http://www.newsprime.co.kr/news/article.html?no=410463&sec_no=99
17,http://www.newsprime.co.kr/news/article.html?no=408791&sec_no=99
18,http://www.newsprime.co.kr/news/article.html?no=406371&sec_no=99
19,http://www.newsprime.co.kr/news/article.html?no=404825&sec_no=99
20,http://www.newsprime.co.kr/news/article.html?no=397780&sec_no=99
21,http://www.newsprime.co.kr/news/article.html?no=397470&sec_no=99
22,http://www.newsprime.co.kr/news/article.html?no=397208&sec_no=99
23,http://www.newsprime.co.kr/news/article.html?no=396485&sec_no=99
24,http://www.newsprime.co.kr/news/article.html?no=396419&sec_no=99
25,http://www.newsprime.co.kr/news/article.html?no=395835&sec_no=99
26,http://www.newsprime.co.kr/news/article.html?no=395784&sec_no=99
27,http://www.newsprime.co.kr/news/article.html?no=382157&sec_no=99
28,http://www.newsprime.co.kr/news/article.html?no=381356&sec_no=99
29,http://www.newsprime.co.kr/news/article.html?no=378013&sec_no=99
30,http://www.newsprime.co.kr/news/article.html?no=375792&sec_no=99
31,http://www.newsprime.co.kr/news/article.html?no=375645&sec_no=99
32,http://www.newsprime.co.kr/news/article.html?no=375532&sec_no=99
33,http://www.newsprime.co.kr/news/article.html?no=375151&sec_no=99
34,http://www.newsprime.co.kr/news/article.html?no=374212&sec_no=99
35,http://www.newsprime.co.kr/news/article.html?no=374072&sec_no=99
36,http://www.newsprime.co.kr/news/article.html?no=373977&sec_no=99
37,http://www.newsprime.co.kr/news/article.html?no=372657&sec_no=99
38,http://www.newsprime.co.kr/news/article.html?no=370611&sec_no=99
39,http://www.newsprime.co.kr/news/article.html?no=370463&sec_no=99
40,http://www.newsprime.co.kr/news/article.html?no=366556&sec_no=99
41,http://www.newsprime.co.kr/news/article.html?no=366459&sec_no=99
42,http://www.newsprime.co.kr/news/article.html?no=365276&sec_no=99
43,http://www.newsprime.co.kr/news/article.html?no=364808&sec_no=99
44,http://www.newsprime.co.kr/news/article.html?no=363123&sec_no=99
45,http://www.newsprime.co.kr/news/article.html?no=361428&sec_no=99
46,http://www.newsprime.co.kr/news/article.html?no=361338&sec_no=99
47,http://www.newsprime.co.kr/news/article.html?no=360767&sec_no=99
48,http://www.newsprime.co.kr/news/article.html?no=359128&sec_no=99
49,http://www.newsprime.co.kr/news/article.html?no=359018&sec_no=99
50,http://www.newsprime.co.kr/news/article.html?no=355927&sec_no=99
51,http://www.newsprime.co.kr/news/article.html?no=355651&sec_no=99
52,http://www.newsprime.co.kr/news/article.html?no=352651&sec_no=99
53,http://www.newsprime.co.kr/news/article.html?no=352584&sec_no=99
54,http://www.newsprime.co.kr/news/article.html?no=352564&sec_no=99
55,http://www.newsprime.co.kr/news/article.html?no=347199&sec_no=99
56,http://www.newsprime.co.kr/news/article.html?no=346618&sec_no=99
57,http://www.newsprime.co.kr/news/article.html?no=340574&sec_no=99
58,http://www.newsprime.co.kr/news/article.html?no=340212&sec_no=99
59,http://www.newsprime.co.kr/news/article.html?no=335254&sec_no=99
60,http://www.newsprime.co.kr/news/article.html?no=334876&sec_no=99
61,http://www.newsprime.co.kr/news/article.html?no=334863&sec_no=99
62,http://www.newsprime.co.kr/news/article.html?no=334277&sec_no=99
63,http://www.newsprime.co.kr/news/article.html?no=333945&sec_no=99
64,http://www.newsprime.co.kr/news/article.html?no=329275&sec_no=99
65,http://www.newsprime.co.kr/news/article.html?no=329234&sec_no=99
66,http://www.newsprime.co.kr/news/article.html?no=329214&sec_no=99
67,http://www.newsprime.co.kr/news/article.html?no=324257&sec_no=99
68,http://www.newsprime.co.kr/news/article.html?no=323596&sec_no=99
69,http://www.newsprime.co.kr/news/article.html?no=323191&sec_no=99
70,http://www.newsprime.co.kr/news/article.html?no=322386&sec_no=99
71,http://www.newsprime.co.kr/news/article.html?no=320789&sec_no=99
72,http://www.newsprime.co.kr/news/article.html?no=317296&sec_no=99
73,http://www.newsprime.co.kr/news/article.html?no=316866&sec_no=99
74,http://www.newsprime.co.kr/news/article.html?no=310973&sec_no=99
75,http://www.newsprime.co.kr/news/article.html?no=309277&sec_no=99
76,http://www.newsprime.co.kr/news/article.html?no=308983&sec_no=99
77,http://www.newsprime.co.kr/news/article.html?no=307491&sec_no=99
78,http://www.newsprime.co.kr/news/article.html?no=306953&sec_no=99
79,http://www.newsprime.co.kr/news/article.html?no=306412&sec_no=99
80,http://www.newsprime.co.kr/news/article.html?no=305942&sec_no=99
81,http://www.newsprime.co.kr/news/article.html?no=305481&sec_no=99
82,http://www.newsprime.co.kr/news/article.html?no=305319&sec_no=99
83,http://www.newsprime.co.kr/news/article.html?no=303436&sec_no=99
84,http://www.newsprime.co.kr/news/article.html?no=301819&sec_no=99
85,http://www.newsprime.co.kr/news/article.html?no=300665&sec_no=99
86,http://www.newsprime.co.kr/news/article.html?no=299864&sec_no=99
87,http://www.newsprime.co.kr/news/article.html?no=298822&sec_no=99
88,http://www.newsprime.co.kr/news/article.html?no=298697&sec_no=99
89,http://www.newsprime.co.kr/news/article.html?no=298619&sec_no=99
90,http://www.newsprime.co.kr/news/article.html?no=297949&sec_no=99
91,http://www.newsprime.co.kr/news/article.html?no=297022&sec_no=99
92,http://www.newsprime.co.kr/news/article.html?no=296628&sec_no=99
93,http://www.newsprime.co.kr/news/article.html?no=296277&sec_no=99
94,http://www.newsprime.co.kr/news/article.html?no=295742&sec_no=99
95,http://www.newsprime.co.kr/news/article.html?no=294804&sec_no=99
96,http://www.newsprime.co.kr/news/article.html?no=294463&sec_no=99
97,http://www.newsprime.co.kr/news/article.html?no=292882&sec_no=99
98,http://www.newsprime.co.kr/news/article.html?no=292595&sec_no=99
99,http://www.newsprime.co.kr/news/article.html?no=292290&sec_no=99
100,http://www.newsprime.co.kr/news/article.html?no=291824&sec_no=99
101,http://www.newsprime.co.kr/news/article.html?no=291222&sec_no=99
102,http://www.newsprime.co.kr/news/article.html?no=289741&sec_no=99
103,http://www.newsprime.co.kr/news/article.html?no=288717&sec_no=99
104,http://www.newsprime.co.kr/news/article.html?no=287881&sec_no=99
105,http://www.newsprime.co.kr/news/article.html?no=287606&sec_no=99
106,http://www.newsprime.co.kr/news/article.html?no=287112&sec_no=99
107,http://www.newsprime.co.kr/news/article.html?no=286752&sec_no=99
108,http://www.newsprime.co.kr/news/article.html?no=286676&sec_no=99
109,http://www.newsprime.co.kr/news/article.html?no=285832&sec_no=99
110,http://www.newsprime.co.kr/news/article.html?no=285686&sec_no=99
111,http://www.newsprime.co.kr/news/article.html?no=285377&sec_no=99
112,http://www.newsprime.co.kr/news/article.html?no=284806&sec_no=99
113,http://www.newsprime.co.kr/news/article.html?no=284512&sec_no=99
114,http://www.newsprime.co.kr/news/article.html?no=283107&sec_no=99
115,http://www.newsprime.co.kr/news/article.html?no=282798&sec_no=99
116,http://www.newsprime.co.kr/news/article.html?no=282691&sec_no=99
117,http://www.newsprime.co.kr/news/article.html?no=282361&sec_no=99
118,http://www.newsprime.co.kr/news/article.html?no=281651&sec_no=99
119,http://www.newsprime.co.kr/news/article.html?no=281426&sec_no=99
120,http://www.newsprime.co.kr/news/article.html?no=281424&sec_no=99
121,http://www.newsprime.co.kr/news/article.html?no=281316&sec_no=99
122,http://www.newsprime.co.kr/news/article.html?no=281249&sec_no=99
123,http://www.newsprime.co.kr/news/article.html?no=281128&sec_no=99
124,http://www.newsprime.co.kr/news/article.html?no=280793&sec_no=99
125,http://www.newsprime.co.kr/news/article.html?no=280767&sec_no=99
126,http://www.newsprime.co.kr/news/article.html?no=280592&sec_no=99
127,http://www.newsprime.co.kr/news/article.html?no=280426&sec_no=99
128,http://www.newsprime.co.kr/news/article.html?no=280425&sec_no=99
129,http://www.newsprime.co.kr/news/article.html?no=280377&sec_no=99
130,http://www.newsprime.co.kr/news/article.html?no=280066&sec_no=99
131,http://www.newsprime.co.kr/news/article.html?no=280046&sec_no=99
132,http://www.newsprime.co.kr/news/article.html?no=279902&sec_no=99
133,http://www.newsprime.co.kr/news/article.html?no=279542&sec_no=99
134,http://www.newsprime.co.kr/news/article.html?no=279509&sec_no=99
135,http://www.newsprime.co.kr/news/article.html?no=279314&sec_no=99
136,http://www.newsprime.co.kr/news/article.html?no=279047&sec_no=99
137,http://www.newsprime.co.kr/news/article.html?no=278861&sec_no=99
138,http://www.newsprime.co.kr/news/article.html?no=277428&sec_no=99
139,http://www.newsprime.co.kr/news/article.html?no=277049&sec_no=99
140,http://www.newsprime.co.kr/news/article.html?no=276998&sec_no=99
141,http://www.newsprime.co.kr/news/article.html?no=276810&sec_no=99
142,http://www.newsprime.co.kr/news/article.html?no=276117&sec_no=99
143,http://www.newsprime.co.kr/news/article.html?no=274762&sec_no=99
144,http://www.newsprime.co.kr/news/article.html?no=274621&sec_no=99
145,http://www.newsprime.co.kr/news/article.html?no=273942&sec_no=99
146,http://www.newsprime.co.kr/news/article.html?no=272478&sec_no=99
147,http://www.newsprime.co.kr/news/article.html?no=272474&sec_no=99
148,http://www.newsprime.co.kr/news/article.html?no=272380&sec_no=99
149,http://www.newsprime.co.kr/news/article.html?no=272348&sec_no=99
150,http://www.newsprime.co.kr/news/article.html?no=270294&sec_no=99
151,http://www.newsprime.co.kr/news/article.html?no=270249&sec_no=99
152,http://www.newsprime.co.kr/news/article.html?no=269324&sec_no=99
153,http://www.newsprime.co.kr/news/article.html?no=269054&sec_no=99
154,http://www.newsprime.co.kr/news/article.html?no=268778&sec_no=99
155,http://www.newsprime.co.kr/news/article.html?no=268683&sec_no=99
156,http://www.newsprime.co.kr/news/article.html?no=268541&sec_no=99
157,http://www.newsprime.co.kr/news/article.html?no=268106&sec_no=99
158,http://www.newsprime.co.kr/news/article.html?no=262064&sec_no=99
159,http://www.newsprime.co.kr/news/article.html?no=261189&sec_no=99
160,http://www.newsprime.co.kr/news/article.html?no=260728&sec_no=99
161,http://www.newsprime.co.kr/news/article.html?no=260446&sec_no=99
162,http://www.newsprime.co.kr/news/article.html?no=256740&sec_no=99
163,http://www.newsprime.co.kr/news/article.html?no=256490&sec_no=99
164,http://www.newsprime.co.kr/news/article.html?no=254755&sec_no=99
165,http://www.newsprime.co.kr/news/article.html?no=246680&sec_no=99
166,http://www.newsprime.co.kr/news/article.html?no=245465&sec_no=99
167,http://www.newsprime.co.kr/news/article.html?no=237162&sec_no=99
168,http://www.newsprime.co.kr/news/article.html?no=236795&sec_no=99
169,http://www.newsprime.co.kr/news/article.html?no=235936&sec_no=99
170,http://www.newsprime.co.kr/news/article.html?no=232255&sec_no=99
171,http://www.newsprime.co.kr/news/article.html?no=231564&sec_no=99
172,http://www.newsprime.co.kr/news/article.html?no=228354&sec_no=99
173,http://www.newsprime.co.kr/news/article.html?no=224400&sec_no=99
174,http://www.newsprime.co.kr/news/article.html?no=223482&sec_no=99
175,http://www.newsprime.co.kr/news/article.html?no=222926&sec_no=99
176,http://www.newsprime.co.kr/news/article.html?no=222343&sec_no=99
177,http://www.newsprime.co.kr/news/article.html?no=222161&sec_no=99
178,http://www.newsprime.co.kr/news/article.html?no=220205&sec_no=99
179,http://www.newsprime.co.kr/news/article.html?no=216664&sec_no=99
180,http://www.newsprime.co.kr/news/article.html?no=215440&sec_no=99
181,http://www.newsprime.co.kr/news/article.html?no=214240&sec_no=99
182,http://www.newsprime.co.kr/news/article.html?no=213279&sec_no=99
183,http://www.newsprime.co.kr/news/article.html?no=210453&sec_no=99
184,http://www.newsprime.co.kr/news/article.html?no=208941&sec_no=99
185,http://www.newsprime.co.kr/news/article.html?no=208266&sec_no=99
186,http://www.newsprime.co.kr/news/article.html?no=207351&sec_no=99
187,http://www.newsprime.co.kr/news/article.html?no=206856&sec_no=99
188,http://www.newsprime.co.kr/news/article.html?no=205540&sec_no=99
189,http://www.newsprime.co.kr/news/article.html?no=203304&sec_no=99
190,http://www.newsprime.co.kr/news/article.html?no=202927&sec_no=99
191,http://www.newsprime.co.kr/news/article.html?no=201264&sec_no=99
192,http://www.newsprime.co.kr/news/article.html?no=198947&sec_no=99
193,http://www.newsprime.co.kr/news/article.html?no=198435&sec_no=99
194,http://www.newsprime.co.kr/news/article.html?no=197991&sec_no=99
195,http://www.newsprime.co.kr/news/article.html?no=197432&sec_no=99
196,http://www.newsprime.co.kr/news/article.html?no=194672&sec_no=99
197,http://www.newsprime.co.kr/news/article.html?no=194650&sec_no=99
198,http://www.newsprime.co.kr/news/article.html?no=193643&sec_no=99
199,http://www.newsprime.co.kr/news/article.html?no=193252&sec_no=99
200,http://www.newsprime.co.kr/news/article.html?no=191460&sec_no=99
201,http://www.newsprime.co.kr/news/article.html?no=188915&sec_no=99
202,http://www.newsprime.co.kr/news/article.html?no=188122&sec_no=99
203,http://www.newsprime.co.kr/news/article.html?no=186686&sec_no=99
204,http://www.newsprime.co.kr/news/article.html?no=186629&sec_no=99
205,http://www.newsprime.co.kr/news/article.html?no=185446&sec_no=99
206,http://www.newsprime.co.kr/news/article.html?no=184649&sec_no=99
207,http://www.newsprime.co.kr/news/article.html?no=183346&sec_no=99
208,http://www.newsprime.co.kr/news/article.html?no=182090&sec_no=99
209,http://www.newsprime.co.kr/news/article.html?no=180266&sec_no=99
210,http://www.newsprime.co.kr/news/article.html?no=178499&sec_no=99
211,http://www.newsprime.co.kr/news/article.html?no=178066&sec_no=99
212,http://www.newsprime.co.kr/news/article.html?no=174686&sec_no=99
213,http://www.newsprime.co.kr/news/article.html?no=172008&sec_no=99
214,http://www.newsprime.co.kr/news/article.html?no=171737&sec_no=99
215,http://www.newsprime.co.kr/news/article.html?no=168267&sec_no=99
216,http://www.newsprime.co.kr/news/article.html?no=168154&sec_no=99
217,http://www.newsprime.co.kr/news/article.html?no=166694&sec_no=99
218,http://www.newsprime.co.kr/news/article.html?no=166495&sec_no=99
219,http://www.newsprime.co.kr/news/article.html?no=164858&sec_no=99
220,http://www.newsprime.co.kr/news/article.html?no=163390&sec_no=99
221,http://www.newsprime.co.kr/news/article.html?no=163307&sec_no=99
222,http://www.newsprime.co.kr/news/article.html?no=161336&sec_no=99
223,http://www.newsprime.co.kr/news/article.html?no=160383&sec_no=99
224,http://www.newsprime.co.kr/news/article.html?no=156112&sec_no=99
225,http://www.newsprime.co.kr/news/article.html?no=153638&sec_no=99
226,http://www.newsprime.co.kr/news/article.html?no=151046&sec_no=99
227,http://www.newsprime.co.kr/news/article.html?no=148216&sec_no=99
228,http://www.newsprime.co.kr/news/article.html?no=145302&sec_no=99
229,http://www.newsprime.co.kr/news/article.html?no=144473&sec_no=99
230,http://www.newsprime.co.kr/news/article.html?no=141348&sec_no=99
231,http://www.newsprime.co.kr/news/article.html?no=136962&sec_no=99
232,http://www.newsprime.co.kr/news/article.html?no=135135&sec_no=99
233,http://www.newsprime.co.kr/news/article.html?no=134928&sec_no=99
234,http://www.newsprime.co.kr/news/article.html?no=133195&sec_no=99
235,http://www.newsprime.co.kr/news/article.html?no=130827&sec_no=99
236,http://www.newsprime.co.kr/news/article.html?no=130155&sec_no=99
237,http://www.newsprime.co.kr/news/article.html?no=129155&sec_no=99
238,http://www.newsprime.co.kr/news/article.html?no=128348&sec_no=99
239,http://www.newsprime.co.kr/news/article.html?no=128291&sec_no=99
240,http://www.newsprime.co.kr/news/article.html?no=127531&sec_no=99
241,http://www.newsprime.co.kr/news/article.html?no=124490&sec_no=99
242,http://www.newsprime.co.kr/news/article.html?no=123439&sec_no=99
243,http://www.newsprime.co.kr/news/article.html?no=123304&sec_no=99
244,http://www.newsprime.co.kr/news/article.html?no=121914&sec_no=99
245,http://www.newsprime.co.kr/news/article.html?no=120704&sec_no=99
246,http://www.newsprime.co.kr/news/article.html?no=120185&sec_no=99
247,http://www.newsprime.co.kr/news/article.html?no=116524&sec_no=99
248,http://www.newsprime.co.kr/news/article.html?no=115799&sec_no=99
249,http://www.newsprime.co.kr/news/article.html?no=114837&sec_no=99
250,http://www.newsprime.co.kr/news/article.html?no=113942&sec_no=99
251,http://www.newsprime.co.kr/news/article.html?no=110055&sec_no=99
252,http://www.newsprime.co.kr/news/article.html?no=109544&sec_no=99
253,http://www.newsprime.co.kr/news/article.html?no=109264&sec_no=99
254,http://www.newsprime.co.kr/news/article.html?no=107352&sec_no=99
255,http://www.newsprime.co.kr/news/article.html?no=106864&sec_no=99
256,http://www.newsprime.co.kr/news/article.html?no=106186&sec_no=99
257,http://www.newsprime.co.kr/news/article.html?no=105614&sec_no=99
258,http://www.newsprime.co.kr/news/article.html?no=105489&sec_no=99
259,http://www.newsprime.co.kr/news/article.html?no=104130&sec_no=99
260,http://www.newsprime.co.kr/news/article.html?no=103508&sec_no=99
261,http://www.newsprime.co.kr/news/article.html?no=102717&sec_no=99
262,http://www.newsprime.co.kr/news/article.html?no=99899&sec_no=99
263,http://www.newsprime.co.kr/news/article.html?no=98375&sec_no=99
264,http://www.newsprime.co.kr/news/article.html?no=98160&sec_no=99
265,http://www.newsprime.co.kr/news/article.html?no=97192&sec_no=99
266,http://www.newsprime.co.kr/news/article.html?no=96456&sec_no=99
267,http://www.newsprime.co.kr/news/article.html?no=95174&sec_no=99
268,http://www.newsprime.co.kr/news/article.html?no=95047&sec_no=99
269,http://www.newsprime.co.kr/news/article.html?no=94826&sec_no=99
270,http://www.newsprime.co.kr/news/article.html?no=94754&sec_no=99
271,http://www.newsprime.co.kr/news/article.html?no=94455&sec_no=99
272,http://www.newsprime.co.kr/news/article.html?no=92352&sec_no=99
273,http://www.newsprime.co.kr/news/article.html?no=89733&sec_no=99
274,http://www.newsprime.co.kr/news/article.html?no=87271&sec_no=99
275,http://www.newsprime.co.kr/news/article.html?no=86908&sec_no=99
276,http://www.newsprime.co.kr/news/article.html?no=85724&sec_no=99
277,http://www.newsprime.co.kr/news/article.html?no=85659&sec_no=99
278,http://www.newsprime.co.kr/news/article.html?no=85436&sec_no=99
279,http://www.newsprime.co.kr/news/article.html?no=84987&sec_no=99
280,http://www.newsprime.co.kr/news/article.html?no=84477&sec_no=99
281,http://www.newsprime.co.kr/news/article.html?no=84389&sec_no=99
282,http://www.newsprime.co.kr/news/article.html?no=84161&sec_no=99
283,http://www.newsprime.co.kr/news/article.html?no=83875&sec_no=99
284,http://www.newsprime.co.kr/news/article.html?no=83709&sec_no=99
285,http://www.newsprime.co.kr/news/article.html?no=83321&sec_no=99
286,http://www.newsprime.co.kr/news/article.html?no=82823&sec_no=99
287,http://www.newsprime.co.kr/news/article.html?no=82550&sec_no=99
288,http://www.newsprime.co.kr/news/article.html?no=80246&sec_no=99
289,http://www.newsprime.co.kr/news/article.html?no=80145&sec_no=99
290,http://www.newsprime.co.kr/news/article.html?no=79304&sec_no=99
291,http://www.newsprime.co.kr/news/article.html?no=79094&sec_no=99
292,http://www.newsprime.co.kr/news/article.html?no=77832&sec_no=99
293,http://www.newsprime.co.kr/news/article.html?no=77439&sec_no=99
294,http://www.newsprime.co.kr/news/article.html?no=77189&sec_no=99
295,http://www.newsprime.co.kr/news/article.html?no=76968&sec_no=99
296,http://www.newsprime.co.kr/news/article.html?no=76823&sec_no=99
297,http://www.newsprime.co.kr/news/article.html?no=76593&sec_no=99
298,http://www.newsprime.co.kr/news/article.html?no=76398&sec_no=99
299,http://www.newsprime.co.kr/news/article.html?no=75645&sec_no=99
300,http://www.newsprime.co.kr/news/article.html?no=75022&sec_no=99
301,http://www.newsprime.co.kr/news/article.html?no=62180&sec_no=99
302,http://www.newsprime.co.kr/news/article.html?no=61965&sec_no=99
303,http://www.newsprime.co.kr/news/article.html?no=60270&sec_no=99
304,http://www.newsprime.co.kr/news/article.html?no=59169&sec_no=99
305,http://www.newsprime.co.kr/news/article.html?no=58514&sec_no=99
306,http://www.newsprime.co.kr/news/article.html?no=57983&sec_no=99
307,http://www.newsprime.co.kr/news/article.html?no=57885&sec_no=99
308,http://www.newsprime.co.kr/news/article.html?no=57615&sec_no=99
309,http://www.newsprime.co.kr/news/article.html?no=57127&sec_no=99
310,http://www.newsprime.co.kr/news/article.html?no=56903&sec_no=99
311,http://www.newsprime.co.kr/news/article.html?no=56579&sec_no=99
312,http://www.newsprime.co.kr/news/article.html?no=55871&sec_no=99
313,http://www.newsprime.co.kr/news/article.html?no=55203&sec_no=99
314,http://www.newsprime.co.kr/news/article.html?no=54117&sec_no=99
315,http://www.newsprime.co.kr/news/article.html?no=53956&sec_no=99
316,http://www.newsprime.co.kr/news/article.html?no=53786&sec_no=99
317,http://www.newsprime.co.kr/news/article.html?no=49722&sec_no=99
318,http://www.newsprime.co.kr/news/article.html?no=49449&sec_no=99
319,http://www.newsprime.co.kr/news/article.html?no=49020&sec_no=99
320,http://www.newsprime.co.kr/news/article.html?no=47970&sec_no=99
321,http://www.newsprime.co.kr/news/article.html?no=47245&sec_no=99
322,http://www.newsprime.co.kr/news/article.html?no=47208&sec_no=99
323,http://www.newsprime.co.kr/news/article.html?no=47016&sec_no=99
324,http://www.newsprime.co.kr/news/article.html?no=46528&sec_no=99
325,http://www.newsprime.co.kr/news/article.html?no=46404&sec_no=99
326,http://www.newsprime.co.kr/news/article.html?no=46192&sec_no=99
327,http://www.newsprime.co.kr/news/article.html?no=46017&sec_no=99
328,http://www.newsprime.co.kr/news/article.html?no=45964&sec_no=99
329,http://www.newsprime.co.kr/news/article.html?no=45830&sec_no=99
330,http://www.newsprime.co.kr/news/article.html?no=45676&sec_no=99
331,http://www.newsprime.co.kr/news/article.html?no=45601&sec_no=99
332,http://www.newsprime.co.kr/news/article.html?no=45473&sec_no=99
333,http://www.newsprime.co.kr/news/article.html?no=45380&sec_no=99
334,http://www.newsprime.co.kr/news/article.html?no=45172&sec_no=99
335,http://www.newsprime.co.kr/news/article.html?no=45121&sec_no=99
336,http://www.newsprime.co.kr/news/article.html?no=44937&sec_no=99
337,http://www.newsprime.co.kr/news/article.html?no=44826&sec_no=99
338,http://www.newsprime.co.kr/news/article.html?no=44767&sec_no=99
339,http://www.newsprime.co.kr/news/article.html?no=44480&sec_no=99
340,http://www.newsprime.co.kr/news/article.html?no=44342&sec_no=99
341,http://www.newsprime.co.kr/news/article.html?no=44329&sec_no=99
342,http://www.newsprime.co.kr/news/article.html?no=44197&sec_no=99
343,http://www.newsprime.co.kr/news/article.html?no=44066&sec_no=99
344,http://www.newsprime.co.kr/news/article.html?no=44036&sec_no=99
345,http://www.newsprime.co.kr/news/article.html?no=43937&sec_no=99
346,http://www.newsprime.co.kr/news/article.html?no=43876&sec_no=99
347,http://www.newsprime.co.kr/news/article.html?no=43728&sec_no=99
348,http://www.newsprime.co.kr/news/article.html?no=43539&sec_no=99
349,http://www.newsprime.co.kr/news/article.html?no=43513&sec_no=99
350,http://www.newsprime.co.kr/news/article.html?no=43416&sec_no=99
351,http://www.newsprime.co.kr/news/article.html?no=43347&sec_no=99
352,http://www.newsprime.co.kr/news/article.html?no=43259&sec_no=99
353,http://www.newsprime.co.kr/news/article.html?no=43205&sec_no=99
354,http://www.newsprime.co.kr/news/article.html?no=43203&sec_no=99
355,http://www.newsprime.co.kr/news/article.html?no=43190&sec_no=99
356,http://www.newsprime.co.kr/news/article.html?no=43159&sec_no=99
357,http://www.newsprime.co.kr/news/article.html?no=43087&sec_no=99
358,http://www.newsprime.co.kr/news/article.html?no=43025&sec_no=99
359,http://www.newsprime.co.kr/news/article.html?no=42982&sec_no=99
360,http://www.newsprime.co.kr/news/article.html?no=42918&sec_no=99
361,http://www.newsprime.co.kr/news/article.html?no=42816&sec_no=99
362,http://www.newsprime.co.kr/news/article.html?no=42629&sec_no=99
363,http://www.newsprime.co.kr/news/article.html?no=42582&sec_no=99
364,http://www.newsprime.co.kr/news/article.html?no=42457&sec_no=99
365,http://www.newsprime.co.kr/news/article.html?no=42381&sec_no=99
366,http://www.newsprime.co.kr/news/article.html?no=42282&sec_no=99
367,http://www.newsprime.co.kr/news/article.html?no=42103&sec_no=99
368,http://www.newsprime.co.kr/news/article.html?no=42093&sec_no=99
369,http://www.newsprime.co.kr/news/article.html?no=42065&sec_no=99
370,http://www.newsprime.co.kr/news/article.html?no=42000&sec_no=99
371,http://www.newsprime.co.kr/news/article.html?no=41970&sec_no=99
372,http://www.newsprime.co.kr/news/article.html?no=41914&sec_no=99
373,http://www.newsprime.co.kr/news/article.html?no=41824&sec_no=99
374,http://www.newsprime.co.kr/news/article.html?no=41795&sec_no=99
375,http://www.newsprime.co.kr/news/article.html?no=41734&sec_no=99
376,http://www.newsprime.co.kr/news/article.html?no=41714&sec_no=99
377,http://www.newsprime.co.kr/news/article.html?no=41711&sec_no=99
378,http://www.newsprime.co.kr/news/article.html?no=41694&sec_no=99
379,http://www.newsprime.co.kr/news/article.html?no=41676&sec_no=99
380,http://www.newsprime.co.kr/news/article.html?no=41667&sec_no=99
381,http://www.newsprime.co.kr/news/article.html?no=41591&sec_no=99
382,http://www.newsprime.co.kr/news/article.html?no=41547&sec_no=99
383,http://www.newsprime.co.kr/news/article.html?no=41431&sec_no=99
384,http://www.newsprime.co.kr/news/article.html?no=41283&sec_no=99
385,http://www.newsprime.co.kr/news/article.html?no=41150&sec_no=99
386,http://www.newsprime.co.kr/news/article.html?no=41103&sec_no=99
387,http://www.newsprime.co.kr/news/article.html?no=40973&sec_no=99
388,http://www.newsprime.co.kr/news/article.html?no=40901&sec_no=99
389,http://www.newsprime.co.kr/news/article.html?no=40637&sec_no=99
390,http://www.newsprime.co.kr/news/article.html?no=40636&sec_no=99
391,http://www.newsprime.co.kr/news/article.html?no=40611&sec_no=99
392,http://www.newsprime.co.kr/news/article.html?no=40609&sec_no=99
